{"type":"FeatureCollection","features":[{"type":"Feature","geometry":{"type":"Point","coordinates":[6.62,52.86]},"properties":{"id":"e1a0579aeb3b","title":"Assen, Drenthe, 1590","date":"1590","datePrecision":"y","country":"Netherlands","region":"Drenthe","coordSource":"rc","source":"dcca","tags":["circle","ring"]}},{"type":"Feature","geometry":{"type":"Point","coordinates":[-94.31,46.28]},"properties":{"id":"f430bcf0639c","title":"Green Lake, Kandiyohi County (May-June 1909)","date":"1909","datePrecision":"y","country":"United States","region":"Minnesota","coordSource":"rc","source":"iccra","tags":["circle"]}},{"type":"Feature","geometry":{"type":"Point","coordinates":[-79.39,35.55]},"properties":{"id":"ed0a2376a749","title":"Unknown Area (November 1919)","date":"1919-11","datePrecision":"m","country":"United States","region":"North Carolina","coordSource":"rc","source":"iccra","tags":[]}},{"type":"Feature","geometry":{"type":"Point","coordinates":[-93.5,42.08]},"properties":{"id":"46931ce55ce3","title":"Mount Pleasant, Henry County (June 3, 1920)","date":"1920-06-03","datePrecision":"d","country":"United States","region":"Iowa","coordSource":"rc","source":"iccra","tags":["circle"]}},{"type":"Feature","geometry":{"type":"Point","coordinates":[-75.53,42.95]},"properties":{"id":"13723cba8d45","title":"[unknown] (1927?)","date":"1927","datePrecision":"y","country":"United States","region":"New York","coordSource":"rc","source":"iccra","tags":[]}},{"type":"Feature","geometry":{"type":"Point","coordinates":[-85.41,44.35]},"properties":{"id":"55b773e72247","title":"Manchester, Washtenaw County (1932)","date":"1932","datePrecision":"y","country":"United States","region":"Michigan","coordSource":"rc","source":"iccra","tags":["circle"]}},{"type":"Feature","geometry":{"type":"Point","coordinates":[-92.46,38.35]},"properties":{"id":"c5b115c0f465","title":"[unknown] (1935)","date":"1935","datePrecision":"y","country":"United States","region":"Missouri","coordSource":"rc","source":"iccra","tags":["ring"]}},{"type":"Feature","geometry":{"type":"Point","coordinates":[-120.45,47.38]},"properties":{"id":"f395b04b2f98","title":"Sacajawea / Pasco, Cowlitz County (1945)","date":"1945","datePrecision":"y","country":"United States","region":"Washington","coordSource":"rc","source":"iccra","tags":["ring"]}},{"type":"Feature","geometry":{"type":"Point","coordinates":[-92.46,38.35]},"properties":{"id":"2135d3353602","title":"Lamonte, Pettis County (1952)","date":"1952","datePrecision":"y","country":"United States","region":"Missouri","coordSource":"rc","source":"iccra","tags":["circle"]}},{"type":"Feature","geometry":{"type":"Point","coordinates":[-85.3,37.53]},"properties":{"id":"46f0b5d3970e","title":"Ashland, Boyd County (May 1952)","date":"1952-05","datePrecision":"m","country":"United States","region":"Kentucky","coordSource":"rc","source":"iccra","tags":[]}},{"type":"Feature","geometry":{"type":"Point","coordinates":[-82.45,28.63]},"properties":{"id":"1dbc1eecf732","title":"West Palm Beach, Palm Beach County (August 19, 1952)","date":"1952-08-19","datePrecision":"d","country":"United States","region":"Florida","coordSource":"rc","source":"iccra","tags":["circle","figure","text-code"]}},{"type":"Feature","geometry":{"type":"Point","coordinates":[-98.38,38.49]},"properties":{"id":"00a672b866a5","title":"Pittsburg, Crawford County (August 25, 1952)","date":"1952-08-25","datePrecision":"d","country":"United States","region":"Kansas","coordSource":"rc","source":"iccra","tags":["circle","ring"]}},{"type":"Feature","geometry":{"type":"Point","coordinates":[-79.39,35.55]},"properties":{"id":"d699a43b9322","title":"Lumberton, Robeson County (August 27, 1952)","date":"1952-08-27","datePrecision":"d","country":"United States","region":"North Carolina","coordSource":"rc","source":"iccra","tags":[]}},{"type":"Feature","geometry":{"type":"Point","coordinates":[-79.39,35.55]},"properties":{"id":"27d128c537ae","title":"Asheboro, Randolph County (August 18, 1953)","date":"1953-08-18","datePrecision":"d","country":"United States","region":"North Carolina","coordSource":"rc","source":"iccra","tags":["circle"]}},{"type":"Feature","geometry":{"type":"Point","coordinates":[-119.47,37.18]},"properties":{"id":"0a6e3e45494d","title":"Mt. Palomar Observatory, Palomar Mountain, Cleveland National Forest, San Diego County (Summer 1955)","date":"1955","datePrecision":"y","country":"United States","region":"California","coordSource":"rc","source":"iccra","tags":["circle"]}},{"type":"Feature","geometry":{"type":"Point","coordinates":[-72.73,41.62]},"properties":{"id":"87386f3d2a06","title":"Bethel, Fairfield County (Fall 1956)","date":"1956","datePrecision":"y","country":"United States","region":"Connecticut","coordSource":"rc","source":"iccra","tags":["circle"]}},{"type":"Feature","geometry":{"type":"Point","coordinates":[-74.67,40.19]},"properties":{"id":"77cca5a3f1b6","title":"Point Pleasant, Ocean County (Sept. 19, 1957)","date":"1957-09-19","datePrecision":"d","country":"United States","region":"New Jersey","coordSource":"rc","source":"iccra","tags":[]}},{"type":"Feature","geometry":{"type":"Point","coordinates":[-71.81,42.26]},"properties":{"id":"e9c5a7ac54bf","title":"South Lee, Berkshire County (Oct 24, 1957)","date":"1957-10-24","datePrecision":"d","country":"United States","region":"Massachusetts","coordSource":"rc","source":"iccra","tags":[]}},{"type":"Feature","geometry":{"type":"Point","coordinates":[-86.35,35.86]},"properties":{"id":"f8fee04bef55","title":"Dante, Knox County (Nov. 6, 1957)","date":"1957-11-06","datePrecision":"d","country":"United States","region":"Tennessee","coordSource":"rc","source":"iccra","tags":[]}},{"type":"Feature","geometry":{"type":"Point","coordinates":[-69.24,45.37]},"properties":{"id":"107561573bfc","title":"Turner, Androscoggin County (1959)","date":"1959","datePrecision":"y","country":"United States","region":"Maine","coordSource":"rc","source":"iccra","tags":["circle"]}},{"type":"Feature","geometry":{"type":"Point","coordinates":[-100.47,47.45]},"properties":{"id":"103657dae403","title":"Minot, Ward County (1962)","date":"1962","datePrecision":"y","country":"United States","region":"North Dakota","coordSource":"rc","source":"iccra","tags":["circle"]}},{"type":"Feature","geometry":{"type":"Point","coordinates":[-86.28,39.89]},"properties":{"id":"9de7c78569d6","title":"Rome, Perry County (Late June, 1964)","date":"1964","datePrecision":"y","country":"United States","region":"Indiana","coordSource":"rc","source":"iccra","tags":["circle","triangle"]}},{"type":"Feature","geometry":{"type":"Point","coordinates":[-120.56,43.93]},"properties":{"id":"a0ae3b322df5","title":"Hubbard, Marion County (May 18, 1964)","date":"1964-05-18","datePrecision":"d","country":"United States","region":"Oregon","coordSource":"rc","source":"iccra","tags":[]}},{"type":"Feature","geometry":{"type":"Point","coordinates":[-86.28,39.89]},"properties":{"id":"e966b8a78113","title":"Dale, Spencer County (June 14, 1964)","date":"1964-06-14","datePrecision":"d","country":"United States","region":"Indiana","coordSource":"rc","source":"iccra","tags":["circle"]}},{"type":"Feature","geometry":{"type":"Point","coordinates":[-75.53,42.95]},"properties":{"id":"1289b7a2fce6","title":"Conklin, Broome County (June 16, 1964)","date":"1964-06-16","datePrecision":"d","country":"United States","region":"New York","coordSource":"rc","source":"iccra","tags":[]}},{"type":"Feature","geometry":{"type":"Point","coordinates":[-86.28,39.89]},"properties":{"id":"3b472ef2bd1e","title":"Cannelton, Perry County (June 17, 1964)","date":"1964-06-17","datePrecision":"d","country":"United States","region":"Indiana","coordSource":"rc","source":"iccra","tags":["circle"]}},{"type":"Feature","geometry":{"type":"Point","coordinates":[-120.45,47.38]},"properties":{"id":"d26282ec02a8","title":"Moses Lake, Grant County (August 21, 1964)","date":"1964-08-21","datePrecision":"d","country":"United States","region":"Washington","coordSource":"rc","source":"iccra","tags":["ring"]}},{"type":"Feature","geometry":{"type":"Point","coordinates":[-74.67,40.19]},"properties":{"id":"bc869d38f852","title":"Glassboro, Gloucester County (September 4, 1964)","date":"1964-09-04","datePrecision":"d","country":"United States","region":"New Jersey","coordSource":"rc","source":"iccra","tags":[]}},{"type":"Feature","geometry":{"type":"Point","coordinates":[-71.81,42.26]},"properties":{"id":"6811ffc6418d","title":"Caner (?) (1965)","date":"1965","datePrecision":"y","country":"United States","region":"Massachusetts","coordSource":"rc","source":"iccra","tags":["circle"]}},{"type":"Feature","geometry":{"type":"Point","coordinates":[-71.58,43.68]},"properties":{"id":"70fea69ff2e5","title":"Jaffrey, Cheshire County (1965)","date":"1965","datePrecision":"y","country":"United States","region":"New Hampshire","coordSource":"rc","source":"iccra","tags":["ring"]}},{"type":"Feature","geometry":{"type":"Point","coordinates":[-120.45,47.38]},"properties":{"id":"a77fb8c014fe","title":"Custer, Whatcom County (January 12, 1965)","date":"1965-01-12","datePrecision":"d","country":"United States","region":"Washington","coordSource":"rc","source":"iccra","tags":["circle"]}},{"type":"Feature","geometry":{"type":"Point","coordinates":[-120.45,47.38]},"properties":{"id":"7a9b37badf6c","title":"Lynden, Whatcom County (January 12, 1965)","date":"1965-01-12","datePrecision":"d","country":"United States","region":"Washington","coordSource":"rc","source":"iccra","tags":["circle"]}},{"type":"Feature","geometry":{"type":"Point","coordinates":[-82.45,28.63]},"properties":{"id":"4f662c46592c","title":"Fort Myers-Everglades, Lee County (March 14, 1965)","date":"1965-03-14","datePrecision":"d","country":"United States","region":"Florida","coordSource":"rc","source":"iccra","tags":["circle"]}},{"type":"Feature","geometry":{"type":"Point","coordinates":[-85.41,44.35]},"properties":{"id":"eb00972c876b","title":"Escanaba, Delta County (July 24, 1965)","date":"1965-07-24","datePrecision":"d","country":"United States","region":"Michigan","coordSource":"rc","source":"iccra","tags":["circle"]}},{"type":"Feature","geometry":{"type":"Point","coordinates":[-100.23,44.44]},"properties":{"id":"4d16ede60016","title":"Veblen Township, Marshall County, South Dakota (August 11, 1965)","date":"1965-08-11","datePrecision":"d","country":"United States","region":"South Dakota","coordSource":"rc","source":"iccra","tags":["circle","pathway"]}},{"type":"Feature","geometry":{"type":"Point","coordinates":[-100.47,47.45]},"properties":{"id":"3bbd082ff57d","title":"Minot, Ward County (October 13, 1965)","date":"1965-10-13","datePrecision":"d","country":"United States","region":"North Dakota","coordSource":"rc","source":"iccra","tags":["circle","oval"]}},{"type":"Feature","geometry":{"type":"Point","coordinates":[-69.24,45.37]},"properties":{"id":"8016008c7ec5","title":"Palermo, Waldo County (November 10, 1965)","date":"1965-11-10","datePrecision":"d","country":"United States","region":"Maine","coordSource":"rc","source":"iccra","tags":[]}},{"type":"Feature","geometry":{"type":"Point","coordinates":[-78.85,37.52]},"properties":{"id":"877622d65115","title":"Waynesboro, Augusta County (December 21, 1965)","date":"1965-12-21","datePrecision":"d","country":"United States","region":"Virgina","coordSource":"rc","source":"iccra","tags":["cross"]}},{"type":"Feature","geometry":{"type":"Point","coordinates":[-71.58,43.68]},"properties":{"id":"47e668adb87e","title":"Unknown (1966)","date":"1966","datePrecision":"y","country":"United States","region":"New Hampshire","coordSource":"rc","source":"iccra","tags":["ring"]}},{"type":"Feature","geometry":{"type":"Point","coordinates":[-85.41,44.35]},"properties":{"id":"0f2467e63685","title":"Dearborn, Wayne County (April 1, 1966)","date":"1966-04-01","datePrecision":"d","country":"United States","region":"Michigan","coordSource":"rc","source":"iccra","tags":["circle"]}},{"type":"Feature","geometry":{"type":"Point","coordinates":[-86.28,39.89]},"properties":{"id":"c4d0c49abb78","title":"Middlebury, Elkhart County (June 22, 1966)","date":"1966-06-22","datePrecision":"d","country":"United States","region":"Indiana","coordSource":"rc","source":"iccra","tags":["oval"]}},{"type":"Feature","geometry":{"type":"Point","coordinates":[-92.46,38.35]},"properties":{"id":"1d44e0591523","title":"Springfield, Greene County (August 1, 1966)","date":"1966-08-01","datePrecision":"d","country":"United States","region":"Missouri","coordSource":"rc","source":"iccra","tags":["circle"]}},{"type":"Feature","geometry":{"type":"Point","coordinates":[-82.79,40.29]},"properties":{"id":"52406745a279","title":"Gallipolis, Gallia County (November 1966)","date":"1966-11","datePrecision":"m","country":"United States","region":"Ohio","coordSource":"rc","source":"iccra","tags":["circle"]}},{"type":"Feature","geometry":{"type":"Point","coordinates":[-107.55,42.99]},"properties":{"id":"846b5d4ecf3e","title":"Parkman, Sheridan County (November 15, 1966)","date":"1966-11-15","datePrecision":"d","country":"United States","region":"Wyoming","coordSource":"rc","source":"iccra","tags":["circle"]}},{"type":"Feature","geometry":{"type":"Point","coordinates":[-120.56,43.93]},"properties":{"id":"5bc5c91bbd74","title":"Monroe, Benton County (December 25, 1966)","date":"1966-12-25","datePrecision":"d","country":"United States","region":"Oregon","coordSource":"rc","source":"iccra","tags":["circle"]}},{"type":"Feature","geometry":{"type":"Point","coordinates":[-69.24,45.37]},"properties":{"id":"f532414de904","title":"Palermo, Waldo County (1967)","date":"1967","datePrecision":"y","country":"United States","region":"Maine","coordSource":"rc","source":"iccra","tags":["circle"]}},{"type":"Feature","geometry":{"type":"Point","coordinates":[-72.73,41.62]},"properties":{"id":"22fa149454d7","title":"Coventry, Tolland County (May 7, 1967)","date":"1967-05-07","datePrecision":"d","country":"United States","region":"Connecticut","coordSource":"rc","source":"iccra","tags":["circle"]}},{"type":"Feature","geometry":{"type":"Point","coordinates":[-77.8,40.88]},"properties":{"id":"28afd6ca71f0","title":"Harrisburg / Manor Hill, Huntington County (June 15, 1967)","date":"1967-06-15","datePrecision":"d","country":"United States","region":"Pennsylvania","coordSource":"rc","source":"iccra","tags":["oval","star"]}},{"type":"Feature","geometry":{"type":"Point","coordinates":[-72.73,41.62]},"properties":{"id":"cf136805cbc2","title":"Bethel, Fairfield County (June 25, 1967)","date":"1967-06-25","datePrecision":"d","country":"United States","region":"Connecticut","coordSource":"rc","source":"iccra","tags":[]}},{"type":"Feature","geometry":{"type":"Point","coordinates":[-72.73,41.62]},"properties":{"id":"c1770aea638f","title":"Danbury, Fairfield County (July 2, 1967)","date":"1967-07-02","datePrecision":"d","country":"United States","region":"Connecticut","coordSource":"rc","source":"iccra","tags":["oval"]}},{"type":"Feature","geometry":{"type":"Point","coordinates":[-72.73,41.62]},"properties":{"id":"fdfff0f371e4","title":"Southbury, New Haven County (August 15, 1967)","date":"1967-08-15","datePrecision":"d","country":"United States","region":"Connecticut","coordSource":"rc","source":"iccra","tags":["oval","ring"]}},{"type":"Feature","geometry":{"type":"Point","coordinates":[-105.55,38.99]},"properties":{"id":"d26178acfc88","title":"King Ranch, Alamosa, Alamosa County (September 9, 1967)","date":"1967-09-09","datePrecision":"d","country":"United States","region":"Colorado","coordSource":"rc","source":"iccra","tags":["circle"]}},{"type":"Feature","geometry":{"type":"Point","coordinates":[-75.53,42.95]},"properties":{"id":"f803cb807a01","title":"Ithaca, Thomkins County (October 20, 1967)","date":"1967-10-20","datePrecision":"d","country":"United States","region":"New York","coordSource":"rc","source":"iccra","tags":["circle","spiral"]}},{"type":"Feature","geometry":{"type":"Point","coordinates":[-99.8,41.54]},"properties":{"id":"7171713cc08f","title":"Ashland, Saunders County (December 3, 1967)","date":"1967-12-03","datePrecision":"d","country":"United States","region":"Nebraska","coordSource":"rc","source":"iccra","tags":["circle"]}},{"type":"Feature","geometry":{"type":"Point","coordinates":[-82.45,28.63]},"properties":{"id":"cec24598116c","title":"Williston, Levy County (1968)","date":"1968","datePrecision":"y","country":"United States","region":"Florida","coordSource":"rc","source":"iccra","tags":[]}},{"type":"Feature","geometry":{"type":"Point","coordinates":[-82.79,40.29]},"properties":{"id":"56687dbb4067","title":"Rush County (1968)","date":"1968","datePrecision":"y","country":"United States","region":"Ohio","coordSource":"rc","source":"iccra","tags":["triangle"]}},{"type":"Feature","geometry":{"type":"Point","coordinates":[-82.79,40.29]},"properties":{"id":"d0ba46a66496","title":"Meigs County (1968)","date":"1968","datePrecision":"y","country":"United States","region":"Ohio","coordSource":"rc","source":"iccra","tags":["circle"]}},{"type":"Feature","geometry":{"type":"Point","coordinates":[-80.9,33.92]},"properties":{"id":"da8f563b725b","title":"Anderson, Anderson County (1968)","date":"1968","datePrecision":"y","country":"United States","region":"South Carolina","coordSource":"rc","source":"iccra","tags":["circle"]}},{"type":"Feature","geometry":{"type":"Point","coordinates":[-99.33,31.48]},"properties":{"id":"c35b8cfa4188","title":"Fort Worth, Tarrant County (May 1968)","date":"1968-05","datePrecision":"m","country":"United States","region":"Texas","coordSource":"rc","source":"iccra","tags":["circle"]}},{"type":"Feature","geometry":{"type":"Point","coordinates":[-75.53,42.95]},"properties":{"id":"4a40f2b2b66c","title":"Gallupville, Schoharie County (August 5, 1968)","date":"1968-08-05","datePrecision":"d","country":"United States","region":"New York","coordSource":"rc","source":"iccra","tags":["circle","oval"]}},{"type":"Feature","geometry":{"type":"Point","coordinates":[-92.46,38.35]},"properties":{"id":"22e7411442ae","title":"Sedalia, Pettis County (1969)","date":"1969","datePrecision":"y","country":"United States","region":"Missouri","coordSource":"rc","source":"iccra","tags":["ring"]}},{"type":"Feature","geometry":{"type":"Point","coordinates":[-93.5,42.08]},"properties":{"id":"f7a5e146e542","title":"Denison, Crawford County (July 3, 1969)","date":"1969-07-03","datePrecision":"d","country":"United States","region":"Iowa","coordSource":"rc","source":"iccra","tags":["pathway"]}},{"type":"Feature","geometry":{"type":"Point","coordinates":[-93.5,42.08]},"properties":{"id":"2d20365625a3","title":"Van Horne / Garrison, Benton County (July 12, 1969)","date":"1969-07-12","datePrecision":"d","country":"United States","region":"Iowa","coordSource":"rc","source":"iccra","tags":["oval"]}},{"type":"Feature","geometry":{"type":"Point","coordinates":[-93.5,42.08]},"properties":{"id":"9c8f0eecb299","title":"Elkader, Clayton County (August 7, 1969)","date":"1969-08-07","datePrecision":"d","country":"United States","region":"Iowa","coordSource":"rc","source":"iccra","tags":["circle"]}},{"type":"Feature","geometry":{"type":"Point","coordinates":[-86.83,32.79]},"properties":{"id":"2d3040ffb578","title":"Mobile, Mobile County (October 28, 1969)","date":"1969-10-28","datePrecision":"d","country":"United States","region":"Alabama","coordSource":"rc","source":"iccra","tags":["circle"]}},{"type":"Feature","geometry":{"type":"Point","coordinates":[-152.28,64.07]},"properties":{"id":"1bc08f75df83","title":"Fairbanks North Star Borough (County) (Early 1970's)","date":"1970","datePrecision":"y","country":"United States","region":"Alaska","coordSource":"rc","source":"iccra","tags":[]}},{"type":"Feature","geometry":{"type":"Point","coordinates":[-98.38,38.49]},"properties":{"id":"72172587db28","title":"Reading, Lyon County (1970)","date":"1970","datePrecision":"y","country":"United States","region":"Kansas","coordSource":"rc","source":"iccra","tags":["ring"]}},{"type":"Feature","geometry":{"type":"Point","coordinates":[-74.67,40.19]},"properties":{"id":"a19f347e46ea","title":"Port Monmouth, Monmouth County (July 4, 1970)","date":"1970-07-04","datePrecision":"d","country":"United States","region":"New Jersey","coordSource":"rc","source":"iccra","tags":["circle"]}},{"type":"Feature","geometry":{"type":"Point","coordinates":[-93.5,42.08]},"properties":{"id":"d3e72b2e14ad","title":"Westgate, Fayette County (April 25, 1971)","date":"1971-04-25","datePrecision":"d","country":"United States","region":"Iowa","coordSource":"rc","source":"iccra","tags":["circle"]}},{"type":"Feature","geometry":{"type":"Point","coordinates":[-94.31,46.28]},"properties":{"id":"9cca976dbe6c","title":"Stewart, McLeod County (June 25, 1971)","date":"1971-06-25","datePrecision":"d","country":"United States","region":"Minnesota","coordSource":"rc","source":"iccra","tags":["circle"]}},{"type":"Feature","geometry":{"type":"Point","coordinates":[-71.58,43.68]},"properties":{"id":"de40c1b83afc","title":"Walpole, Cheshire County (October, 1971)","date":"1971-10","datePrecision":"m","country":"United States","region":"New Hampshire","coordSource":"rc","source":"iccra","tags":["circle"]}},{"type":"Feature","geometry":{"type":"Point","coordinates":[-98.38,38.49]},"properties":{"id":"207a6dd49f62","title":"Delphos, Ottawa County (November 2, 1971)","date":"1971-11-02","datePrecision":"d","country":"United States","region":"Kansas","coordSource":"rc","source":"iccra","tags":["ring"]}},{"type":"Feature","geometry":{"type":"Point","coordinates":[-86.28,39.89]},"properties":{"id":"69a0ad2020fe","title":"[Unknown] (1972)","date":"1972","datePrecision":"y","country":"United States","region":"Indiana","coordSource":"rc","source":"iccra","tags":["circle"]}},{"type":"Feature","geometry":{"type":"Point","coordinates":[-93.5,42.08]},"properties":{"id":"c33d1273bf2f","title":"[Western] (1972)","date":"1972","datePrecision":"y","country":"United States","region":"Iowa","coordSource":"rc","source":"iccra","tags":[]}},{"type":"Feature","geometry":{"type":"Point","coordinates":[-71.81,42.26]},"properties":{"id":"25edd541fefa","title":"[Unknown] (1972)","date":"1972","datePrecision":"y","country":"United States","region":"Massachusetts","coordSource":"rc","source":"iccra","tags":["ring"]}},{"type":"Feature","geometry":{"type":"Point","coordinates":[-92.46,38.35]},"properties":{"id":"d15125b72b86","title":"Union, Franklin County (1972)","date":"1972","datePrecision":"y","country":"United States","region":"Missouri","coordSource":"rc","source":"iccra","tags":["circle"]}},{"type":"Feature","geometry":{"type":"Point","coordinates":[-75.53,42.95]},"properties":{"id":"981d146fca41","title":"[Unknown] (1972)","date":"1972","datePrecision":"y","country":"United States","region":"New York","coordSource":"rc","source":"iccra","tags":[]}},{"type":"Feature","geometry":{"type":"Point","coordinates":[-77.8,40.88]},"properties":{"id":"f9f0eac21cf9","title":"Greensburg, Westmoreland County (June 13, 1972)","date":"1972-06-13","datePrecision":"d","country":"United States","region":"Pennsylvania","coordSource":"rc","source":"iccra","tags":["circle"]}},{"type":"Feature","geometry":{"type":"Point","coordinates":[-93.5,42.08]},"properties":{"id":"698cdc38c748","title":"Story City, Story County (July 1972)","date":"1972-07","datePrecision":"m","country":"United States","region":"Iowa","coordSource":"rc","source":"iccra","tags":["circle"]}},{"type":"Feature","geometry":{"type":"Point","coordinates":[-93.5,42.08]},"properties":{"id":"56e86bbeab53","title":"Boone, Boone County (July 1972)","date":"1972-07","datePrecision":"m","country":"United States","region":"Iowa","coordSource":"rc","source":"iccra","tags":["circle"]}},{"type":"Feature","geometry":{"type":"Point","coordinates":[-98.38,38.49]},"properties":{"id":"cc7d70210fc1","title":"Dighton, Lane County (July 1972)","date":"1972-07","datePrecision":"m","country":"United States","region":"Kansas","coordSource":"rc","source":"iccra","tags":["circle","figure"]}},{"type":"Feature","geometry":{"type":"Point","coordinates":[-93.5,42.08]},"properties":{"id":"2d6c11b7c899","title":"Laurens, Pocahontas County (July 6, 1972)","date":"1972-07-06","datePrecision":"d","country":"United States","region":"Iowa","coordSource":"rc","source":"iccra","tags":["circle"]}},{"type":"Feature","geometry":{"type":"Point","coordinates":[-93.5,42.08]},"properties":{"id":"3f1f6f9722f0","title":"Goldfield, Wright County (July 8, 1972)","date":"1972-07-08","datePrecision":"d","country":"United States","region":"Iowa","coordSource":"rc","source":"iccra","tags":["circle"]}},{"type":"Feature","geometry":{"type":"Point","coordinates":[-92.46,38.35]},"properties":{"id":"e1e521d6c7a1","title":"Houston, Texas County (September 14, 1972)","date":"1972-09-14","datePrecision":"d","country":"United States","region":"Missouri","coordSource":"rc","source":"iccra","tags":["circle"]}},{"type":"Feature","geometry":{"type":"Point","coordinates":[-105.55,38.99]},"properties":{"id":"9f358a58c0fd","title":"Pueblo, Pueblo County (October 9, 1972)","date":"1972-10-09","datePrecision":"d","country":"United States","region":"Colorado","coordSource":"rc","source":"iccra","tags":["oval"]}},{"type":"Feature","geometry":{"type":"Point","coordinates":[-119.47,37.18]},"properties":{"id":"93aee63a20ef","title":"Point Dume State Preserve, Malibu, Los Angeles County (1973)","date":"1973","datePrecision":"y","country":"United States","region":"California","coordSource":"rc","source":"iccra","tags":["circle","pathway","star"]}},{"type":"Feature","geometry":{"type":"Point","coordinates":[-93.5,42.08]},"properties":{"id":"79b936ea4a5d","title":"Waverly, Bremer County (1973)","date":"1973","datePrecision":"y","country":"United States","region":"Iowa","coordSource":"rc","source":"iccra","tags":[]}},{"type":"Feature","geometry":{"type":"Point","coordinates":[-100.47,47.45]},"properties":{"id":"22e83c71e04c","title":"Dunn County (1973)","date":"1973","datePrecision":"y","country":"United States","region":"North Dakota","coordSource":"rc","source":"iccra","tags":["ring"]}},{"type":"Feature","geometry":{"type":"Point","coordinates":[-86.83,32.79]},"properties":{"id":"05450eaf6eb5","title":"Lexington, Lauderdale County (February 17, 1973)","date":"1973-02-17","datePrecision":"d","country":"United States","region":"Alabama","coordSource":"rc","source":"iccra","tags":["circle"]}},{"type":"Feature","geometry":{"type":"Point","coordinates":[-93.5,42.08]},"properties":{"id":"98d182de7524","title":"Ackworth, Warren County (June 27, 1973)","date":"1973-06-27","datePrecision":"d","country":"United States","region":"Iowa","coordSource":"rc","source":"iccra","tags":[]}},{"type":"Feature","geometry":{"type":"Point","coordinates":[-98.38,38.49]},"properties":{"id":"16b52b15e379","title":"Dighton, Lane County (July 1973)","date":"1973-07","datePrecision":"m","country":"United States","region":"Kansas","coordSource":"rc","source":"iccra","tags":["circle"]}},{"type":"Feature","geometry":{"type":"Point","coordinates":[-71.58,43.68]},"properties":{"id":"ba2877272944","title":"Hinsdale, Cheshire County (July 1973)","date":"1973-07","datePrecision":"m","country":"United States","region":"New Hampshire","coordSource":"rc","source":"iccra","tags":["circle"]}},{"type":"Feature","geometry":{"type":"Point","coordinates":[-93.5,42.08]},"properties":{"id":"1f41dc762866","title":"Clarion, Wright County (July 8, 1973)","date":"1973-07-08","datePrecision":"d","country":"United States","region":"Iowa","coordSource":"rc","source":"iccra","tags":["circle"]}},{"type":"Feature","geometry":{"type":"Point","coordinates":[-93.5,42.08]},"properties":{"id":"b6dbf432082f","title":"Mount Pleasant, Henry County (October, 1973)","date":"1973-10","datePrecision":"m","country":"United States","region":"Iowa","coordSource":"rc","source":"iccra","tags":["circle","figure","ring","triangle"]}},{"type":"Feature","geometry":{"type":"Point","coordinates":[-86.83,32.79]},"properties":{"id":"12aa9cd5fe58","title":"Tanner Williams, Mobile County (October 16, 1973)","date":"1973-10-16","datePrecision":"d","country":"United States","region":"Alabama","coordSource":"rc","source":"iccra","tags":[]}},{"type":"Feature","geometry":{"type":"Point","coordinates":[-82.79,40.29]},"properties":{"id":"d31b40080349","title":"Columbus, Franklin County (October 16, 1973)","date":"1973-10-16","datePrecision":"d","country":"United States","region":"Ohio","coordSource":"rc","source":"iccra","tags":["circle","oval"]}},{"type":"Feature","geometry":{"type":"Point","coordinates":[-86.83,32.79]},"properties":{"id":"670791780e06","title":"Dawes, Mobile County (October 18, 1973)","date":"1973-10-18","datePrecision":"d","country":"United States","region":"Alabama","coordSource":"rc","source":"iccra","tags":[]}},{"type":"Feature","geometry":{"type":"Point","coordinates":[-75.53,42.95]},"properties":{"id":"baeccbf4cd1b","title":"Freeport, Long Island (Big Crow Island), Nassau County (November 7, 1973)","date":"1973-11-07","datePrecision":"d","country":"United States","region":"New York","coordSource":"rc","source":"iccra","tags":["circle"]}},{"type":"Feature","geometry":{"type":"Point","coordinates":[-119.47,37.18]},"properties":{"id":"a24d278998c6","title":"Lemon Grove, San Diego County (November 16, 1973)","date":"1973-11-16","datePrecision":"d","country":"United States","region":"California","coordSource":"rc","source":"iccra","tags":["circle"]}},{"type":"Feature","geometry":{"type":"Point","coordinates":[-99.33,31.48]},"properties":{"id":"0121f9d6092d","title":"Calvert, Robertson County (December 11, 1973)","date":"1973-12-11","datePrecision":"d","country":"United States","region":"Texas","coordSource":"rc","source":"iccra","tags":["circle"]}},{"type":"Feature","geometry":{"type":"Point","coordinates":[-79.39,35.55]},"properties":{"id":"ee4cb79d9281","title":"High Point, Guilford County (March 23, 1974)","date":"1974-03-23","datePrecision":"d","country":"United States","region":"North Carolina","coordSource":"rc","source":"iccra","tags":["circle","triangle"]}},{"type":"Feature","geometry":{"type":"Point","coordinates":[-89.2,40.04]},"properties":{"id":"e754acfd0369","title":"Randolph, Randolph County (May 1974)","date":"1974-05","datePrecision":"m","country":"United States","region":"Illinois","coordSource":"rc","source":"iccra","tags":["ring"]}},{"type":"Feature","geometry":{"type":"Point","coordinates":[-99.33,31.48]},"properties":{"id":"108dc28d1907","title":"Grapevine, Tarrant County (May 4, 1974)","date":"1974-05-04","datePrecision":"d","country":"United States","region":"Texas","coordSource":"rc","source":"iccra","tags":["circle"]}},{"type":"Feature","geometry":{"type":"Point","coordinates":[-94.31,46.28]},"properties":{"id":"2a5e658538c0","title":"[Unknown], Meeker County (December 27, 1974)","date":"1974-12-27","datePrecision":"d","country":"United States","region":"Minnesota","coordSource":"rc","source":"iccra","tags":["circle"]}},{"type":"Feature","geometry":{"type":"Point","coordinates":[-119.47,37.18]},"properties":{"id":"f54392a6c330","title":"[Unknown] (somewhere north of Los Angeles), (1975)","date":"1975","datePrecision":"y","country":"United States","region":"California","coordSource":"rc","source":"iccra","tags":["circle","pathway"]}},{"type":"Feature","geometry":{"type":"Point","coordinates":[-93.5,42.08]},"properties":{"id":"335a4b99427f","title":"[Unknown], Lyon County (1975)","date":"1975","datePrecision":"y","country":"United States","region":"Iowa","coordSource":"rc","source":"iccra","tags":["circle"]}},{"type":"Feature","geometry":{"type":"Point","coordinates":[-71.58,43.68]},"properties":{"id":"2091f3fd68aa","title":"Walpole, Cheshire County (1975)","date":"1975","datePrecision":"y","country":"United States","region":"New Hampshire","coordSource":"rc","source":"iccra","tags":["ring"]}},{"type":"Feature","geometry":{"type":"Point","coordinates":[-89.2,40.04]},"properties":{"id":"d603ac42be0e","title":"Belleville, Saint Clair County (January 1, 1975)","date":"1975-01-01","datePrecision":"d","country":"United States","region":"Illinois","coordSource":"rc","source":"iccra","tags":[]}},{"type":"Feature","geometry":{"type":"Point","coordinates":[-82.79,40.29]},"properties":{"id":"d47ff3b71c3b","title":"Mariemont, Hamilton County (January 4, 1975)","date":"1975-01-04","datePrecision":"d","country":"United States","region":"Ohio","coordSource":"rc","source":"iccra","tags":["circle"]}},{"type":"Feature","geometry":{"type":"Point","coordinates":[-75.53,42.95]},"properties":{"id":"f34b6c012b9a","title":"Annadale, Staten Island, Richmond County (February 14, 1975)","date":"1975-02-14","datePrecision":"d","country":"United States","region":"New York","coordSource":"rc","source":"iccra","tags":[]}},{"type":"Feature","geometry":{"type":"Point","coordinates":[-99.33,31.48]},"properties":{"id":"db27c193b422","title":"Copperas Cove, Coryell County (February 20, 1975)","date":"1975-02-20","datePrecision":"d","country":"United States","region":"Texas","coordSource":"rc","source":"iccra","tags":["circle","ring"]}},{"type":"Feature","geometry":{"type":"Point","coordinates":[-77.8,40.88]},"properties":{"id":"9a2ae41c2e90","title":"Slatington, Lehigh County (February 26, 1975)","date":"1975-02-26","datePrecision":"d","country":"United States","region":"Pennsylvania","coordSource":"rc","source":"iccra","tags":[]}},{"type":"Feature","geometry":{"type":"Point","coordinates":[-99.33,31.48]},"properties":{"id":"c65272ac8c1c","title":"Whiteface, Cochran County (March 10, 1975)","date":"1975-03-10","datePrecision":"d","country":"United States","region":"Texas","coordSource":"rc","source":"iccra","tags":["circle"]}},{"type":"Feature","geometry":{"type":"Point","coordinates":[-79.39,35.55]},"properties":{"id":"5292158974fa","title":"Greensboro, Guilford County (June 16, 1975)","date":"1975-06-16","datePrecision":"d","country":"United States","region":"North Carolina","coordSource":"rc","source":"iccra","tags":[]}},{"type":"Feature","geometry":{"type":"Point","coordinates":[-89.2,40.04]},"properties":{"id":"7d46c19ebc37","title":"Burnt Prairie, White County (October 1, 1975)","date":"1975-10-01","datePrecision":"d","country":"United States","region":"Illinois","coordSource":"rc","source":"iccra","tags":["ring"]}},{"type":"Feature","geometry":{"type":"Point","coordinates":[-107.55,42.99]},"properties":{"id":"b91a6f6d1690","title":"Newcastle, Weston County (October 8, 1975)","date":"1975-10-08","datePrecision":"d","country":"United States","region":"Wyoming","coordSource":"rc","source":"iccra","tags":["ring"]}},{"type":"Feature","geometry":{"type":"Point","coordinates":[-71.81,42.26]},"properties":{"id":"e91f2d9a5425","title":"Springfield, Hampden County (November 3, 1975)","date":"1975-11-03","datePrecision":"d","country":"United States","region":"Massachusetts","coordSource":"rc","source":"iccra","tags":["ring"]}},{"type":"Feature","geometry":{"type":"Point","coordinates":[-119.47,37.18]},"properties":{"id":"c512d871a0c9","title":"Lake Port, Lake County (1976)","date":"1976","datePrecision":"y","country":"United States","region":"California","coordSource":"rc","source":"iccra","tags":["ring"]}},{"type":"Feature","geometry":{"type":"Point","coordinates":[-109.63,47.05]},"properties":{"id":"cf412114a4bf","title":"Cascade County (1976)","date":"1976","datePrecision":"y","country":"United States","region":"Montana","coordSource":"rc","source":"iccra","tags":["ring"]}},{"type":"Feature","geometry":{"type":"Point","coordinates":[-92,31.07]},"properties":{"id":"ce7ce4777c27","title":"Minden, Webster Parish (June 17, 1976)","date":"1976-06-17","datePrecision":"d","country":"United States","region":"Louisiana","coordSource":"rc","source":"iccra","tags":["circle","ring"]}},{"type":"Feature","geometry":{"type":"Point","coordinates":[-152.28,64.07]},"properties":{"id":"c07c342715a5","title":"Eagle, Southeast Fairbanks Borough (County) (Summer, 1977)","date":"1977","datePrecision":"y","country":"United States","region":"Alaska","coordSource":"rc","source":"iccra","tags":["circle","triangle"]}},{"type":"Feature","geometry":{"type":"Point","coordinates":[-93.5,42.08]},"properties":{"id":"7f7f075d8bc6","title":"[Unknown], Lyon County (1977)","date":"1977","datePrecision":"y","country":"United States","region":"Iowa","coordSource":"rc","source":"iccra","tags":["circle"]}},{"type":"Feature","geometry":{"type":"Point","coordinates":[-82.79,40.29]},"properties":{"id":"2a3e3fc3f6cb","title":"Lancaster, Fairfield County (1977)","date":"1977","datePrecision":"y","country":"United States","region":"Ohio","coordSource":"rc","source":"iccra","tags":["circle","triangle"]}},{"type":"Feature","geometry":{"type":"Point","coordinates":[-71.58,43.68]},"properties":{"id":"18284d30dc65","title":"Wakefield, Carroll County (January 12, 1977)","date":"1977-01-12","datePrecision":"d","country":"United States","region":"New Hampshire","coordSource":"rc","source":"iccra","tags":["circle"]}},{"type":"Feature","geometry":{"type":"Point","coordinates":[-120.45,47.38]},"properties":{"id":"71d6b782349d","title":"Harrah, Yakima County (January 19, 1977)","date":"1977-01-19","datePrecision":"d","country":"United States","region":"Washington","coordSource":"rc","source":"iccra","tags":["circle"]}},{"type":"Feature","geometry":{"type":"Point","coordinates":[-156.37,20.29]},"properties":{"id":"450dbe761972","title":"Ulupalakua Ranch, Ulupalakua, Maui County, Maui Island (1978)","date":"1978","datePrecision":"y","country":"United States","region":"Hawaii","coordSource":"rc","source":"iccra","tags":["circle"]}},{"type":"Feature","geometry":{"type":"Point","coordinates":[-89.2,40.04]},"properties":{"id":"857b3cacf452","title":"[Unknown] (1978)","date":"1978","datePrecision":"y","country":"United States","region":"Illinois","coordSource":"rc","source":"iccra","tags":[]}},{"type":"Feature","geometry":{"type":"Point","coordinates":[-93.5,42.08]},"properties":{"id":"8fbedad419f9","title":"Rock Rapids, Lyon County (June 1978)","date":"1978-06","datePrecision":"m","country":"United States","region":"Iowa","coordSource":"rc","source":"iccra","tags":["pathway"]}},{"type":"Feature","geometry":{"type":"Point","coordinates":[-114.61,44.35]},"properties":{"id":"87ed867153ef","title":"Mud Lake, Jefferson County (August, 1978)","date":"1978-08","datePrecision":"m","country":"United States","region":"Idaho","coordSource":"rc","source":"iccra","tags":["pathway"]}},{"type":"Feature","geometry":{"type":"Point","coordinates":[-92.46,38.35]},"properties":{"id":"af01a35b308d","title":"Jenkins, Barry County (October 8, 1978)","date":"1978-10-08","datePrecision":"d","country":"United States","region":"Missouri","coordSource":"rc","source":"iccra","tags":["circle","oval"]}},{"type":"Feature","geometry":{"type":"Point","coordinates":[-86.28,39.89]},"properties":{"id":"72d736f4fde6","title":"Greenfield, Hancock County (November 8, 1978)","date":"1978-11-08","datePrecision":"d","country":"United States","region":"Indiana","coordSource":"rc","source":"iccra","tags":["circle","pathway"]}},{"type":"Feature","geometry":{"type":"Point","coordinates":[5.85,53.11]},"properties":{"id":"6e9892cb3e81","title":"Sneek, Friesland, 1979","date":"1979","datePrecision":"y","country":"Netherlands","region":"Friesland","coordSource":"rc","source":"dcca","tags":["circle"]}},{"type":"Feature","geometry":{"type":"Point","coordinates":[-82.79,40.29]},"properties":{"id":"d1844d9ef11c","title":"Oak Harbor, Ottawa County (1979)","date":"1979","datePrecision":"y","country":"United States","region":"Ohio","coordSource":"rc","source":"iccra","tags":["circle"]}},{"type":"Feature","geometry":{"type":"Point","coordinates":[-79.39,35.55]},"properties":{"id":"e2a6208b73f7","title":"Little Pisgah Mountain, Hendersonville, Henderson County (April, 1979)","date":"1979-04","datePrecision":"m","country":"United States","region":"North Carolina","coordSource":"rc","source":"iccra","tags":["circle"]}},{"type":"Feature","geometry":{"type":"Point","coordinates":[-94.31,46.28]},"properties":{"id":"1af33d4494bc","title":"Waltham, Mower County (September, 1979)","date":"1979-09","datePrecision":"m","country":"United States","region":"Minnesota","coordSource":"rc","source":"iccra","tags":["circle"]}},{"type":"Feature","geometry":{"type":"Point","coordinates":[-94.31,46.28]},"properties":{"id":"5223569dd517","title":"Albany Township / Lake City / Rochester, Wabasha County (September, 1979)","date":"1979-09","datePrecision":"m","country":"United States","region":"Minnesota","coordSource":"rc","source":"iccra","tags":["circle","pathway","star"]}},{"type":"Feature","geometry":{"type":"Point","coordinates":[-120.45,47.38]},"properties":{"id":"ca555a678eac","title":"Centralia, Lewis County (April 1980)","date":"1980-04","datePrecision":"m","country":"United States","region":"Washington","coordSource":"rc","source":"iccra","tags":["circle"]}},{"type":"Feature","geometry":{"type":"Point","coordinates":[-82.45,28.63]},"properties":{"id":"bba82c60cd09","title":"Vernon, Washington County (April 11, 1980)","date":"1980-04-11","datePrecision":"d","country":"United States","region":"Florida","coordSource":"rc","source":"iccra","tags":["circle"]}},{"type":"Feature","geometry":{"type":"Point","coordinates":[-89.99,44.62]},"properties":{"id":"0683301d6d1b","title":"Woodman, Grant County (July, 1980)","date":"1980-07","datePrecision":"m","country":"United States","region":"Wisconsin","coordSource":"rc","source":"iccra","tags":["oval"]}},{"type":"Feature","geometry":{"type":"Point","coordinates":[-89.2,40.04]},"properties":{"id":"c8bd6baabb98","title":"[Unknown], (March 1981)","date":"1981-03","datePrecision":"m","country":"United States","region":"Illinois","coordSource":"rc","source":"iccra","tags":["circle"]}},{"type":"Feature","geometry":{"type":"Point","coordinates":[-89.99,44.62]},"properties":{"id":"735674294c48","title":"Blanchardville, Lafayette County (September 5, 1981)","date":"1981-09-05","datePrecision":"d","country":"United States","region":"Wisconsin","coordSource":"rc","source":"iccra","tags":["triangle"]}},{"type":"Feature","geometry":{"type":"Point","coordinates":[-85.41,44.35]},"properties":{"id":"85d5043408bd","title":"Oscoda, Tuttle Marsh Wildlife Area, Iosco County (1982)","date":"1982","datePrecision":"y","country":"United States","region":"Michigan","coordSource":"rc","source":"iccra","tags":["circle"]}},{"type":"Feature","geometry":{"type":"Point","coordinates":[-1.31,51.06]},"properties":{"id":"ce3e58736270","title":"Litchfield, North of Winchester, Hampshire (reported 1982)","date":"1982","datePrecision":"y","country":"United Kingdom","region":"Hampshire","coordSource":"rc","source":"cca"}},{"type":"Feature","geometry":{"type":"Point","coordinates":[-1.31,51.06]},"properties":{"id":"839acfcb06b8","title":"Headbourne Worthy, Nr Winchester, Hampshire (reported 1982)","date":"1982","datePrecision":"y","country":"United Kingdom","region":"Hampshire","coordSource":"rc","source":"cca"}},{"type":"Feature","geometry":{"type":"Point","coordinates":[-86.28,39.89]},"properties":{"id":"dc9b9cd48c05","title":"Copley Woods (?), (July 31, 1983)","date":"1983-07-31","datePrecision":"d","country":"United States","region":"Indiana","coordSource":"rc","source":"iccra","tags":[]}},{"type":"Feature","geometry":{"type":"Point","coordinates":[-1.31,51.06]},"properties":{"id":"4d98d3464a7d","title":"Corhampton Lane Farm, Nr Bishop's Waltham, Hampshire (reported 1984)","date":"1984","datePrecision":"y","country":"United Kingdom","region":"Hampshire","coordSource":"rc","source":"cca"}},{"type":"Feature","geometry":{"type":"Point","coordinates":[-0.43,50.95]},"properties":{"id":"58a29c5260ff","title":"Cradle Hill, Seaford, near Alfreston, West Sussex, (reported 1984-07-07)","date":"1984-07-07","datePrecision":"d","country":"United Kingdom","region":"West Sussex","coordSource":"rc","source":"cca"}},{"type":"Feature","geometry":{"type":"Point","coordinates":[-89.99,44.62]},"properties":{"id":"88686cd21296","title":"Foster's Tree Farm [city unknown], (September, 1984)","date":"1984-09","datePrecision":"m","country":"United States","region":"Wisconsin","coordSource":"rc","source":"iccra","tags":[]}},{"type":"Feature","geometry":{"type":"Point","coordinates":[-85.3,37.53]},"properties":{"id":"7370a84e6214","title":"[Unknown, near Red Indian burial mounds?], (1985)","date":"1985","datePrecision":"y","country":"United States","region":"Kentucky","coordSource":"rc","source":"iccra","tags":["circle"]}},{"type":"Feature","geometry":{"type":"Point","coordinates":[-78.85,37.52]},"properties":{"id":"d3ed68ae935b","title":"Dahlgren, King George County (May 1985)","date":"1985-05","datePrecision":"m","country":"United States","region":"Virgina","coordSource":"rc","source":"iccra","tags":["circle"]}},{"type":"Feature","geometry":{"type":"Point","coordinates":[-89.99,44.62]},"properties":{"id":"ac64587225ce","title":"Dundee, Monroe County (May, 1985)","date":"1985-05","datePrecision":"m","country":"United States","region":"Wisconsin","coordSource":"rc","source":"iccra","tags":["circle"]}},{"type":"Feature","geometry":{"type":"Point","coordinates":[-1.31,51.06]},"properties":{"id":"a2a5da53ce5a","title":"Matterly Farm, Gander Down, nr Alresford, Hampshire (reported 1985-07-06)","date":"1985-07-06","datePrecision":"d","country":"United Kingdom","region":"Hampshire","coordSource":"rc","source":"cca"}},{"type":"Feature","geometry":{"type":"Point","coordinates":[-1.31,51.06]},"properties":{"id":"a24b8838705d","title":"Longstock, nr Andover, Hampshire (reported 1985-07-31)","date":"1985-07-31","datePrecision":"d","country":"United Kingdom","region":"Hampshire","coordSource":"rc","source":"cca"}},{"type":"Feature","geometry":{"type":"Point","coordinates":[-79.39,35.55]},"properties":{"id":"0fc7a978aae6","title":"Mocksville, Rowan County (November, 1985)","date":"1985-11","datePrecision":"m","country":"United States","region":"North Carolina","coordSource":"rc","source":"iccra","tags":["circle","ring"]}},{"type":"Feature","geometry":{"type":"Point","coordinates":[6.44,52.44]},"properties":{"id":"a7e8e0a59d25","title":"Usselo, Overijsel, 1986","date":"1986","datePrecision":"y","country":"Netherlands","region":"Overijsel","coordSource":"rc","source":"dcca","tags":["circle"]}},{"type":"Feature","geometry":{"type":"Point","coordinates":[-85.3,37.53]},"properties":{"id":"c5aaf6c94090","title":"[Unknown, near Red Indian burial mounds?], (1986)","date":"1986","datePrecision":"y","country":"United States","region":"Kentucky","coordSource":"rc","source":"iccra","tags":["circle"]}},{"type":"Feature","geometry":{"type":"Point","coordinates":[-82.79,40.29]},"properties":{"id":"8ae90557a679","title":"Helena, Guernsey County (1986)","date":"1986","datePrecision":"y","country":"United States","region":"Ohio","coordSource":"rc","source":"iccra","tags":["ring"]}},{"type":"Feature","geometry":{"type":"Point","coordinates":[-78.85,37.52]},"properties":{"id":"1ab3f9e26bb7","title":"Dahlgren, King George County (1986)","date":"1986","datePrecision":"y","country":"United States","region":"Virgina","coordSource":"rc","source":"iccra","tags":["circle"]}},{"type":"Feature","geometry":{"type":"Point","coordinates":[-1.31,51.06]},"properties":{"id":"c5b0bd6a42b5","title":"Upper Farm, Headbourne Worthy, Nr Winchester, Hampshire (reported 1986-07-31)","date":"1986-07-31","datePrecision":"d","country":"United Kingdom","region":"Hampshire","coordSource":"rc","source":"cca"}},{"type":"Feature","geometry":{"type":"Point","coordinates":[-1.31,51.06]},"properties":{"id":"60fc61957e9d","title":"Cheesefoot Head, Nr Winchester, Hampshire (reported 1986-08-14)","date":"1986-08-14","datePrecision":"d","country":"United Kingdom","region":"Hampshire","coordSource":"rc","source":"cca"}},{"type":"Feature","geometry":{"type":"Point","coordinates":[-85.3,37.53]},"properties":{"id":"ec3946ddf869","title":"[Unknown, near Red Indian burial mounds?], (1987)","date":"1987","datePrecision":"y","country":"United States","region":"Kentucky","coordSource":"rc","source":"iccra","tags":["circle"]}},{"type":"Feature","geometry":{"type":"Point","coordinates":[-109.63,47.05]},"properties":{"id":"cd6051d62cba","title":"Volborg, Custer County (1987)","date":"1987","datePrecision":"y","country":"United States","region":"Montana","coordSource":"rc","source":"iccra","tags":["ring"]}},{"type":"Feature","geometry":{"type":"Point","coordinates":[-78.85,37.52]},"properties":{"id":"de5cae5102b8","title":"Dahlgren, King George County (1987)","date":"1987","datePrecision":"y","country":"United States","region":"Virgina","coordSource":"rc","source":"iccra","tags":["circle"]}},{"type":"Feature","geometry":{"type":"Point","coordinates":[-1.95,51.32]},"properties":{"id":"b9c5b13888a5","title":"South Wonston, Nr Winchester, Wiltshire. Formed 8th May (reported 1987)","date":"1987","datePrecision":"y","country":"United Kingdom","region":"Wiltshire. Formed 8th May","coordSource":"rc","source":"cca"}},{"type":"Feature","geometry":{"type":"Point","coordinates":[-1.31,51.06]},"properties":{"id":"848737f0612a","title":"Kimpton, Nr Thruxton, Andover, Hampshire. Formed 22nd June (reported 1987)","date":"1987","datePrecision":"y","country":"United Kingdom","region":"Hampshire. Formed 22nd June","coordSource":"rc","source":"cca"}},{"type":"Feature","geometry":{"type":"Point","coordinates":[-1.31,51.06]},"properties":{"id":"7bdc6ba69ca4","title":"Cheesefoot Head, Nr Winchester, Hampshire. Formed 10th July (reported 1987)","date":"1987","datePrecision":"y","country":"United Kingdom","region":"Hampshire. Formed 10th July","coordSource":"rc","source":"cca"}},{"type":"Feature","geometry":{"type":"Point","coordinates":[-1.95,51.32]},"properties":{"id":"6ae0235170fa","title":"Bratton Castle, Westbury, Wiltshire. Formed 30th July (reported 1987)","date":"1987","datePrecision":"y","country":"United Kingdom","region":"Wiltshire. Formed 30th July","coordSource":"rc","source":"cca"}},{"type":"Feature","geometry":{"type":"Point","coordinates":[-1.95,51.32]},"properties":{"id":"73de9f1ea5e5","title":"Winterbourne Stoke, Nr Amesbury, Wiltshire. Formed 22nd August (reported 1987)","date":"1987","datePrecision":"y","country":"United Kingdom","region":"Wiltshire. Formed 22nd August","coordSource":"rc","source":"cca"}},{"type":"Feature","geometry":{"type":"Point","coordinates":[-89.99,44.62]},"properties":{"id":"aafec4bf70cd","title":"Mukwonago, Waukesha County (February, 1987)","date":"1987-02","datePrecision":"m","country":"United States","region":"Wisconsin","coordSource":"rc","source":"iccra","tags":["circle"]}},{"type":"Feature","geometry":{"type":"Point","coordinates":[-86.28,39.89]},"properties":{"id":"c177ce52f8cf","title":"Middletown, Henry County (May 27, 1987)","date":"1987-05-27","datePrecision":"d","country":"United States","region":"Indiana","coordSource":"rc","source":"iccra","tags":[]}},{"type":"Feature","geometry":{"type":"Point","coordinates":[-1.95,51.32]},"properties":{"id":"04f3c0ff5ffa","title":"Beckhampton, Nr Avebury, Wiltshire (reported 1987-09-05)","date":"1987-09-05","datePrecision":"d","country":"United Kingdom","region":"Wiltshire","coordSource":"rc","source":"cca"}},{"type":"Feature","geometry":{"type":"Point","coordinates":[-82.45,28.63]},"properties":{"id":"ebb4e1a2c0d8","title":"Dead Man's Island, Gulf Breeze, Santa Rosa County (Summer 1988)","date":"1988","datePrecision":"y","country":"United States","region":"Florida","coordSource":"rc","source":"iccra","tags":["circle"]}},{"type":"Feature","geometry":{"type":"Point","coordinates":[-82.45,28.63]},"properties":{"id":"bb4b4c8de7b6","title":"Dead Man's Island, Gulf Breeze, Santa Rosa County (Fall 1988)","date":"1988","datePrecision":"y","country":"United States","region":"Florida","coordSource":"rc","source":"iccra","tags":["circle"]}},{"type":"Feature","geometry":{"type":"Point","coordinates":[-85.3,37.53]},"properties":{"id":"fac3a2ca6349","title":"[Unknown, near Red Indian burial mounds?], (1988)","date":"1988","datePrecision":"y","country":"United States","region":"Kentucky","coordSource":"rc","source":"iccra","tags":["circle"]}},{"type":"Feature","geometry":{"type":"Point","coordinates":[-77.8,40.88]},"properties":{"id":"1b82fd969238","title":"Ebensburg, Cambria County (1988)","date":"1988","datePrecision":"y","country":"United States","region":"Pennsylvania","coordSource":"rc","source":"iccra","tags":[]}},{"type":"Feature","geometry":{"type":"Point","coordinates":[-78.85,37.52]},"properties":{"id":"3244003d5665","title":"Dahlgren, King George County (1988)","date":"1988","datePrecision":"y","country":"United States","region":"Virgina","coordSource":"rc","source":"iccra","tags":["circle"]}},{"type":"Feature","geometry":{"type":"Point","coordinates":[-1.31,51.06]},"properties":{"id":"468d4b5bc403","title":"Longwood Estate, Cheesefoot Head, Nr Winchester, Hampshire. Formed 11th June (reported 1988)","date":"1988","datePrecision":"y","country":"United Kingdom","region":"Hampshire. Formed 11th June","coordSource":"rc","source":"cca"}},{"type":"Feature","geometry":{"type":"Point","coordinates":[-1.95,51.32]},"properties":{"id":"89bab588d0ac","title":"Beckhampton, Nr Avebury, Wiltshire. 1988 (reported 1988)","date":"1988","datePrecision":"y","country":"United Kingdom","region":"Wiltshire. 1988","coordSource":"rc","source":"cca"}},{"type":"Feature","geometry":{"type":"Point","coordinates":[-1.95,51.32]},"properties":{"id":"901b2465c22d","title":"Silbury Hill, Nr Avebury, Wiltshire. Formed 15th July (reported 1988)","date":"1988","datePrecision":"y","country":"United Kingdom","region":"Wiltshire. Formed 15th July","coordSource":"rc","source":"cca"}},{"type":"Feature","geometry":{"type":"Point","coordinates":[-1.31,51.06]},"properties":{"id":"d7b35f095bb5","title":"Charity Down, Nr Andover, Hampshire. Formed late August (reported 1988)","date":"1988","datePrecision":"y","country":"United Kingdom","region":"Hampshire. Formed late August","coordSource":"rc","source":"cca"}},{"type":"Feature","geometry":{"type":"Point","coordinates":[-1.31,51.06]},"properties":{"id":"98633a8a373f","title":"Cheesefoot Head, Nr Winchester, Hampshire (reported 1988-06-04)","date":"1988-06-04","datePrecision":"d","country":"United Kingdom","region":"Hampshire","coordSource":"rc","source":"cca"}},{"type":"Feature","geometry":{"type":"Point","coordinates":[-1.31,51.06]},"properties":{"id":"aa5e174f7fda","title":"Down Farm, Corhampton, Hampshire (reported 1988-06-07)","date":"1988-06-07","datePrecision":"d","country":"United Kingdom","region":"Hampshire","coordSource":"rc","source":"cca"}},{"type":"Feature","geometry":{"type":"Point","coordinates":[-1.31,51.06]},"properties":{"id":"dc13929f57a1","title":"Longstock, nr Andover, Hampshire (reported 1988-06-13)","date":"1988-06-13","datePrecision":"d","country":"United Kingdom","region":"Hampshire","coordSource":"rc","source":"cca"}},{"type":"Feature","geometry":{"type":"Point","coordinates":[-1.95,51.32]},"properties":{"id":"dc53dc47cfe6","title":"Yatebury, near Avebury Trusloe, Wiltshire (reported 1988-06-16)","date":"1988-06-16","datePrecision":"d","country":"United Kingdom","region":"Wiltshire","coordSource":"rc","source":"cca"}},{"type":"Feature","geometry":{"type":"Point","coordinates":[-1.06372,52.60803]},"properties":{"id":"b2d63d7d1eec","title":"Oadby, Nr Leicester, Leicestershire (reported 1988-06-21)","date":"1988-06-21","datePrecision":"d","country":"United Kingdom","region":"Leicestershire","coordSource":"og","source":"cca"}},{"type":"Feature","geometry":{"type":"Point","coordinates":[-1.95,51.32]},"properties":{"id":"8a29dbb38234","title":"Cheesefoot Head, Nr Winchester, Wiltshire (reported 1988-06-25)","date":"1988-06-25","datePrecision":"d","country":"United Kingdom","region":"Wiltshire","coordSource":"rc","source":"cca"}},{"type":"Feature","geometry":{"type":"Point","coordinates":[-1.95,51.32]},"properties":{"id":"1ec2ca1a1a0d","title":"Upton Scudamore, Nr Warminster, Wiltshire (reported 1988-07-08)","date":"1988-07-08","datePrecision":"d","country":"United Kingdom","region":"Wiltshire","coordSource":"rc","source":"cca"}},{"type":"Feature","geometry":{"type":"Point","coordinates":[-1.95,51.32]},"properties":{"id":"05a36ae52669","title":"Heytesbury, nr Warminster, Wiltshire (reported 1988-07-15)","date":"1988-07-15","datePrecision":"d","country":"United Kingdom","region":"Wiltshire","coordSource":"rc","source":"cca"}},{"type":"Feature","geometry":{"type":"Point","coordinates":[-1.95,51.32]},"properties":{"id":"3eebce94a588","title":"Calstone Wellington, nr Calne, Wiltshire (reported 1988-07-20)","date":"1988-07-20","datePrecision":"d","country":"United Kingdom","region":"Wiltshire","coordSource":"rc","source":"cca"}},{"type":"Feature","geometry":{"type":"Point","coordinates":[-1.05,51.45]},"properties":{"id":"bd27eb3bf54e","title":"Hungerford, Berkshire (reported 1988-08-07)","date":"1988-08-07","datePrecision":"d","country":"United Kingdom","region":"Berkshire","coordSource":"rc","source":"cca"}},{"type":"Feature","geometry":{"type":"Point","coordinates":[-93.5,42.08]},"properties":{"id":"c4c0ddadd4c4","title":"[Unknown] Iowa (1989)","date":"1989","datePrecision":"y","country":"United States","region":"Iowa","coordSource":"rc","source":"iccra","tags":["circle"]}},{"type":"Feature","geometry":{"type":"Point","coordinates":[-98.38,38.49]},"properties":{"id":"11c5161ed719","title":"[Unknown] (1989)","date":"1989","datePrecision":"y","country":"United States","region":"Kansas","coordSource":"rc","source":"iccra","tags":[]}},{"type":"Feature","geometry":{"type":"Point","coordinates":[-85.3,37.53]},"properties":{"id":"b1dc6a0d4fda","title":"[Unknown, near Red Indian burial mounds?], (1989)","date":"1989","datePrecision":"y","country":"United States","region":"Kentucky","coordSource":"rc","source":"iccra","tags":["circle"]}},{"type":"Feature","geometry":{"type":"Point","coordinates":[-99.33,31.48]},"properties":{"id":"326a65c65236","title":"Denrock / Dalhart, Dallam County (1989)","date":"1989","datePrecision":"y","country":"United States","region":"Texas","coordSource":"rc","source":"iccra","tags":["circle"]}},{"type":"Feature","geometry":{"type":"Point","coordinates":[-1.95,51.32]},"properties":{"id":"8771d74465ab","title":"Scratchbury Hill, Nr Warminster, Wiltshire. Formed June (reported 1989)","date":"1989","datePrecision":"y","country":"United Kingdom","region":"Wiltshire. Formed June","coordSource":"rc","source":"cca"}},{"type":"Feature","geometry":{"type":"Point","coordinates":[-1.95,51.32]},"properties":{"id":"0f6e5b9f2e04","title":"Silbury Hill, Nr Avebury, Wiltshire (reported 1989)","date":"1989","datePrecision":"y","country":"United Kingdom","region":"Wiltshire","coordSource":"rc","source":"cca"}},{"type":"Feature","geometry":{"type":"Point","coordinates":[-86.28,39.89]},"properties":{"id":"7278cd3a2b2f","title":"Anderson / Middletown, Allen County (May 31, 1989)","date":"1989-05-31","datePrecision":"d","country":"United States","region":"Indiana","coordSource":"rc","source":"iccra","tags":["circle"]}},{"type":"Feature","geometry":{"type":"Point","coordinates":[-85.3,37.53]},"properties":{"id":"9f7afece1ab9","title":"Washington County, (June 1989)","date":"1989-06","datePrecision":"m","country":"United States","region":"Kentucky","coordSource":"rc","source":"iccra","tags":["circle"]}},{"type":"Feature","geometry":{"type":"Point","coordinates":[-1.95,51.32]},"properties":{"id":"2e9ecb1b7179","title":"Cherhill, Nr Calne, Wiltshire (reported 1989-06-21)","date":"1989-06-21","datePrecision":"d","country":"United Kingdom","region":"Wiltshire","coordSource":"rc","source":"cca"}},{"type":"Feature","geometry":{"type":"Point","coordinates":[-1.31,51.06]},"properties":{"id":"7d412a6d6732","title":"Longwood Warren, Nr Chilcomb, Hampshire (reported 1989-06-23)","date":"1989-06-23","datePrecision":"d","country":"United Kingdom","region":"Hampshire","coordSource":"rc","source":"cca"}},{"type":"Feature","geometry":{"type":"Point","coordinates":[-1.95,51.32]},"properties":{"id":"6cb9cf89e2d7","title":"Silbury Hill, Nr Avebury, Wiltshire (reported 1989-06-29)","date":"1989-06-29","datePrecision":"d","country":"United Kingdom","region":"Wiltshire","coordSource":"rc","source":"cca"}},{"type":"Feature","geometry":{"type":"Point","coordinates":[-1.95,51.32]},"properties":{"id":"622b7a2e7db7","title":"Silbury Hill, Nr Avebury, Wiltshire (reported 1989-06-30)","date":"1989-06-30","datePrecision":"d","country":"United Kingdom","region":"Wiltshire","coordSource":"rc","source":"cca"}},{"type":"Feature","geometry":{"type":"Point","coordinates":[0.73,51.2]},"properties":{"id":"a99500155c35","title":"Manston nr Ramsgate, Kent (reported 1989-07)","date":"1989-07","datePrecision":"m","country":"United Kingdom","region":"Kent","coordSource":"rc","source":"cca"}},{"type":"Feature","geometry":{"type":"Point","coordinates":[-1.95,51.32]},"properties":{"id":"5ee1496cf136","title":"Winterbourne Stoke, Nr Stonehenge, Wiltshire (reported 1989-08-05)","date":"1989-08-05","datePrecision":"d","country":"United Kingdom","region":"Wiltshire","coordSource":"rc","source":"cca"}},{"type":"Feature","geometry":{"type":"Point","coordinates":[-1.95,51.32]},"properties":{"id":"675cff0ecbd2","title":"Winterbourne Stoke, Nr Stonehenge, Wiltshire (reported 1989-08-12)","date":"1989-08-12","datePrecision":"d","country":"United Kingdom","region":"Wiltshire","coordSource":"rc","source":"cca"}},{"type":"Feature","geometry":{"type":"Point","coordinates":[-1.95,51.32]},"properties":{"id":"15c76271d723","title":"Winterbourne Stoke, Nr Stonehenge, Wiltshire (reported 1989-08-12)","date":"1989-08-12","datePrecision":"d","country":"United Kingdom","region":"Wiltshire","coordSource":"rc","source":"cca"}},{"type":"Feature","geometry":{"type":"Point","coordinates":[-85.41,44.35]},"properties":{"id":"9c2d8050ea7c","title":"Owosso, Shiawassee County (September, 1989)","date":"1989-09","datePrecision":"m","country":"United States","region":"Michigan","coordSource":"rc","source":"iccra","tags":["circle"]}},{"type":"Feature","geometry":{"type":"Point","coordinates":[-77.8,40.88]},"properties":{"id":"53838fb8f82c","title":"Ebensburg, Cambria County (September 2, 1989)","date":"1989-09-02","datePrecision":"d","country":"United States","region":"Pennsylvania","coordSource":"rc","source":"iccra","tags":[]}},{"type":"Feature","geometry":{"type":"Point","coordinates":[-75.53,42.95]},"properties":{"id":"93ea906dca2d","title":"Farmingdale, Nassau County (September 30, 1989)","date":"1989-09-30","datePrecision":"d","country":"United States","region":"New York","coordSource":"rc","source":"iccra","tags":["circle"]}},{"type":"Feature","geometry":{"type":"Point","coordinates":[-78.85,37.52]},"properties":{"id":"cd17ac0e357b","title":"Dahlgren, King George County (October 1989)","date":"1989-10","datePrecision":"m","country":"United States","region":"Virgina","coordSource":"rc","source":"iccra","tags":["circle"]}},{"type":"Feature","geometry":{"type":"Point","coordinates":[-82.79,40.29]},"properties":{"id":"dc04e9bd965b","title":"Millersburg, Holmes County (November 10, 1989)","date":"1989-11-10","datePrecision":"d","country":"United States","region":"Ohio","coordSource":"rc","source":"iccra","tags":["circle","ring"]}},{"type":"Feature","geometry":{"type":"Point","coordinates":[-82.45,28.63]},"properties":{"id":"2bc960eab1b1","title":"Gulf Breeze / South Shoreline Park, Santa Rosa County (November 15, 1989)","date":"1989-11-15","datePrecision":"d","country":"United States","region":"Florida","coordSource":"rc","source":"iccra","tags":["circle"]}},{"type":"Feature","geometry":{"type":"Point","coordinates":[4.87,52.6]},"properties":{"id":"c95383be170e","title":"Hoofddorp, Noord Holland, 1990","date":"1990","datePrecision":"y","country":"Netherlands","region":"Noord Holland","coordSource":"rc","source":"dcca","tags":[]}},{"type":"Feature","geometry":{"type":"Point","coordinates":[-82.45,28.63]},"properties":{"id":"3d9a98697a18","title":"Naples, Collier County (1990)","date":"1990","datePrecision":"y","country":"United States","region":"Florida","coordSource":"rc","source":"iccra","tags":["circle"]}},{"type":"Feature","geometry":{"type":"Point","coordinates":[-85.3,37.53]},"properties":{"id":"fb58f6995898","title":"[Unknown, near Red Indian burial mounds?], (1990)","date":"1990","datePrecision":"y","country":"United States","region":"Kentucky","coordSource":"rc","source":"iccra","tags":["circle"]}},{"type":"Feature","geometry":{"type":"Point","coordinates":[-92.46,38.35]},"properties":{"id":"ef89867503c4","title":"Belgrade, Washington County (1990)","date":"1990","datePrecision":"y","country":"United States","region":"Missouri","coordSource":"rc","source":"iccra","tags":["circle"]}},{"type":"Feature","geometry":{"type":"Point","coordinates":[-100.23,44.44]},"properties":{"id":"5e83e8094000","title":"Leola, McPherson County (early August, 1990)","date":"1990","datePrecision":"y","country":"United States","region":"South Dakota","coordSource":"rc","source":"iccra","tags":["circle","triangle"]}},{"type":"Feature","geometry":{"type":"Point","coordinates":[-1.31,51.06]},"properties":{"id":"e244e583a679","title":"Punchbowl, Cheesefoot Head, Nr Winchester, Hampshire. Formed 18th May (reported 1990)","date":"1990","datePrecision":"y","country":"United Kingdom","region":"Hampshire. Formed 18th May","coordSource":"rc","source":"cca"}},{"type":"Feature","geometry":{"type":"Point","coordinates":[-1.31,51.06]},"properties":{"id":"75c50a00c862","title":"Chilcomb Farm, Cheesefoot Head, Nr Winchester, Hampshire. Formed 23rd May (reported 1990)","date":"1990","datePrecision":"y","country":"United Kingdom","region":"Hampshire. Formed 23rd May","coordSource":"rc","source":"cca"}},{"type":"Feature","geometry":{"type":"Point","coordinates":[-1.95,51.32]},"properties":{"id":"e7173c005df5","title":"Morgans Hill, Nr Devizes, Wiltshire. Formed 28/29th May (reported 1990)","date":"1990","datePrecision":"y","country":"United Kingdom","region":"Wiltshire. Formed 28/29th May","coordSource":"rc","source":"cca"}},{"type":"Feature","geometry":{"type":"Point","coordinates":[-1.31,51.06]},"properties":{"id":"1e36aacec648","title":"Maizeley Farm Fields (The Gallops), Nr Winchester, Hampshire. Formed 7th June (reported 1990)","date":"1990","datePrecision":"y","country":"United Kingdom","region":"Hampshire. Formed 7th June","coordSource":"rc","source":"cca"}},{"type":"Feature","geometry":{"type":"Point","coordinates":[-1.31,51.06]},"properties":{"id":"caf2fafcf45c","title":"Longwood Estate (2), Cheesefoot Head, Nr Winchester, Hampshire. Formed 6th June (reported 1990)","date":"1990","datePrecision":"y","country":"United Kingdom","region":"Hampshire. Formed 6th June","coordSource":"rc","source":"cca"}},{"type":"Feature","geometry":{"type":"Point","coordinates":[-1.31,51.06]},"properties":{"id":"9f3b45eaa723","title":"Telegraph Hill, Nr Cheesefoot Head, Nr Winchester, Hampshire. Formed 16th June (reported 1990)","date":"1990","datePrecision":"y","country":"United Kingdom","region":"Hampshire. Formed 16th June","coordSource":"rc","source":"cca"}},{"type":"Feature","geometry":{"type":"Point","coordinates":[-1.31,51.06]},"properties":{"id":"be18586433b2","title":"Litchfield, (A34 road), Nr Newbury, Hampshire. Formed 23rd June (reported 1990)","date":"1990","datePrecision":"y","country":"United Kingdom","region":"Hampshire. Formed 23rd June","coordSource":"rc","source":"cca"}},{"type":"Feature","geometry":{"type":"Point","coordinates":[-1.31,51.06]},"properties":{"id":"b2ca497823b4","title":"Longwood Estate, Cheesefoot Head, Nr Winchester, Hampshire. Formed 28th June (reported 1990)","date":"1990","datePrecision":"y","country":"United Kingdom","region":"Hampshire. Formed 28th June","coordSource":"rc","source":"cca"}},{"type":"Feature","geometry":{"type":"Point","coordinates":[-1.95,51.32]},"properties":{"id":"aa9c5d9a20cb","title":"Crawley Down, North of Salisbury, Wiltshire. Formed 13th July (reported 1990)","date":"1990","datePrecision":"y","country":"United Kingdom","region":"Wiltshire. Formed 13th July","coordSource":"rc","source":"cca"}},{"type":"Feature","geometry":{"type":"Point","coordinates":[-1.31,51.06]},"properties":{"id":"98acce88b0af","title":"Farley Mount, Nr Winchester, Hampshire. Formed early July (reported 1990)","date":"1990","datePrecision":"y","country":"United Kingdom","region":"Hampshire. Formed early July","coordSource":"rc","source":"cca"}},{"type":"Feature","geometry":{"type":"Point","coordinates":[-1.95,51.32]},"properties":{"id":"64c2e53685d5","title":"Stanton St Bernard, Nr Devizes, Wiltshire. Formed 12th July (reported 1990)","date":"1990","datePrecision":"y","country":"United Kingdom","region":"Wiltshire. Formed 12th July","coordSource":"rc","source":"cca"}},{"type":"Feature","geometry":{"type":"Point","coordinates":[-1.95,51.32]},"properties":{"id":"19d66c0d3c7e","title":"Wansdyke Path, Allington Down, Nr Devizes, Wiltshire. Formed Mid July (reported 1990)","date":"1990","datePrecision":"y","country":"United Kingdom","region":"Wiltshire. Formed Mid July","coordSource":"rc","source":"cca"}},{"type":"Feature","geometry":{"type":"Point","coordinates":[-1.95,51.32]},"properties":{"id":"24c52618a09a","title":"Bratton Castle, Nr Westbury, Wiltshire. Formed 25th July (reported 1990)","date":"1990","datePrecision":"y","country":"United Kingdom","region":"Wiltshire. Formed 25th July","coordSource":"rc","source":"cca"}},{"type":"Feature","geometry":{"type":"Point","coordinates":[-1.95,51.32]},"properties":{"id":"4c9490a74ded","title":"Allington Down, East Kennet, Nr Avebury, Wiltshire. Formed 26th July (reported 1990)","date":"1990","datePrecision":"y","country":"United Kingdom","region":"Wiltshire. Formed 26th July","coordSource":"rc","source":"cca"}},{"type":"Feature","geometry":{"type":"Point","coordinates":[-1,53.13]},"properties":{"id":"28e8e98a601f","title":"Bramcote, Nr Nottngham, Nottinghamshire. July 1990 (reported 1990)","date":"1990","datePrecision":"y","country":"United Kingdom","region":"Nottinghamshire. July 1990","coordSource":"rc","source":"cca"}},{"type":"Feature","geometry":{"type":"Point","coordinates":[-1.95,51.32]},"properties":{"id":"7283fee4136c","title":"Etchilhampton, Nr Devizes, Wiltshire. Formed 30th July (reported 1990)","date":"1990","datePrecision":"y","country":"United Kingdom","region":"Wiltshire. Formed 30th July","coordSource":"rc","source":"cca"}},{"type":"Feature","geometry":{"type":"Point","coordinates":[-1.95,51.32]},"properties":{"id":"59ef1271af81","title":"Westbury, Wiltshire. Formed 7th August (reported 1990)","date":"1990","datePrecision":"y","country":"United Kingdom","region":"Wiltshire. Formed 7th August","coordSource":"rc","source":"cca"}},{"type":"Feature","geometry":{"type":"Point","coordinates":[-1.31,51.06]},"properties":{"id":"b7488df418de","title":"Barn Field, Cheesefoot Head, Nr Winchester, Hampshire. Formed 11th August (reported 1990)","date":"1990","datePrecision":"y","country":"United Kingdom","region":"Hampshire. Formed 11th August","coordSource":"rc","source":"cca"}},{"type":"Feature","geometry":{"type":"Point","coordinates":[-82.45,28.63]},"properties":{"id":"1e02e9029f07","title":"Gulf Breeze, Santa Rosa County (February 28, 1990)","date":"1990-02-28","datePrecision":"d","country":"United States","region":"Florida","coordSource":"rc","source":"iccra","tags":["circle"]}},{"type":"Feature","geometry":{"type":"Point","coordinates":[-77.8,40.88]},"properties":{"id":"d4cf9188a388","title":"Finleyville, Washington County (May 17, 1990)","date":"1990-05-17","datePrecision":"d","country":"United States","region":"Pennsylvania","coordSource":"rc","source":"iccra","tags":["circle","ring"]}},{"type":"Feature","geometry":{"type":"Point","coordinates":[-1.31,51.06]},"properties":{"id":"e241bec44149","title":"Longwarren, nr Chilcomb, Hampshire (reported 1990-05-30)","date":"1990-05-30","datePrecision":"d","country":"United Kingdom","region":"Hampshire","coordSource":"rc","source":"cca"}},{"type":"Feature","geometry":{"type":"Point","coordinates":[-1.95,51.32]},"properties":{"id":"cec165a728ff","title":"Stone Pitt Hill, nr Blackland, Wiltshire (reported 1990-06-02)","date":"1990-06-02","datePrecision":"d","country":"United Kingdom","region":"Wiltshire","coordSource":"rc","source":"cca"}},{"type":"Feature","geometry":{"type":"Point","coordinates":[-92.46,38.35]},"properties":{"id":"aa15f5d50bcc","title":"Osceola, St. Clair County (June 21, 1990)","date":"1990-06-21","datePrecision":"d","country":"United States","region":"Missouri","coordSource":"rc","source":"iccra","tags":["circle","star"]}},{"type":"Feature","geometry":{"type":"Point","coordinates":[-92.46,38.35]},"properties":{"id":"fed3bde25f1f","title":"Odessa, Lafayette County (June 21, 1990)","date":"1990-06-21","datePrecision":"d","country":"United States","region":"Missouri","coordSource":"rc","source":"iccra","tags":["circle","pathway","spiral","star"]}},{"type":"Feature","geometry":{"type":"Point","coordinates":[-92.46,38.35]},"properties":{"id":"e6391def703c","title":"Bates City, Lafayette County (June 21, 1990)","date":"1990-06-21","datePrecision":"d","country":"United States","region":"Missouri","coordSource":"rc","source":"iccra","tags":["circle","spiral","star"]}},{"type":"Feature","geometry":{"type":"Point","coordinates":[-86.28,39.89]},"properties":{"id":"caf6f84baa10","title":"Warsaw, Kosciusko County (June 27, 1990)","date":"1990-06-27","datePrecision":"d","country":"United States","region":"Indiana","coordSource":"rc","source":"iccra","tags":["circle","lattice","star"]}},{"type":"Feature","geometry":{"type":"Point","coordinates":[-1.31,51.06]},"properties":{"id":"7dfba846ccb3","title":"Twyford Down, nr Morestead, Hampshire (reported 1990-06-30)","date":"1990-06-30","datePrecision":"d","country":"United Kingdom","region":"Hampshire","coordSource":"rc","source":"cca"}},{"type":"Feature","geometry":{"type":"Point","coordinates":[-100.23,44.44]},"properties":{"id":"f940d1946009","title":"Eagle Butte, Dewey County (July, 1990)","date":"1990-07","datePrecision":"m","country":"United States","region":"South Dakota","coordSource":"rc","source":"iccra","tags":["circle"]}},{"type":"Feature","geometry":{"type":"Point","coordinates":[-1,53.13]},"properties":{"id":"1ada919aedcd","title":"Bramcote, Nr Nottngham, Nottinghamshire (reported 1990-07)","date":"1990-07","datePrecision":"m","country":"United Kingdom","region":"Nottinghamshire","coordSource":"rc","source":"cca"}},{"type":"Feature","geometry":{"type":"Point","coordinates":[-1.95,51.32]},"properties":{"id":"d07808d7e050","title":"Bratton, nr Westbury, Wiltshire (reported 1990-07)","date":"1990-07","datePrecision":"m","country":"United Kingdom","region":"Wiltshire","coordSource":"rc","source":"cca"}},{"type":"Feature","geometry":{"type":"Point","coordinates":[-1.31,51.06]},"properties":{"id":"714e1d156ceb","title":"Chilcomb Down, nr Chilcomb, Hampshire (reported 1990-07-07)","date":"1990-07-07","datePrecision":"d","country":"United Kingdom","region":"Hampshire","coordSource":"rc","source":"cca"}},{"type":"Feature","geometry":{"type":"Point","coordinates":[-1.95,51.32]},"properties":{"id":"219b26583996","title":"Alton Barnes, Nr Devizes, Wiltshire (reported 1990-07-12)","date":"1990-07-12","datePrecision":"d","country":"United Kingdom","region":"Wiltshire","coordSource":"rc","source":"cca"}},{"type":"Feature","geometry":{"type":"Point","coordinates":[-1.31,51.06]},"properties":{"id":"5c50e73bdc29","title":"Kilmeston, nr New Alresford, Hampshire (reported 1990-07-22)","date":"1990-07-22","datePrecision":"d","country":"United Kingdom","region":"Hampshire","coordSource":"rc","source":"cca"}},{"type":"Feature","geometry":{"type":"Point","coordinates":[-89.2,40.04]},"properties":{"id":"b6f21db7bf76","title":"Shelbyville, Shelby County (August 1990)","date":"1990-08","datePrecision":"m","country":"United States","region":"Illinois","coordSource":"rc","source":"iccra","tags":["circle"]}},{"type":"Feature","geometry":{"type":"Point","coordinates":[0.95,52.67]},"properties":{"id":"59728a19cea8","title":"Crickmore Farm, White Horse Common, Nr Swafield, North Norfolk (reported 1990-08-03)","date":"1990-08-03","datePrecision":"d","country":"United Kingdom","region":"North Norfolk","coordSource":"rc","source":"cca"}},{"type":"Feature","geometry":{"type":"Point","coordinates":[-77.8,40.88]},"properties":{"id":"e106c4aeb7eb","title":"Chicora, Butler County (August 25, 1990)","date":"1990-08-25","datePrecision":"d","country":"United States","region":"Pennsylvania","coordSource":"rc","source":"iccra","tags":["circle","ring"]}},{"type":"Feature","geometry":{"type":"Point","coordinates":[-79.39,35.55]},"properties":{"id":"9100b875544e","title":"Vale, Lincoln County (September, 1990)","date":"1990-09","datePrecision":"m","country":"United States","region":"North Carolina","coordSource":"rc","source":"iccra","tags":["circle"]}},{"type":"Feature","geometry":{"type":"Point","coordinates":[-79.39,35.55]},"properties":{"id":"b11ca49508fd","title":"Charlotte, Mecklenburg County (September, 1990)","date":"1990-09","datePrecision":"m","country":"United States","region":"North Carolina","coordSource":"rc","source":"iccra","tags":["circle"]}},{"type":"Feature","geometry":{"type":"Point","coordinates":[-120.56,43.93]},"properties":{"id":"ae0579f765f5","title":"Steens Mountain / Mickey Basin / Alvord Desert, Harney County (September 10, 1990)","date":"1990-09-10","datePrecision":"d","country":"United States","region":"Oregon","coordSource":"rc","source":"iccra","tags":["mandala"]}},{"type":"Feature","geometry":{"type":"Point","coordinates":[-98.38,38.49]},"properties":{"id":"5469fb1a29b4","title":"Oskaloosa, Jefferson County (September 21, 1990)","date":"1990-09-21","datePrecision":"d","country":"United States","region":"Kansas","coordSource":"rc","source":"iccra","tags":["circle","star"]}},{"type":"Feature","geometry":{"type":"Point","coordinates":[-98.38,38.49]},"properties":{"id":"30fda36d46c5","title":"Topeka, Shawnee County (September 21, 1990)","date":"1990-09-21","datePrecision":"d","country":"United States","region":"Kansas","coordSource":"rc","source":"iccra","tags":["circle","star"]}},{"type":"Feature","geometry":{"type":"Point","coordinates":[-92.46,38.35]},"properties":{"id":"2cc7a2abcdca","title":"Craig, Holt County (October, 1990)","date":"1990-10","datePrecision":"m","country":"United States","region":"Missouri","coordSource":"rc","source":"iccra","tags":["circle"]}},{"type":"Feature","geometry":{"type":"Point","coordinates":[-89.2,40.04]},"properties":{"id":"6778689283ed","title":"Xenia, Clay County (October 9, 1990)","date":"1990-10-09","datePrecision":"d","country":"United States","region":"Illinois","coordSource":"rc","source":"iccra","tags":["circle","ring"]}},{"type":"Feature","geometry":{"type":"Point","coordinates":[-79.39,35.55]},"properties":{"id":"f6b463872a12","title":"Asheboro, Randolph County (October 11, 1990)","date":"1990-10-11","datePrecision":"d","country":"United States","region":"North Carolina","coordSource":"rc","source":"iccra","tags":["circle","ring"]}},{"type":"Feature","geometry":{"type":"Point","coordinates":[-99.8,41.54]},"properties":{"id":"aa17dc4d50a7","title":"Barada, Richardson County (October 15, 1990)","date":"1990-10-15","datePrecision":"d","country":"United States","region":"Nebraska","coordSource":"rc","source":"iccra","tags":["circle"]}},{"type":"Feature","geometry":{"type":"Point","coordinates":[-89.2,40.04]},"properties":{"id":"4d7aadf9f5f9","title":"Milan / Rock Island, Rock Island County (October 16, 1990)","date":"1990-10-16","datePrecision":"d","country":"United States","region":"Illinois","coordSource":"rc","source":"iccra","tags":["circle"]}},{"type":"Feature","geometry":{"type":"Point","coordinates":[-93.5,42.08]},"properties":{"id":"49e1a210761b","title":"Blue Grass, Scott County (October 16, 1990)","date":"1990-10-16","datePrecision":"d","country":"United States","region":"Iowa","coordSource":"rc","source":"iccra","tags":[]}},{"type":"Feature","geometry":{"type":"Point","coordinates":[-82.45,28.63]},"properties":{"id":"a170c2b4cba5","title":"Gulf Breeze, Santa Rosa County (November, 1990)","date":"1990-11","datePrecision":"m","country":"United States","region":"Florida","coordSource":"rc","source":"iccra","tags":["circle"]}},{"type":"Feature","geometry":{"type":"Point","coordinates":[-89.2,40.04]},"properties":{"id":"6cab09d12ea0","title":"Moline, Rock Island County (November 16, 1990)","date":"1990-11-16","datePrecision":"d","country":"United States","region":"Illinois","coordSource":"rc","source":"iccra","tags":["circle"]}},{"type":"Feature","geometry":{"type":"Point","coordinates":[6.62,52.86]},"properties":{"id":"9206ccab9b71","title":"Donderen, Drenthe, 1991","date":"1991","datePrecision":"y","country":"Netherlands","region":"Drenthe","coordSource":"rc","source":"dcca"}},{"type":"Feature","geometry":{"type":"Point","coordinates":[-83.44,32.64]},"properties":{"id":"3a7cc2400f47","title":"Jonesboro, Clayton County (1991)","date":"1991","datePrecision":"y","country":"United States","region":"Georgia","coordSource":"rc","source":"iccra","tags":[]}},{"type":"Feature","geometry":{"type":"Point","coordinates":[-89.2,40.04]},"properties":{"id":"99562a03b266","title":"Lemont / Argonne, DuPage County (Fall 1991)","date":"1991","datePrecision":"y","country":"United States","region":"Illinois","coordSource":"rc","source":"iccra","tags":["circle"]}},{"type":"Feature","geometry":{"type":"Point","coordinates":[-1.13,52.63]},"properties":{"id":"6542cc4ac534","title":"Husbands Bosworth, Nr Market Harborough, Leicestershire. May (reported 1991)","date":"1991","datePrecision":"y","country":"United Kingdom","region":"Leicestershire. May","coordSource":"rc","source":"cca"}},{"type":"Feature","geometry":{"type":"Point","coordinates":[-1.31,51.06]},"properties":{"id":"bfa0a2d24c6e","title":"Crop circle at Upom, nr Winchester, Hampshire. Formed early June 1991 (reported 1991)","date":"1991","datePrecision":"y","country":"United Kingdom","region":"Hampshire. Formed early June 1991","coordSource":"rc","source":"cca"}},{"type":"Feature","geometry":{"type":"Point","coordinates":[-1.95,51.32]},"properties":{"id":"3b00c551b42e","title":"Avebury Trusloe, Nr Avebury, Wiltshire (reported 1991)","date":"1991","datePrecision":"y","country":"United Kingdom","region":"Wiltshire","coordSource":"rc","source":"cca"}},{"type":"Feature","geometry":{"type":"Point","coordinates":[-1.95,51.32]},"properties":{"id":"5ce57961f3c2","title":"Crop Circle at Yatesbury Field, nr Beckhampton, Wiltshire. Formed mid June 1991 (reported 1991)","date":"1991","datePrecision":"y","country":"United Kingdom","region":"Wiltshire. Formed mid June 1991","coordSource":"rc","source":"cca"}},{"type":"Feature","geometry":{"type":"Point","coordinates":[-1.31,51.06]},"properties":{"id":"360dad9c5c17","title":"Crop circle at The 1st Insectogram at Cheesefoot Head, Nr Winchester, Hampshire. Formed Mid June 1991 (reported 1991)","date":"1991","datePrecision":"y","country":"United Kingdom","region":"Hampshire. Formed Mid June 1991","coordSource":"rc","source":"cca"}},{"type":"Feature","geometry":{"type":"Point","coordinates":[-1.95,51.32]},"properties":{"id":"217d338f3671","title":"Crop circle at West Woods, nr Lockeridge, Wiltshire. Formed mid June 1991 (reported 1991)","date":"1991","datePrecision":"y","country":"United Kingdom","region":"Wiltshire. Formed mid June 1991","coordSource":"rc","source":"cca"}},{"type":"Feature","geometry":{"type":"Point","coordinates":[-1.95,51.32]},"properties":{"id":"b3b44878a0fe","title":"Crop Circle at Furze knoll, nr Bishop Canning, Wiltshire. Late June 1991 (reported 1991)","date":"1991","datePrecision":"y","country":"United Kingdom","region":"Wiltshire. Late June 1991","coordSource":"rc","source":"cca"}},{"type":"Feature","geometry":{"type":"Point","coordinates":[-1.95,51.32]},"properties":{"id":"370efe44ea78","title":"Crop circle at Firs Farm, nr Bishop Cannings, Wiltshire. Formed Late June 1991 (reported 1991)","date":"1991","datePrecision":"y","country":"United Kingdom","region":"Wiltshire. Formed Late June 1991","coordSource":"rc","source":"cca"}},{"type":"Feature","geometry":{"type":"Point","coordinates":[-1.95,51.32]},"properties":{"id":"d0ee5d653aae","title":"Crop Circle at Lurkley Hill, nr West Overton, Wiltshire. Formed 29th June 1991 (reported 1991)","date":"1991","datePrecision":"y","country":"United Kingdom","region":"Wiltshire. Formed 29th June 1991","coordSource":"rc","source":"cca"}},{"type":"Feature","geometry":{"type":"Point","coordinates":[-1.31,51.06]},"properties":{"id":"a2753b5ac9a4","title":"Litchfield, Nr Newbury, Hampshire. Formed Late June (reported 1991)","date":"1991","datePrecision":"y","country":"United Kingdom","region":"Hampshire. Formed Late June","coordSource":"rc","source":"cca"}},{"type":"Feature","geometry":{"type":"Point","coordinates":[-109.63,47.05]},"properties":{"id":"8338d8f326ef","title":"Unknown (January 1, 1991)","date":"1991-01-01","datePrecision":"d","country":"United States","region":"Montana","coordSource":"rc","source":"iccra","tags":["circle"]}},{"type":"Feature","geometry":{"type":"Point","coordinates":[-71.81,42.26]},"properties":{"id":"03b737e3d290","title":"Waltham (Charles River), Middlesex County (January 11, 1991)","date":"1991-01-11","datePrecision":"d","country":"United States","region":"Massachusetts","coordSource":"rc","source":"iccra","tags":["circle","ring"]}},{"type":"Feature","geometry":{"type":"Point","coordinates":[-82.79,40.29]},"properties":{"id":"db5b4b81d1bd","title":"Millersburg, Holmes County (February, 1991)","date":"1991-02","datePrecision":"m","country":"United States","region":"Ohio","coordSource":"rc","source":"iccra","tags":["circle"]}},{"type":"Feature","geometry":{"type":"Point","coordinates":[-86.35,35.86]},"properties":{"id":"eef4b54121fa","title":"Knoxville, Knox County (April 17, 1991)","date":"1991-04-17","datePrecision":"d","country":"United States","region":"Tennessee","coordSource":"rc","source":"iccra","tags":["circle"]}},{"type":"Feature","geometry":{"type":"Point","coordinates":[-1.95,51.32]},"properties":{"id":"4ad9e94819c8","title":"Yarnbury Castle, nr Warminster, Wiltshire (reported 1991-05-13)","date":"1991-05-13","datePrecision":"d","country":"United Kingdom","region":"Wiltshire","coordSource":"rc","source":"cca"}},{"type":"Feature","geometry":{"type":"Point","coordinates":[-86.35,35.86]},"properties":{"id":"ceeb7a7370e7","title":"Dandridge, Jefferson County (May 22, 1991)","date":"1991-05-22","datePrecision":"d","country":"United States","region":"Tennessee","coordSource":"rc","source":"iccra","tags":["circle","ring"]}},{"type":"Feature","geometry":{"type":"Point","coordinates":[-1.32,50.67]},"properties":{"id":"825a59ed0183","title":"Arreton, nr Newport, Isle Of Wight (reported 1991-05-24)","date":"1991-05-24","datePrecision":"d","country":"United Kingdom","region":"Isle Of Wight","coordSource":"rc","source":"cca"}},{"type":"Feature","geometry":{"type":"Point","coordinates":[-89.2,40.04]},"properties":{"id":"fafe79ae9a1e","title":"Troy, Madison County (June 16, 1991)","date":"1991-06-16","datePrecision":"d","country":"United States","region":"Illinois","coordSource":"rc","source":"iccra","tags":["circle"]}},{"type":"Feature","geometry":{"type":"Point","coordinates":[-97.49,35.59]},"properties":{"id":"73a8288c136a","title":"Lawton, Dandridge County / Fargo, Ellis County (June 20, 1991)","date":"1991-06-20","datePrecision":"d","country":"United States","region":"Oklahoma","coordSource":"rc","source":"iccra","tags":["ring"]}},{"type":"Feature","geometry":{"type":"Point","coordinates":[-75.53,42.95]},"properties":{"id":"840f38580a51","title":"Medina / Shelby, Orleans County (July 5, 1991)","date":"1991-07-05","datePrecision":"d","country":"United States","region":"New York","coordSource":"rc","source":"iccra","tags":["circle"]}},{"type":"Feature","geometry":{"type":"Point","coordinates":[-75.53,42.95]},"properties":{"id":"daabf58bde74","title":"Unknown (July 17, 1991)","date":"1991-07-17","datePrecision":"d","country":"United States","region":"New York","coordSource":"rc","source":"iccra","tags":["circle","ring","triangle"]}},{"type":"Feature","geometry":{"type":"Point","coordinates":[-66.42,18.22]},"properties":{"id":"da6b7caa63fe","title":"Ajuntas, Ajuntas County (August 1991)","date":"1991-08","datePrecision":"m","country":"United States","region":"Puerto Rico","coordSource":"rc","source":"iccra","tags":["circle","ring"]}},{"type":"Feature","geometry":{"type":"Point","coordinates":[-79.39,35.55]},"properties":{"id":"8747df5ea9e6","title":"Charlotte, Mecklenburg County (August 8, 1991)","date":"1991-08-08","datePrecision":"d","country":"United States","region":"North Carolina","coordSource":"rc","source":"iccra","tags":["circle"]}},{"type":"Feature","geometry":{"type":"Point","coordinates":[-83.44,32.64]},"properties":{"id":"ec49657c5456","title":"Atlanta, Fulton County (August 17, 1991)","date":"1991-08-17","datePrecision":"d","country":"United States","region":"Georgia","coordSource":"rc","source":"iccra","tags":["circle","ring"]}},{"type":"Feature","geometry":{"type":"Point","coordinates":[-93.5,42.08]},"properties":{"id":"49cf2794ea46","title":"Blue Grass, Scott County (August 22, 1991)","date":"1991-08-22","datePrecision":"d","country":"United States","region":"Iowa","coordSource":"rc","source":"iccra","tags":["circle"]}},{"type":"Feature","geometry":{"type":"Point","coordinates":[-98.38,38.49]},"properties":{"id":"c94b19a9860a","title":"Highland, Doniphan County (September 28, 1991)","date":"1991-09-28","datePrecision":"d","country":"United States","region":"Kansas","coordSource":"rc","source":"iccra","tags":[]}},{"type":"Feature","geometry":{"type":"Point","coordinates":[-119.47,37.18]},"properties":{"id":"bf5b90c763ab","title":"San Francisco, San Francisco County (1992)","date":"1992","datePrecision":"y","country":"United States","region":"California","coordSource":"rc","source":"iccra","tags":["ring"]}},{"type":"Feature","geometry":{"type":"Point","coordinates":[-1.31,51.06]},"properties":{"id":"85add10cff93","title":"Sutton Scotney, Nr Winchester, Hampshire. Formed 28th April (reported 1992)","date":"1992","datePrecision":"y","country":"United Kingdom","region":"Hampshire. Formed 28th April","coordSource":"rc","source":"cca"}},{"type":"Feature","geometry":{"type":"Point","coordinates":[-1.95,51.32]},"properties":{"id":"732d6ede0a98","title":"Urchfont, Nr Devizes, Wiltshire. Formed 17th May (reported 1992)","date":"1992","datePrecision":"y","country":"United Kingdom","region":"Wiltshire. Formed 17th May","coordSource":"rc","source":"cca"}},{"type":"Feature","geometry":{"type":"Point","coordinates":[-1.95,51.32]},"properties":{"id":"b1f121c50411","title":"Crop circle at Avebury Trusloe, Nr Beckhampton, Wiltshire. Formed 20th May 1992 (reported 1992)","date":"1992","datePrecision":"y","country":"United Kingdom","region":"Wiltshire. Formed 20th May 1992","coordSource":"rc","source":"cca"}},{"type":"Feature","geometry":{"type":"Point","coordinates":[-1.95,51.32]},"properties":{"id":"b281399c960c","title":"Crop Circle at Cherhill, nr Calne, Wiltshire. Formed 23rd May 1992 (reported 1992)","date":"1992","datePrecision":"y","country":"United Kingdom","region":"Wiltshire. Formed 23rd May 1992","coordSource":"rc","source":"cca"}},{"type":"Feature","geometry":{"type":"Point","coordinates":[-1.31,51.06]},"properties":{"id":"57a3344c69ba","title":"Chilbolton, Nr Andover,Hampshire. Formed 23rd May (reported 1992)","date":"1992","datePrecision":"y","country":"United Kingdom","region":"Hampshire. Formed 23rd May","coordSource":"rc","source":"cca"}},{"type":"Feature","geometry":{"type":"Point","coordinates":[-1.95,51.32]},"properties":{"id":"90cac77ebf27","title":"West Woods, Lockeridge, Wiltshire. Formed May 25th (reported 1992)","date":"1992","datePrecision":"y","country":"United Kingdom","region":"Wiltshire. Formed May 25th","coordSource":"rc","source":"cca"}},{"type":"Feature","geometry":{"type":"Point","coordinates":[-1.95,51.32]},"properties":{"id":"789520a0db15","title":"Crop circle at West Woods, Lockeridge, Wiltshire. Formed May 25th 1992 (reported 1992)","date":"1992","datePrecision":"y","country":"United Kingdom","region":"Wiltshire. Formed May 25th 1992","coordSource":"rc","source":"cca"}},{"type":"Feature","geometry":{"type":"Point","coordinates":[-1.95,51.32]},"properties":{"id":"94295d8ee3a3","title":"East Field, Nr Alton Barnes, Wiltshire. Formed 29th May (reported 1992)","date":"1992","datePrecision":"y","country":"United Kingdom","region":"Wiltshire. Formed 29th May","coordSource":"rc","source":"cca"}},{"type":"Feature","geometry":{"type":"Point","coordinates":[-1.95,51.32]},"properties":{"id":"22b00e3cc969","title":"Upton Scudamore, nr Warminster, Wiltshire. Formed 30th May (reported 1992)","date":"1992","datePrecision":"y","country":"United Kingdom","region":"Wiltshire. Formed 30th May","coordSource":"rc","source":"cca"}},{"type":"Feature","geometry":{"type":"Point","coordinates":[-1.95,51.32]},"properties":{"id":"6eab8a145f2a","title":"Alton Barnes, Nr Devizes, Wiltshire. Formed 2nd June (reported 1992)","date":"1992","datePrecision":"y","country":"United Kingdom","region":"Wiltshire. Formed 2nd June","coordSource":"rc","source":"cca"}},{"type":"Feature","geometry":{"type":"Point","coordinates":[-1.95,51.32]},"properties":{"id":"d2a379dd1391","title":"Overtown Farm, Nr Wroughton, Wiltshire. Formed 4th June (reported 1992)","date":"1992","datePrecision":"y","country":"United Kingdom","region":"Wiltshire. Formed 4th June","coordSource":"rc","source":"cca"}},{"type":"Feature","geometry":{"type":"Point","coordinates":[-1.95,51.32]},"properties":{"id":"08902a8abece","title":"Old Sarum, nr Salisbury, Wiltshire. Formed 5th June (reported 1992)","date":"1992","datePrecision":"y","country":"United Kingdom","region":"Wiltshire. Formed 5th June","coordSource":"rc","source":"cca"}},{"type":"Feature","geometry":{"type":"Point","coordinates":[-1.95,51.32]},"properties":{"id":"3e2fb33420f8","title":"Waden Hill, Nr Avebury, Wiltshire. Formed 8th June (reported 1992)","date":"1992","datePrecision":"y","country":"United Kingdom","region":"Wiltshire. Formed 8th June","coordSource":"rc","source":"cca"}},{"type":"Feature","geometry":{"type":"Point","coordinates":[-1.95,51.32]},"properties":{"id":"f3057654cef2","title":"Silbury Hill, Nr Avebury, Wiltshire. Formed 9th June (reported 1992)","date":"1992","datePrecision":"y","country":"United Kingdom","region":"Wiltshire. Formed 9th June","coordSource":"rc","source":"cca"}},{"type":"Feature","geometry":{"type":"Point","coordinates":[-2.58,51.45]},"properties":{"id":"fedd595b5b15","title":"Dundry Hill, nr Hartcliffe, Bristol. Formed 11th June (reported 1992)","date":"1992","datePrecision":"y","country":"United Kingdom","region":"Bristol. Formed 11th June","coordSource":"rc","source":"cca"}},{"type":"Feature","geometry":{"type":"Point","coordinates":[-1.95,51.32]},"properties":{"id":"ff9f8c237d44","title":"Upton Scudamore, Nr Warminster, Wiltshire. Formed June 11th (reported 1992)","date":"1992","datePrecision":"y","country":"United Kingdom","region":"Wiltshire. Formed June 11th","coordSource":"rc","source":"cca"}},{"type":"Feature","geometry":{"type":"Point","coordinates":[-1.95,51.32]},"properties":{"id":"541eb77100a8","title":"Crop Circle at Baltic Farm, nr Bishop Cannings, Wiltshire. Formed 12th June 1992 (reported 1992)","date":"1992","datePrecision":"y","country":"United Kingdom","region":"Wiltshire. Formed 12th June 1992","coordSource":"rc","source":"cca"}},{"type":"Feature","geometry":{"type":"Point","coordinates":[-1.95,51.32]},"properties":{"id":"f586c556f799","title":"Crop Circle at Durran Farm, Nr Beckhampton, Wiltshire. formed 18th June 1992 (reported 1992)","date":"1992","datePrecision":"y","country":"United Kingdom","region":"Wiltshire. formed 18th June 1992","coordSource":"rc","source":"cca"}},{"type":"Feature","geometry":{"type":"Point","coordinates":[-1.95,51.32]},"properties":{"id":"ee9abc3dfa7d","title":"Morgan Hill, Nr Devizes, Wiltshire. Formed June (reported 1992)","date":"1992","datePrecision":"y","country":"United Kingdom","region":"Wiltshire. Formed June","coordSource":"rc","source":"cca"}},{"type":"Feature","geometry":{"type":"Point","coordinates":[-1.95,51.32]},"properties":{"id":"3e8a91f51433","title":"Norridge Common, Nr Warminster, Wiltshire. Formed 22nd June (reported 1992)","date":"1992","datePrecision":"y","country":"United Kingdom","region":"Wiltshire. Formed 22nd June","coordSource":"rc","source":"cca"}},{"type":"Feature","geometry":{"type":"Point","coordinates":[-1.95,51.32]},"properties":{"id":"7841b9efd23c","title":"Beckhampton, Wiltshire. Formed 26th June (reported 1992)","date":"1992","datePrecision":"y","country":"United Kingdom","region":"Wiltshire. Formed 26th June","coordSource":"rc","source":"cca"}},{"type":"Feature","geometry":{"type":"Point","coordinates":[-1.95,51.32]},"properties":{"id":"0dc2bd2e8289","title":"Alton Barnes Village, Nr Devizes, Wiltshire. Formed 29th June (reported 1992)","date":"1992","datePrecision":"y","country":"United Kingdom","region":"Wiltshire. Formed 29th June","coordSource":"rc","source":"cca"}},{"type":"Feature","geometry":{"type":"Point","coordinates":[-74.67,40.19]},"properties":{"id":"11c6f936e311","title":"Flemington, Hunterdon County (February 1, 1992)","date":"1992-02-01","datePrecision":"d","country":"United States","region":"New Jersey","coordSource":"rc","source":"iccra","tags":["figure","triangle"]}},{"type":"Feature","geometry":{"type":"Point","coordinates":[-82.79,40.29]},"properties":{"id":"1ff1cb4a2be0","title":"Dundee, Tuscarawas County (March 20, 1992)","date":"1992-03-20","datePrecision":"d","country":"United States","region":"Ohio","coordSource":"rc","source":"iccra","tags":["oval"]}},{"type":"Feature","geometry":{"type":"Point","coordinates":[-71.58,43.68]},"properties":{"id":"fc1d1e590619","title":"Unknown (April 1992)","date":"1992-04","datePrecision":"m","country":"United States","region":"New Hampshire","coordSource":"rc","source":"iccra","tags":[]}},{"type":"Feature","geometry":{"type":"Point","coordinates":[-83.44,32.64]},"properties":{"id":"2dc138603b5d","title":"Jonesboro, Clayton County (April 26, 1992)","date":"1992-04-26","datePrecision":"d","country":"United States","region":"Georgia","coordSource":"rc","source":"iccra","tags":[]}},{"type":"Feature","geometry":{"type":"Point","coordinates":[-86.35,35.86]},"properties":{"id":"d79f3cbb4c8b","title":"Jefferson County (May 12, 1992)","date":"1992-05-12","datePrecision":"d","country":"United States","region":"Tennessee","coordSource":"rc","source":"iccra","tags":["circle"]}},{"type":"Feature","geometry":{"type":"Point","coordinates":[-92.44,34.89]},"properties":{"id":"aaf5b3ac5f2a","title":"Chino Valley, Yavapai County (May 17, 1992)","date":"1992-05-17","datePrecision":"d","country":"United States","region":"Arkansas","coordSource":"rc","source":"iccra","tags":[]}},{"type":"Feature","geometry":{"type":"Point","coordinates":[-77.8,40.88]},"properties":{"id":"62cd3ef72a25","title":"Linfield, Montgomery County (May 24, 1992)","date":"1992-05-24","datePrecision":"d","country":"United States","region":"Pennsylvania","coordSource":"rc","source":"iccra","tags":["circle","ring"]}},{"type":"Feature","geometry":{"type":"Point","coordinates":[-77.8,40.88]},"properties":{"id":"a8fc36c3dc57","title":"Limerick Township, Montgomery County (May 26, 1992)","date":"1992-05-26","datePrecision":"d","country":"United States","region":"Pennsylvania","coordSource":"rc","source":"iccra","tags":["circle","triangle"]}},{"type":"Feature","geometry":{"type":"Point","coordinates":[-99.8,41.54]},"properties":{"id":"8515eeca65e8","title":"Omaha, Douglas County (May 29, 1992)","date":"1992-05-29","datePrecision":"d","country":"United States","region":"Nebraska","coordSource":"rc","source":"iccra","tags":[]}},{"type":"Feature","geometry":{"type":"Point","coordinates":[-89.2,40.04]},"properties":{"id":"d2d09aa1e3f9","title":"Troy, Madison County (June 1992)","date":"1992-06","datePrecision":"m","country":"United States","region":"Illinois","coordSource":"rc","source":"iccra","tags":["circle","ring"]}},{"type":"Feature","geometry":{"type":"Point","coordinates":[-89.2,40.04]},"properties":{"id":"f46de51e3a48","title":"Troy/ Effingham, Madison County (June 1992)","date":"1992-06","datePrecision":"m","country":"United States","region":"Illinois","coordSource":"rc","source":"iccra","tags":["circle","pathway"]}},{"type":"Feature","geometry":{"type":"Point","coordinates":[-71.81,42.26]},"properties":{"id":"aecedf6f5db3","title":"Scituate, Plymouth County (June 1992)","date":"1992-06","datePrecision":"m","country":"United States","region":"Massachusetts","coordSource":"rc","source":"iccra","tags":["circle"]}},{"type":"Feature","geometry":{"type":"Point","coordinates":[-1,53.13]},"properties":{"id":"55e9b518fffe","title":"Agricultural College, Nr Southwell, Nottinghamshire (reported 1992-06)","date":"1992-06","datePrecision":"m","country":"United Kingdom","region":"Nottinghamshire","coordSource":"rc","source":"cca"}},{"type":"Feature","geometry":{"type":"Point","coordinates":[-0.13,50.95]},"properties":{"id":"850b155c3b26","title":"Brighton, Sussex (reported 1992-06)","date":"1992-06","datePrecision":"m","country":"United Kingdom","region":"Sussex","coordSource":"rc","source":"cca"}},{"type":"Feature","geometry":{"type":"Point","coordinates":[-1.95,51.32]},"properties":{"id":"2d70ae224c04","title":"Beckhampton (2), Wiltshire (reported 1992-06)","date":"1992-06","datePrecision":"m","country":"United Kingdom","region":"Wiltshire","coordSource":"rc","source":"cca"}},{"type":"Feature","geometry":{"type":"Point","coordinates":[-86.35,35.86]},"properties":{"id":"4ebaef84f076","title":"East Knox County (June 12, 1992)","date":"1992-06-12","datePrecision":"d","country":"United States","region":"Tennessee","coordSource":"rc","source":"iccra","tags":[]}},{"type":"Feature","geometry":{"type":"Point","coordinates":[-79.39,35.55]},"properties":{"id":"4f30956b7867","title":"Raeford, Hoke County (June 27, 1992)","date":"1992-06-27","datePrecision":"d","country":"United States","region":"North Carolina","coordSource":"rc","source":"iccra","tags":["circle"]}},{"type":"Feature","geometry":{"type":"Point","coordinates":[-94.31,46.28]},"properties":{"id":"efc3356e97f7","title":"Fergus Falls, Otter Tail County (July 5, 1992)","date":"1992-07-05","datePrecision":"d","country":"United States","region":"Minnesota","coordSource":"rc","source":"iccra","tags":["circle","dumbbell","pathway"]}},{"type":"Feature","geometry":{"type":"Point","coordinates":[-99.8,41.54]},"properties":{"id":"abbf8b564120","title":"Omaha, Douglas County (July 11, 1992)","date":"1992-07-11","datePrecision":"d","country":"United States","region":"Nebraska","coordSource":"rc","source":"iccra","tags":[]}},{"type":"Feature","geometry":{"type":"Point","coordinates":[-75.53,42.95]},"properties":{"id":"ea0ecfb936f1","title":"Herkimer County (July 26, 1992)","date":"1992-07-26","datePrecision":"d","country":"United States","region":"New York","coordSource":"rc","source":"iccra","tags":["circle"]}},{"type":"Feature","geometry":{"type":"Point","coordinates":[-82.79,40.29]},"properties":{"id":"d3027f363d5f","title":"Austinberg / Ashtabula, Ashtabula County (August 30, 1992)","date":"1992-08-30","datePrecision":"d","country":"United States","region":"Ohio","coordSource":"rc","source":"iccra","tags":["star"]}},{"type":"Feature","geometry":{"type":"Point","coordinates":[-100.23,44.44]},"properties":{"id":"92cbc970ae33","title":"Clark, Clark County (September 8, 1992)","date":"1992-09-08","datePrecision":"d","country":"United States","region":"South Dakota","coordSource":"rc","source":"iccra","tags":["circle"]}},{"type":"Feature","geometry":{"type":"Point","coordinates":[-92.46,38.35]},"properties":{"id":"d32b745ce20c","title":"Pittsville, Johnson County (September 27, 1992)","date":"1992-09-27","datePrecision":"d","country":"United States","region":"Missouri","coordSource":"rc","source":"iccra","tags":[]}},{"type":"Feature","geometry":{"type":"Point","coordinates":[5.94,51.21]},"properties":{"id":"bbaa8e49ec11","title":"Roermond, Limburg, 1993","date":"1993","datePrecision":"y","country":"Netherlands","region":"Limburg","coordSource":"rc","source":"dcca"}},{"type":"Feature","geometry":{"type":"Point","coordinates":[5.94,51.21]},"properties":{"id":"d67017825cf4","title":"Houthem, Limburg, 1993","date":"1993","datePrecision":"y","country":"Netherlands","region":"Limburg","coordSource":"rc","source":"dcca","tags":["circle"]}},{"type":"Feature","geometry":{"type":"Point","coordinates":[6.74,53.26]},"properties":{"id":"9e7b15299490","title":"Slochteren, Groningen, 1993","date":"1993","datePrecision":"y","country":"Netherlands","region":"Groningen","coordSource":"rc","source":"dcca"}},{"type":"Feature","geometry":{"type":"Point","coordinates":[-71.81,42.26]},"properties":{"id":"c280f5f9f4c0","title":"Becket, Berkshire County (1993)","date":"1993","datePrecision":"y","country":"United States","region":"Massachusetts","coordSource":"rc","source":"iccra","tags":["circle"]}},{"type":"Feature","geometry":{"type":"Point","coordinates":[-2.3,50.78]},"properties":{"id":"f713542e8a28","title":"Crop Circle at Maiden Castle, nr Dorchester, Dorset. Formed 11th June 2003 (reported 1993)","date":"1993","datePrecision":"y","country":"United Kingdom","region":"Dorset. Formed 11th June 2003","coordSource":"rc","source":"cca"}},{"type":"Feature","geometry":{"type":"Point","coordinates":[-0.13,50.95]},"properties":{"id":"96290c2ec8a0","title":"Sompting, Nr Brighton, Sussex.Formed 24th June (reported 1993)","date":"1993","datePrecision":"y","country":"United Kingdom","region":"Sussex.Formed 24th June","coordSource":"rc","source":"cca"}},{"type":"Feature","geometry":{"type":"Point","coordinates":[-0.42,51.25]},"properties":{"id":"d830f89acdc6","title":"M25 near Reigate, Surrey. Formed 27th June (reported 1993)","date":"1993","datePrecision":"y","country":"United Kingdom","region":"Surrey. Formed 27th June","coordSource":"rc","source":"cca"}},{"type":"Feature","geometry":{"type":"Point","coordinates":[-1.31,51.06]},"properties":{"id":"5ef34a551860","title":"Danbury Rings, Nr Stockbridge, Hampshire Formed 29th June (reported 1993)","date":"1993","datePrecision":"y","country":"United Kingdom","region":"Hampshire Formed 29th June","coordSource":"rc","source":"cca"}},{"type":"Feature","geometry":{"type":"Point","coordinates":[-1.31,51.06]},"properties":{"id":"80b096104e0a","title":"Goodworth Clatford, Nr Andover, Hampshire. Formed 29th June (reported 1993)","date":"1993","datePrecision":"y","country":"United Kingdom","region":"Hampshire. Formed 29th June","coordSource":"rc","source":"cca"}},{"type":"Feature","geometry":{"type":"Point","coordinates":[-1.95,51.32]},"properties":{"id":"6ea4aeba902f","title":"Shaw Farm, Lockeridge, Wiltshire. Formed 4th July (reported 1993)","date":"1993","datePrecision":"y","country":"United Kingdom","region":"Wiltshire. Formed 4th July","coordSource":"rc","source":"cca"}},{"type":"Feature","geometry":{"type":"Point","coordinates":[-1.27662,52.73611]},"properties":{"id":"352900e7309e","title":"Charley Knoll, Nr Loughborough, Middlesex. Formed 7th July (reported 1993)","date":"1993","datePrecision":"y","country":"United Kingdom","region":"Middlesex. Formed 7th July","coordSource":"og","source":"cca"}},{"type":"Feature","geometry":{"type":"Point","coordinates":[-1.95,51.32]},"properties":{"id":"fcd77efc7ece","title":"M4 near Membury, Wiltshire. Formed 8th July (reported 1993)","date":"1993","datePrecision":"y","country":"United Kingdom","region":"Wiltshire. Formed 8th July","coordSource":"rc","source":"cca"}},{"type":"Feature","geometry":{"type":"Point","coordinates":[-1.95,51.32]},"properties":{"id":"fe2ec4f6f4ba","title":"Avebury Avenue, Wiltshire. Formed 11th July (reported 1993)","date":"1993","datePrecision":"y","country":"United Kingdom","region":"Wiltshire. Formed 11th July","coordSource":"rc","source":"cca"}},{"type":"Feature","geometry":{"type":"Point","coordinates":[-1.95,51.32]},"properties":{"id":"2be610da1951","title":"West Overton T-Junction, Lurkley Hill, Nr East Kennett, Wiltshire. Formed 11th July (reported 1993)","date":"1993","datePrecision":"y","country":"United Kingdom","region":"Wiltshire. Formed 11th July","coordSource":"rc","source":"cca"}},{"type":"Feature","geometry":{"type":"Point","coordinates":[-1.95,51.32]},"properties":{"id":"c4a8c749a3ad","title":"Lurkley Hill, Nr East Kennett, Wiltshire (reported 1993)","date":"1993","datePrecision":"y","country":"United Kingdom","region":"Wiltshire","coordSource":"rc","source":"cca"}},{"type":"Feature","geometry":{"type":"Point","coordinates":[-1.95,51.32]},"properties":{"id":"e2edd185f43e","title":"West Overton T-junction, Nr East Kennett, Wiltshire. Formed 11th July (reported 1993)","date":"1993","datePrecision":"y","country":"United Kingdom","region":"Wiltshire. Formed 11th July","coordSource":"rc","source":"cca"}},{"type":"Feature","geometry":{"type":"Point","coordinates":[-1.95,51.32]},"properties":{"id":"e006f8d1a711","title":"West Kennett, Wiltshire. Formed 15th July (reported 1993)","date":"1993","datePrecision":"y","country":"United Kingdom","region":"Wiltshire. Formed 15th July","coordSource":"rc","source":"cca"}},{"type":"Feature","geometry":{"type":"Point","coordinates":[-1.95,51.32]},"properties":{"id":"ee9e4c906526","title":"Etchilhampton Hill, Nr Devizes, Wiltshire. Formed 20th July (reported 1993)","date":"1993","datePrecision":"y","country":"United Kingdom","region":"Wiltshire. Formed 20th July","coordSource":"rc","source":"cca"}},{"type":"Feature","geometry":{"type":"Point","coordinates":[-1.95,51.32]},"properties":{"id":"7f31ed99a0cb","title":"Upton Scudamore, Nr Warminster, Wiltshire. Formed 28th July (reported 1993)","date":"1993","datePrecision":"y","country":"United Kingdom","region":"Wiltshire. Formed 28th July","coordSource":"rc","source":"cca"}},{"type":"Feature","geometry":{"type":"Point","coordinates":[-1.95,51.32]},"properties":{"id":"3edbb510b4ce","title":"Windmill Hill, Nr AveburyTrusloe, Wiltshire. Formed 1st August (reported 1993)","date":"1993","datePrecision":"y","country":"United Kingdom","region":"Wiltshire. Formed 1st August","coordSource":"rc","source":"cca"}},{"type":"Feature","geometry":{"type":"Point","coordinates":[-1.95,51.32]},"properties":{"id":"f89fc815ea47","title":"East field, Alton Barnes, Nr Devizes, Wiltshire. Formed 7th August (reported 1993)","date":"1993","datePrecision":"y","country":"United Kingdom","region":"Wiltshire. Formed 7th August","coordSource":"rc","source":"cca"}},{"type":"Feature","geometry":{"type":"Point","coordinates":[-1.6,53.1]},"properties":{"id":"e960801fc53b","title":"Duckmanton, Nr Derby, Derbyshire. August (reported 1993)","date":"1993","datePrecision":"y","country":"United Kingdom","region":"Derbyshire. August","coordSource":"rc","source":"cca"}},{"type":"Feature","geometry":{"type":"Point","coordinates":[-1.95,51.32]},"properties":{"id":"57b97c4e4b6d","title":"Cherhill Whitehorse, Nr Calne, Wiltshire. Formed 7th August (reported 1993)","date":"1993","datePrecision":"y","country":"United Kingdom","region":"Wiltshire. Formed 7th August","coordSource":"rc","source":"cca"}},{"type":"Feature","geometry":{"type":"Point","coordinates":[-1.95,51.32]},"properties":{"id":"9edcb90266f9","title":"Silbury Hill, Nr Avebury, Wiltshire. Formed 13th August (reported 1993)","date":"1993","datePrecision":"y","country":"United Kingdom","region":"Wiltshire. Formed 13th August","coordSource":"rc","source":"cca"}},{"type":"Feature","geometry":{"type":"Point","coordinates":[-1.95,51.32]},"properties":{"id":"8254c63ebd3c","title":"Hill Barn, East Kennett, nr Avebury, Wiltshire. Formed 17th August (reported 1993)","date":"1993","datePrecision":"y","country":"United Kingdom","region":"Wiltshire. Formed 17th August","coordSource":"rc","source":"cca"}},{"type":"Feature","geometry":{"type":"Point","coordinates":[-77.8,40.88]},"properties":{"id":"f750b1984e9e","title":"Cranberry Creek, Tannersville, Monroe County (January 28, 1993)","date":"1993-01-28","datePrecision":"d","country":"United States","region":"Pennsylvania","coordSource":"rc","source":"iccra","tags":["circle","ring"]}},{"type":"Feature","geometry":{"type":"Point","coordinates":[-71.81,42.26]},"properties":{"id":"b774affd8a43","title":"Boston, Suffolk County (February 1, 1993)","date":"1993-02-01","datePrecision":"d","country":"United States","region":"Massachusetts","coordSource":"rc","source":"iccra","tags":[]}},{"type":"Feature","geometry":{"type":"Point","coordinates":[-0.81,51.75]},"properties":{"id":"49d8df8ed23a","title":"Rickmansworth, Bucks (reported 1993-05)","date":"1993-05","datePrecision":"m","country":"United Kingdom","region":"Bucks","coordSource":"rc","source":"cca"}},{"type":"Feature","geometry":{"type":"Point","coordinates":[-89.99,44.62]},"properties":{"id":"bdc7446acaa6","title":"Kenosha, Kenosha County (May 2, 1993)","date":"1993-05-02","datePrecision":"d","country":"United States","region":"Wisconsin","coordSource":"rc","source":"iccra","tags":["circle"]}},{"type":"Feature","geometry":{"type":"Point","coordinates":[-120.45,47.38]},"properties":{"id":"de0160c33e7f","title":"Kennewick, Benton County (May 28, 1993)","date":"1993-05-28","datePrecision":"d","country":"United States","region":"Washington","coordSource":"rc","source":"iccra","tags":["circle","key-claw","pathway","ring"]}},{"type":"Feature","geometry":{"type":"Point","coordinates":[-1.95,51.32]},"properties":{"id":"805115c80842","title":"Silbury Hill, nr Avebury, Wiltshire (reported 1993-05-30)","date":"1993-05-30","datePrecision":"d","country":"United Kingdom","region":"Wiltshire","coordSource":"rc","source":"cca"}},{"type":"Feature","geometry":{"type":"Point","coordinates":[-119.47,37.18]},"properties":{"id":"9dc068c65998","title":"Unknown Location (June 1993)","date":"1993-06","datePrecision":"m","country":"United States","region":"California","coordSource":"rc","source":"iccra","tags":[]}},{"type":"Feature","geometry":{"type":"Point","coordinates":[-72.67,44.07]},"properties":{"id":"2125da143e2d","title":"Bridport, Addison County (June 1993)","date":"1993-06","datePrecision":"m","country":"United States","region":"Vermont","coordSource":"rc","source":"iccra","tags":["circle","ring"]}},{"type":"Feature","geometry":{"type":"Point","coordinates":[-0.42,51.25]},"properties":{"id":"1b7cb148fbfa","title":"Leatherhead, Surrey (reported 1993-06)","date":"1993-06","datePrecision":"m","country":"United Kingdom","region":"Surrey","coordSource":"rc","source":"cca"}},{"type":"Feature","geometry":{"type":"Point","coordinates":[-0.13,50.95]},"properties":{"id":"868c4eb6ce49","title":"Sompting, Nr Brighton, Sussex (reported 1993-06)","date":"1993-06","datePrecision":"m","country":"United Kingdom","region":"Sussex","coordSource":"rc","source":"cca"}},{"type":"Feature","geometry":{"type":"Point","coordinates":[-85.41,44.35]},"properties":{"id":"a195bfa48a76","title":"Napoleon, Jackson County (June 19, 1993)","date":"1993-06-19","datePrecision":"d","country":"United States","region":"Michigan","coordSource":"rc","source":"iccra","tags":[]}},{"type":"Feature","geometry":{"type":"Point","coordinates":[-75.53,42.95]},"properties":{"id":"47abcae06716","title":"Vickerman Hill, Columbia Center / Herkimer / Mohawk Valley, Herkimer County (June 21, 1993)","date":"1993-06-21","datePrecision":"d","country":"United States","region":"New York","coordSource":"rc","source":"iccra","tags":["circle","oval","pathway"]}},{"type":"Feature","geometry":{"type":"Point","coordinates":[-1.27,51.76]},"properties":{"id":"f2e48ba30963","title":"Uffington, nr Woolstone, Oxfordshire (reported 1993-06-29)","date":"1993-06-29","datePrecision":"d","country":"United Kingdom","region":"Oxfordshire","coordSource":"rc","source":"cca"}},{"type":"Feature","geometry":{"type":"Point","coordinates":[0.55,51.77]},"properties":{"id":"7c91dedfc7fd","title":"Potters Bar, Essex, (reported 1993-07)","date":"1993-07","datePrecision":"m","country":"United Kingdom","region":"Essex","coordSource":"rc","source":"cca"}},{"type":"Feature","geometry":{"type":"Point","coordinates":[-1.58,52.28]},"properties":{"id":"60c19ac8cfbd","title":"Nuneaton, Warwickshire (reported 1993-07)","date":"1993-07","datePrecision":"m","country":"United Kingdom","region":"Warwickshire","coordSource":"rc","source":"cca"}},{"type":"Feature","geometry":{"type":"Point","coordinates":[-0.42,51.25]},"properties":{"id":"d6c9c541dc68","title":"Hogs Back, Nr Guildford, Surrey (reported 1993-07)","date":"1993-07","datePrecision":"m","country":"United Kingdom","region":"Surrey","coordSource":"rc","source":"cca"}},{"type":"Feature","geometry":{"type":"Point","coordinates":[5.94,51.21]},"properties":{"id":"a2817a30f3e0","title":"Roermond, Limburg, 07-07-1993","date":"1993-07-07","datePrecision":"d","country":"Netherlands","region":"Limburg","coordSource":"rc","source":"dcca","tags":["circle"]}},{"type":"Feature","geometry":{"type":"Point","coordinates":[-1.95,51.32]},"properties":{"id":"f1ef912f02ec","title":"Clievely, Nr-Membury, Wiltshire (reported 1993-07-08)","date":"1993-07-08","datePrecision":"d","country":"United Kingdom","region":"Wiltshire","coordSource":"rc","source":"cca"}},{"type":"Feature","geometry":{"type":"Point","coordinates":[5.94,51.21]},"properties":{"id":"c75cbf85e6ab","title":"Ubachsberg, Limburg, 11-07-1993","date":"1993-07-11","datePrecision":"d","country":"Netherlands","region":"Limburg","coordSource":"rc","source":"dcca","tags":["circle","pathway","pictogram","ring","triangle"]}},{"type":"Feature","geometry":{"type":"Point","coordinates":[6.62,52.86]},"properties":{"id":"875f1fe26492","title":"Bunne, Drenthe, 13-07-1993","date":"1993-07-13","datePrecision":"d","country":"Netherlands","region":"Drenthe","coordSource":"rc","source":"dcca","tags":["ring"]}},{"type":"Feature","geometry":{"type":"Point","coordinates":[-0.43,50.95]},"properties":{"id":"f61974b58f06","title":"Mill Hill, nr Southwick, West Sussex (reported 1993-07-16)","date":"1993-07-16","datePrecision":"d","country":"United Kingdom","region":"West Sussex","coordSource":"rc","source":"cca"}},{"type":"Feature","geometry":{"type":"Point","coordinates":[-1.95,51.32]},"properties":{"id":"518cddbeca94","title":"Maizeyfarm, nr Rockley, Wiltshire (reported 1993-07-20)","date":"1993-07-20","datePrecision":"d","country":"United Kingdom","region":"Wiltshire","coordSource":"rc","source":"cca"}},{"type":"Feature","geometry":{"type":"Point","coordinates":[5.94,51.21]},"properties":{"id":"e396320fdf0d","title":"Houthem, Limburg, 26-07-1993","date":"1993-07-26","datePrecision":"d","country":"Netherlands","region":"Limburg","coordSource":"rc","source":"dcca","tags":["circle"]}},{"type":"Feature","geometry":{"type":"Point","coordinates":[-86.83,32.79]},"properties":{"id":"3489a1e89d37","title":"Fyffe, De Kalb County (August 1993)","date":"1993-08","datePrecision":"m","country":"United States","region":"Alabama","coordSource":"rc","source":"iccra","tags":[]}},{"type":"Feature","geometry":{"type":"Point","coordinates":[-92.46,38.35]},"properties":{"id":"78e0a302c9c4","title":"Unknown County (August 1993)","date":"1993-08","datePrecision":"m","country":"United States","region":"Missouri","coordSource":"rc","source":"iccra","tags":[]}},{"type":"Feature","geometry":{"type":"Point","coordinates":[-97.49,35.59]},"properties":{"id":"8177618300f1","title":"Unknown County (August 1993)","date":"1993-08","datePrecision":"m","country":"United States","region":"Oklahoma","coordSource":"rc","source":"iccra","tags":[]}},{"type":"Feature","geometry":{"type":"Point","coordinates":[-80.62,38.64]},"properties":{"id":"857587bbc6c3","title":"Unknown County (August 1993)","date":"1993-08","datePrecision":"m","country":"United States","region":"West Virginia","coordSource":"rc","source":"iccra","tags":[]}},{"type":"Feature","geometry":{"type":"Point","coordinates":[-1.95,51.32]},"properties":{"id":"0b4e18df014a","title":"West Lavington, Wiltshire (reported 1993-08)","date":"1993-08","datePrecision":"m","country":"United Kingdom","region":"Wiltshire","coordSource":"rc","source":"cca"}},{"type":"Feature","geometry":{"type":"Point","coordinates":[-71.81,42.26]},"properties":{"id":"2d97d3c5b2fd","title":"Chelmsford, Middlesex County (August 5, 1993)","date":"1993-08-05","datePrecision":"d","country":"United States","region":"Massachusetts","coordSource":"rc","source":"iccra","tags":[]}},{"type":"Feature","geometry":{"type":"Point","coordinates":[-99.33,31.48]},"properties":{"id":"549a6cf7ea4d","title":"Unknown County (August 19, 1993)","date":"1993-08-19","datePrecision":"d","country":"United States","region":"Texas","coordSource":"rc","source":"iccra","tags":["ring"]}},{"type":"Feature","geometry":{"type":"Point","coordinates":[-69.24,45.37]},"properties":{"id":"a16ab08da24b","title":"Masardis, Aroostook County (August 20, 1993)","date":"1993-08-20","datePrecision":"d","country":"United States","region":"Maine","coordSource":"rc","source":"iccra","tags":["circle","ring"]}},{"type":"Feature","geometry":{"type":"Point","coordinates":[-71.81,42.26]},"properties":{"id":"3373b31b08e6","title":"Amherst, Hampshire County (August 20, 1993)","date":"1993-08-20","datePrecision":"d","country":"United States","region":"Massachusetts","coordSource":"rc","source":"iccra","tags":["triangle"]}},{"type":"Feature","geometry":{"type":"Point","coordinates":[-93.5,42.08]},"properties":{"id":"325e2ef56c93","title":"Ankeny, Polk County (September 22, 1993)","date":"1993-09-22","datePrecision":"d","country":"United States","region":"Iowa","coordSource":"rc","source":"iccra","tags":[]}},{"type":"Feature","geometry":{"type":"Point","coordinates":[-93.5,42.08]},"properties":{"id":"91fd070bba3e","title":"Drakesville, Davis County (October 7, 1993)","date":"1993-10-07","datePrecision":"d","country":"United States","region":"Iowa","coordSource":"rc","source":"iccra","tags":[]}},{"type":"Feature","geometry":{"type":"Point","coordinates":[-75.53,42.95]},"properties":{"id":"99c78808a2a0","title":"Oneida County (November 1993)","date":"1993-11","datePrecision":"m","country":"United States","region":"New York","coordSource":"rc","source":"iccra","tags":["circle"]}},{"type":"Feature","geometry":{"type":"Point","coordinates":[6.74,53.26]},"properties":{"id":"788beff58e78","title":"Winschoten, Groningen, 1994","date":"1994","datePrecision":"y","country":"Netherlands","region":"Groningen","coordSource":"rc","source":"dcca"}},{"type":"Feature","geometry":{"type":"Point","coordinates":[5.94,51.21]},"properties":{"id":"366aaac5eef5","title":"Maastricht, Limburg, 1994","date":"1994","datePrecision":"y","country":"Netherlands","region":"Limburg","coordSource":"rc","source":"dcca","tags":["circle"]}},{"type":"Feature","geometry":{"type":"Point","coordinates":[6.62,52.86]},"properties":{"id":"fd06c4c473ce","title":"Witten, Drenthe, 1994","date":"1994","datePrecision":"y","country":"Netherlands","region":"Drenthe","coordSource":"rc","source":"dcca"}},{"type":"Feature","geometry":{"type":"Point","coordinates":[6.44,52.44]},"properties":{"id":"56cbdcefb8dd","title":"Bathmen, Overijsel, 1994","date":"1994","datePrecision":"y","country":"Netherlands","region":"Overijsel","coordSource":"rc","source":"dcca","tags":["circle","pathway","pictogram"]}},{"type":"Feature","geometry":{"type":"Point","coordinates":[6.62,52.86]},"properties":{"id":"e466684b75d7","title":"Bovensmilde, Drenthe, 1994","date":"1994","datePrecision":"y","country":"Netherlands","region":"Drenthe","coordSource":"rc","source":"dcca","tags":[]}},{"type":"Feature","geometry":{"type":"Point","coordinates":[6.74,53.26]},"properties":{"id":"f12fe1989860","title":"Zuidbroek, Groningen, 1994","date":"1994","datePrecision":"y","country":"Netherlands","region":"Groningen","coordSource":"rc","source":"dcca"}},{"type":"Feature","geometry":{"type":"Point","coordinates":[6.62,52.86]},"properties":{"id":"ab0532b3f9e5","title":"Emmen, Drenthe, 1994","date":"1994","datePrecision":"y","country":"Netherlands","region":"Drenthe","coordSource":"rc","source":"dcca","tags":["circle"]}},{"type":"Feature","geometry":{"type":"Point","coordinates":[6.74,53.26]},"properties":{"id":"6ffbbc489c7c","title":"Slochteren, Groningen, 1994","date":"1994","datePrecision":"y","country":"Netherlands","region":"Groningen","coordSource":"rc","source":"dcca"}},{"type":"Feature","geometry":{"type":"Point","coordinates":[5.2,51.56]},"properties":{"id":"50d1d01c5d9d","title":"Uppel, Noord Brabant, 1994","date":"1994","datePrecision":"y","country":"Netherlands","region":"Noord Brabant","coordSource":"rc","source":"dcca"}},{"type":"Feature","geometry":{"type":"Point","coordinates":[4.5,52]},"properties":{"id":"8f559e1c0dd5","title":"Vlaardingen, Zuid Holland, 1994","date":"1994","datePrecision":"y","country":"Netherlands","region":"Zuid Holland","coordSource":"rc","source":"dcca"}},{"type":"Feature","geometry":{"type":"Point","coordinates":[4.87,52.6]},"properties":{"id":"aa7c3446589e","title":"Texel, Noord Holland, 1994","date":"1994","datePrecision":"y","country":"Netherlands","region":"Noord Holland","coordSource":"rc","source":"dcca"}},{"type":"Feature","geometry":{"type":"Point","coordinates":[4.87,52.6]},"properties":{"id":"729137467870","title":"Aalsmeer, Noord Holland, 1994","date":"1994","datePrecision":"y","country":"Netherlands","region":"Noord Holland","coordSource":"rc","source":"dcca"}},{"type":"Feature","geometry":{"type":"Point","coordinates":[-1.95,51.32]},"properties":{"id":"dc6c70c35f0f","title":"Sanctuary, Nr Avebury, Wilts. Formed April 23/24th April (reported 1994)","date":"1994","datePrecision":"y","country":"United Kingdom","region":"Wilts. Formed April 23/24th April","coordSource":"rc","source":"cca"}},{"type":"Feature","geometry":{"type":"Point","coordinates":[-1.95,51.32]},"properties":{"id":"22036e19ec1e","title":"The Sanctuary, Nr Avebury, Wiltshire Formed 25th April (reported 1994)","date":"1994","datePrecision":"y","country":"United Kingdom","region":"Wiltshire Formed 25th April","coordSource":"rc","source":"cca"}},{"type":"Feature","geometry":{"type":"Point","coordinates":[-1.31,51.06]},"properties":{"id":"138facd2e52d","title":"The Gallops, Cheesefoot Head, Nr Winchester, Hampshire. Formed 1st May (reported 1994)","date":"1994","datePrecision":"y","country":"United Kingdom","region":"Hampshire. Formed 1st May","coordSource":"rc","source":"cca"}},{"type":"Feature","geometry":{"type":"Point","coordinates":[-1.95,51.32]},"properties":{"id":"aefc8319aad2","title":"Barbury Castle, Nr Wroughton, Wiltshire. Formed 1st May (reported 1994)","date":"1994","datePrecision":"y","country":"United Kingdom","region":"Wiltshire. Formed 1st May","coordSource":"rc","source":"cca"}},{"type":"Feature","geometry":{"type":"Point","coordinates":[-1.95,51.32]},"properties":{"id":"a32e1b2a01fc","title":"Sanctuary, Nr Avebury, Wilts. Formed early May (reported 1994)","date":"1994","datePrecision":"y","country":"United Kingdom","region":"Wilts. Formed early May","coordSource":"rc","source":"cca"}},{"type":"Feature","geometry":{"type":"Point","coordinates":[-1.95,51.32]},"properties":{"id":"fd8de8ccb135","title":"Morgans Hill (Furze Knoll), Nr Devizes, Wiltshire. Formed May 7th (reported 1994)","date":"1994","datePrecision":"y","country":"United Kingdom","region":"Wiltshire. Formed May 7th","coordSource":"rc","source":"cca"}},{"type":"Feature","geometry":{"type":"Point","coordinates":[-1.95,51.32]},"properties":{"id":"ccba959b349a","title":"Preshute Down, nr Marlborough, Wiltshire. Formed May 18th (reported 1994)","date":"1994","datePrecision":"y","country":"United Kingdom","region":"Wiltshire. Formed May 18th","coordSource":"rc","source":"cca"}},{"type":"Feature","geometry":{"type":"Point","coordinates":[-1.95,51.32]},"properties":{"id":"7aed1950b6f0","title":"West Kennett Long Barrow, Nr Silbury Hill, Avebury, Wiltshire. Formed 22nd May (reported 1994)","date":"1994","datePrecision":"y","country":"United Kingdom","region":"Wiltshire. Formed 22nd May","coordSource":"rc","source":"cca"}},{"type":"Feature","geometry":{"type":"Point","coordinates":[-1.95,51.32]},"properties":{"id":"b1f670c6a25e","title":"Cherhill, nr Calne, Wiltshire. Formed 26th May (reported 1994)","date":"1994","datePrecision":"y","country":"United Kingdom","region":"Wiltshire. Formed 26th May","coordSource":"rc","source":"cca"}},{"type":"Feature","geometry":{"type":"Point","coordinates":[-1.95,51.32]},"properties":{"id":"d21ee4fd2d33","title":"Berwick Bassett, nr Avebury, Wiltshire. Formed 28th May (reported 1994)","date":"1994","datePrecision":"y","country":"United Kingdom","region":"Wiltshire. Formed 28th May","coordSource":"rc","source":"cca"}},{"type":"Feature","geometry":{"type":"Point","coordinates":[-2.3,50.78]},"properties":{"id":"8870db954bdd","title":"Maiden Castle, Nr Dorchester, Dorset. Formed 6th June (reported 1994)","date":"1994","datePrecision":"y","country":"United Kingdom","region":"Dorset. Formed 6th June","coordSource":"rc","source":"cca"}},{"type":"Feature","geometry":{"type":"Point","coordinates":[0.73,51.2]},"properties":{"id":"58ec370ebc4c","title":"Borstal, Nr Rochester. Kent. Formed 17th June (reported 1994)","date":"1994","datePrecision":"y","country":"United Kingdom","region":"Nr Rochester. Kent. Formed 17th June","coordSource":"rc","source":"cca"}},{"type":"Feature","geometry":{"type":"Point","coordinates":[-0.13,50.95]},"properties":{"id":"1c56c7ea2d2d","title":"Childrey, Nr Eastbourne, Sussex. Formed 19th June (reported 1994)","date":"1994","datePrecision":"y","country":"United Kingdom","region":"Sussex. Formed 19th June","coordSource":"rc","source":"cca"}},{"type":"Feature","geometry":{"type":"Point","coordinates":[-1.95,51.32]},"properties":{"id":"795a90af530c","title":"West Kennett Long Barrow, Nr East Kennett,Wilts. Formed late June (reported 1994)","date":"1994","datePrecision":"y","country":"United Kingdom","region":"Wilts. Formed late June","coordSource":"rc","source":"cca"}},{"type":"Feature","geometry":{"type":"Point","coordinates":[-0.2,53.1]},"properties":{"id":"e1533b6087c2","title":"Scremby, Nr Skegness, Lincolnshire. August (reported 1994)","date":"1994","datePrecision":"y","country":"United Kingdom","region":"Lincolnshire. August","coordSource":"rc","source":"cca"}},{"type":"Feature","geometry":{"type":"Point","coordinates":[-2.58,51.45]},"properties":{"id":"c7e1938f0e6c","title":"Dundry Hill, nr Hartcliffe, Bristol. Formed late June (reported 1994)","date":"1994","datePrecision":"y","country":"United Kingdom","region":"Bristol. Formed late June","coordSource":"rc","source":"cca"}},{"type":"Feature","geometry":{"type":"Point","coordinates":[-2.3,50.78]},"properties":{"id":"6bf7761a1621","title":"Sutton Poynz, Nr Weymouth, Dorset. Formed 25th June (reported 1994)","date":"1994","datePrecision":"y","country":"United Kingdom","region":"Dorset. Formed 25th June","coordSource":"rc","source":"cca"}},{"type":"Feature","geometry":{"type":"Point","coordinates":[-2.3,50.78]},"properties":{"id":"e1107352bcd9","title":"Charminster, Nr Dorchester, Dorset. Formed June 26th (reported 1994)","date":"1994","datePrecision":"y","country":"United Kingdom","region":"Dorset. Formed June 26th","coordSource":"rc","source":"cca"}},{"type":"Feature","geometry":{"type":"Point","coordinates":[-2.3,50.78]},"properties":{"id":"1fd2192fd189","title":"Charminster, Nr Dorchester, Dorset. Formed June 26th (reported 1994)","date":"1994","datePrecision":"y","country":"United Kingdom","region":"Dorset. Formed June 26th","coordSource":"rc","source":"cca"}},{"type":"Feature","geometry":{"type":"Point","coordinates":[-2.3,50.78]},"properties":{"id":"606672931bad","title":"Broadmayne, Nr Dorchester, Dorset. Formed 26th June (reported 1994)","date":"1994","datePrecision":"y","country":"United Kingdom","region":"Dorset. Formed 26th June","coordSource":"rc","source":"cca"}},{"type":"Feature","geometry":{"type":"Point","coordinates":[-1.95,51.32]},"properties":{"id":"68ecf084436b","title":"Avebury Avenue, Nr Avebury, Wiltshire. Formed 30th June (reported 1994)","date":"1994","datePrecision":"y","country":"United Kingdom","region":"Wiltshire. Formed 30th June","coordSource":"rc","source":"cca"}},{"type":"Feature","geometry":{"type":"Point","coordinates":[-99.33,31.48]},"properties":{"id":"8bd3997ccc21","title":"Waxahachie, Ellis County (March 5, 1994)","date":"1994-03-05","datePrecision":"d","country":"United States","region":"Texas","coordSource":"rc","source":"iccra","tags":[]}},{"type":"Feature","geometry":{"type":"Point","coordinates":[-85.41,44.35]},"properties":{"id":"8c275b698a69","title":"Unknown County (April 1994)","date":"1994-04","datePrecision":"m","country":"United States","region":"Michigan","coordSource":"rc","source":"iccra","tags":["circle"]}},{"type":"Feature","geometry":{"type":"Point","coordinates":[-79.39,35.55]},"properties":{"id":"d431071d9901","title":"Gastonia, Gaston County (April 30, 1994)","date":"1994-04-30","datePrecision":"d","country":"United States","region":"North Carolina","coordSource":"rc","source":"iccra","tags":["circle","pictogram"]}},{"type":"Feature","geometry":{"type":"Point","coordinates":[-80.9,33.92]},"properties":{"id":"a8fffe29683e","title":"Bethune, Kershaw County (May 1994)","date":"1994-05","datePrecision":"m","country":"United States","region":"South Carolina","coordSource":"rc","source":"iccra","tags":["circle","dumbbell","pathway"]}},{"type":"Feature","geometry":{"type":"Point","coordinates":[-1.95,51.32]},"properties":{"id":"0903138d57c9","title":"Monkton Down, nr Avebury, Wiltshire (reported 1994-05-02)","date":"1994-05-02","datePrecision":"d","country":"United Kingdom","region":"Wiltshire","coordSource":"rc","source":"cca"}},{"type":"Feature","geometry":{"type":"Point","coordinates":[-1.95,51.32]},"properties":{"id":"79c6134dc8e5","title":"Silbury Hill, nr Avebury, Wiltshire (reported 1994-05-25)","date":"1994-05-25","datePrecision":"d","country":"United Kingdom","region":"Wiltshire","coordSource":"rc","source":"cca"}},{"type":"Feature","geometry":{"type":"Point","coordinates":[-86.28,39.89]},"properties":{"id":"0db5d738eb47","title":"Noblesville, Hamilton County (June 7, 1994)","date":"1994-06-07","datePrecision":"d","country":"United States","region":"Indiana","coordSource":"rc","source":"iccra","tags":[]}},{"type":"Feature","geometry":{"type":"Point","coordinates":[-80.9,33.92]},"properties":{"id":"d777477d575a","title":"Bethune, Kershaw County (June 8, 1994)","date":"1994-06-08","datePrecision":"d","country":"United States","region":"South Carolina","coordSource":"rc","source":"iccra","tags":["circle","ring"]}},{"type":"Feature","geometry":{"type":"Point","coordinates":[-80.9,33.92]},"properties":{"id":"b076d649d091","title":"McBee, Chesterfield County (June 9, 1994)","date":"1994-06-09","datePrecision":"d","country":"United States","region":"South Carolina","coordSource":"rc","source":"iccra","tags":["circle"]}},{"type":"Feature","geometry":{"type":"Point","coordinates":[-120.56,43.93]},"properties":{"id":"7549d6c3f932","title":"Aloha [Sunset Hwy.], Washington County (June 14, 1994)","date":"1994-06-14","datePrecision":"d","country":"United States","region":"Oregon","coordSource":"rc","source":"iccra","tags":["celtic","circle","cross","grapeshot","ring"]}},{"type":"Feature","geometry":{"type":"Point","coordinates":[-79.39,35.55]},"properties":{"id":"ddf05b497bc5","title":"Black Mountain, Buncombe County (June 17, 1994)","date":"1994-06-17","datePrecision":"d","country":"United States","region":"North Carolina","coordSource":"rc","source":"iccra","tags":["circle","pictogram"]}},{"type":"Feature","geometry":{"type":"Point","coordinates":[-98.38,38.49]},"properties":{"id":"dd8888704d3b","title":"Garnett, Anderson County (June 21, 1994)","date":"1994-06-21","datePrecision":"d","country":"United States","region":"Kansas","coordSource":"rc","source":"iccra","tags":["oval"]}},{"type":"Feature","geometry":{"type":"Point","coordinates":[-82.45,28.63]},"properties":{"id":"d1a3fe63ac58","title":"Mulberry, Polk County (June 30, 1994)","date":"1994-06-30","datePrecision":"d","country":"United States","region":"Florida","coordSource":"rc","source":"iccra","tags":[]}},{"type":"Feature","geometry":{"type":"Point","coordinates":[-86.28,39.89]},"properties":{"id":"473b0ad225f3","title":"Troy, Spencer County (July 1994)","date":"1994-07","datePrecision":"m","country":"United States","region":"Indiana","coordSource":"rc","source":"iccra","tags":["circle"]}},{"type":"Feature","geometry":{"type":"Point","coordinates":[3.85,51.49]},"properties":{"id":"fa385873cac8","title":"Zierikzee, Zeeland, 05-07-1994","date":"1994-07-05","datePrecision":"d","country":"Netherlands","region":"Zeeland","coordSource":"rc","source":"dcca","tags":["circle","pathway","pictogram"]}},{"type":"Feature","geometry":{"type":"Point","coordinates":[6.62,52.86]},"properties":{"id":"91620eccf8b1","title":"Bovensmilde, Drenthe, 07-07-1994","date":"1994-07-07","datePrecision":"d","country":"Netherlands","region":"Drenthe","coordSource":"rc","source":"dcca","tags":["circle","ring","spiral"]}},{"type":"Feature","geometry":{"type":"Point","coordinates":[-120.45,47.38]},"properties":{"id":"e70cd716b0a1","title":"Chehalis, Lewis County (July 8, 1994)","date":"1994-07-08","datePrecision":"d","country":"United States","region":"Washington","coordSource":"rc","source":"iccra","tags":["circle","pictogram"]}},{"type":"Feature","geometry":{"type":"Point","coordinates":[5.6,52.53]},"properties":{"id":"e3715c8b8312","title":"Almere, Flevoland, 19-07-1994","date":"1994-07-19","datePrecision":"d","country":"Netherlands","region":"Flevoland","coordSource":"rc","source":"dcca","tags":["circle"]}},{"type":"Feature","geometry":{"type":"Point","coordinates":[-120.56,43.93]},"properties":{"id":"3aa7faa91905","title":"West Union, Washington County (July 20, 1994)","date":"1994-07-20","datePrecision":"d","country":"United States","region":"Oregon","coordSource":"rc","source":"iccra","tags":["circle","key-claw","pathway"]}},{"type":"Feature","geometry":{"type":"Point","coordinates":[3.85,51.49]},"properties":{"id":"2b953bbff112","title":"Zierikzee, Zeeland, 22-07-1994","date":"1994-07-22","datePrecision":"d","country":"Netherlands","region":"Zeeland","coordSource":"rc","source":"dcca","tags":["circle"]}},{"type":"Feature","geometry":{"type":"Point","coordinates":[5.94,52.06]},"properties":{"id":"2632b4c9a36e","title":"Zoelmond, Gelderland, 24-07-1994","date":"1994-07-24","datePrecision":"d","country":"Netherlands","region":"Gelderland","coordSource":"rc","source":"dcca","tags":["circle","pathway","ring"]}},{"type":"Feature","geometry":{"type":"Point","coordinates":[4.5,52]},"properties":{"id":"d111adad19f2","title":"Hendrik Ido Ambacht, Zuid Holland, 25-07-1994","date":"1994-07-25","datePrecision":"d","country":"Netherlands","region":"Zuid Holland","coordSource":"rc","source":"dcca","tags":["circle"]}},{"type":"Feature","geometry":{"type":"Point","coordinates":[3.85,51.49]},"properties":{"id":"954a48540b24","title":"Kruiningen, Zeeland, 25-07-1994","date":"1994-07-25","datePrecision":"d","country":"Netherlands","region":"Zeeland","coordSource":"rc","source":"dcca","tags":["circle"]}},{"type":"Feature","geometry":{"type":"Point","coordinates":[-120.56,43.93]},"properties":{"id":"65b725582108","title":"Gaston, Washington County (July 26, 1994)","date":"1994-07-26","datePrecision":"d","country":"United States","region":"Oregon","coordSource":"rc","source":"iccra","tags":["ring"]}},{"type":"Feature","geometry":{"type":"Point","coordinates":[3.85,51.49]},"properties":{"id":"fb68cd02d19b","title":"Serooskerke, Zeeland, 27-07-1994","date":"1994-07-27","datePrecision":"d","country":"Netherlands","region":"Zeeland","coordSource":"rc","source":"dcca","tags":["circle","pathway","pictogram"]}},{"type":"Feature","geometry":{"type":"Point","coordinates":[-99.33,31.48]},"properties":{"id":"19df3dfb2f42","title":"Georgetown, Williamson County (July 30, 1994)","date":"1994-07-30","datePrecision":"d","country":"United States","region":"Texas","coordSource":"rc","source":"iccra","tags":["circle","ring"]}},{"type":"Feature","geometry":{"type":"Point","coordinates":[-86.28,39.89]},"properties":{"id":"a4fe2aeabb5c","title":"Greensburg / Napoleon, Decatur County (August 1994)","date":"1994-08","datePrecision":"m","country":"United States","region":"Indiana","coordSource":"rc","source":"iccra","tags":["circle"]}},{"type":"Feature","geometry":{"type":"Point","coordinates":[6.62,52.86]},"properties":{"id":"8cc201f15771","title":"Pesse, Drenthe, 05-08-1994","date":"1994-08-05","datePrecision":"d","country":"Netherlands","region":"Drenthe","coordSource":"rc","source":"dcca","tags":["circle"]}},{"type":"Feature","geometry":{"type":"Point","coordinates":[3.85,51.49]},"properties":{"id":"efa51b11bae7","title":"Braakmanskreek, Zeeland, 05-08-1994","date":"1994-08-05","datePrecision":"d","country":"Netherlands","region":"Zeeland","coordSource":"rc","source":"dcca","tags":["circle"]}},{"type":"Feature","geometry":{"type":"Point","coordinates":[3.85,51.49]},"properties":{"id":"2170c7a299fc","title":"Westerschouwen, Zeeland, 06-08-1994","date":"1994-08-06","datePrecision":"d","country":"Netherlands","region":"Zeeland","coordSource":"rc","source":"dcca","tags":["circle","cross"]}},{"type":"Feature","geometry":{"type":"Point","coordinates":[5.94,52.06]},"properties":{"id":"7ca65de1ee29","title":"Tricht, Gelderland, 07-08-1994","date":"1994-08-07","datePrecision":"d","country":"Netherlands","region":"Gelderland","coordSource":"rc","source":"dcca","tags":["circle","pathway"]}},{"type":"Feature","geometry":{"type":"Point","coordinates":[6.74,53.26]},"properties":{"id":"631681e204d0","title":"Noordbroek, Groningen, 07-08-1994","date":"1994-08-07","datePrecision":"d","country":"Netherlands","region":"Groningen","coordSource":"rc","source":"dcca","tags":["circle"]}},{"type":"Feature","geometry":{"type":"Point","coordinates":[6.74,53.26]},"properties":{"id":"03fe65695446","title":"Zuidbroek, Groningen, 08-08-1994","date":"1994-08-08","datePrecision":"d","country":"Netherlands","region":"Groningen","coordSource":"rc","source":"dcca","tags":["circle"]}},{"type":"Feature","geometry":{"type":"Point","coordinates":[3.85,51.49]},"properties":{"id":"ee41f3ea9ee3","title":"Bruinisse, Zeeland, 08-08-1994","date":"1994-08-08","datePrecision":"d","country":"Netherlands","region":"Zeeland","coordSource":"rc","source":"dcca","tags":["circle","pathway"]}},{"type":"Feature","geometry":{"type":"Point","coordinates":[6.62,52.86]},"properties":{"id":"e7c99cc76305","title":"Mantinge, Drenthe, 09-08-1994","date":"1994-08-09","datePrecision":"d","country":"Netherlands","region":"Drenthe","coordSource":"rc","source":"dcca","tags":["circle","pathway","spiral"]}},{"type":"Feature","geometry":{"type":"Point","coordinates":[6.74,53.26]},"properties":{"id":"5057a69aa89a","title":"Noordbroek, groningen, 10-08-1994","date":"1994-08-10","datePrecision":"d","country":"Netherlands","region":"groningen","coordSource":"rc","source":"dcca","tags":["circle","oval"]}},{"type":"Feature","geometry":{"type":"Point","coordinates":[6.62,52.86]},"properties":{"id":"e2ad49f81a47","title":"Norg, Drenthe, 10-08-1994","date":"1994-08-10","datePrecision":"d","country":"Netherlands","region":"Drenthe","coordSource":"rc","source":"dcca","tags":["circle"]}},{"type":"Feature","geometry":{"type":"Point","coordinates":[-75.53,42.95]},"properties":{"id":"efb650f114c3","title":"Vienna / Oneida Lake, Oneida County (August 14, 1994)","date":"1994-08-14","datePrecision":"d","country":"United States","region":"New York","coordSource":"rc","source":"iccra","tags":["circle"]}},{"type":"Feature","geometry":{"type":"Point","coordinates":[-89.99,44.62]},"properties":{"id":"b553b437d5ff","title":"Milwaukee, Milwaukee County (August 14, 1994)","date":"1994-08-14","datePrecision":"d","country":"United States","region":"Wisconsin","coordSource":"rc","source":"iccra","tags":["ring"]}},{"type":"Feature","geometry":{"type":"Point","coordinates":[-75.53,42.95]},"properties":{"id":"1f125509778d","title":"Schodack, Rensselaer County (August 23, 1994)","date":"1994-08-23","datePrecision":"d","country":"United States","region":"New York","coordSource":"rc","source":"iccra","tags":["circle"]}},{"type":"Feature","geometry":{"type":"Point","coordinates":[-119.47,37.18]},"properties":{"id":"9fd644e5d562","title":"Lompoc, Santa Barbara County (August 24, 1994)","date":"1994-08-24","datePrecision":"d","country":"United States","region":"California","coordSource":"rc","source":"iccra","tags":[]}},{"type":"Feature","geometry":{"type":"Point","coordinates":[-120.56,43.93]},"properties":{"id":"27bafbaef8e9","title":"Hug Point State Recreation Site, Cannon Beach, Clatsop County (September 13, 1994)","date":"1994-09-13","datePrecision":"d","country":"United States","region":"Oregon","coordSource":"rc","source":"iccra","tags":["circle","ring"]}},{"type":"Feature","geometry":{"type":"Point","coordinates":[-105.55,38.99]},"properties":{"id":"328481a383c2","title":"La Veta, Huerfanol County (October 1994)","date":"1994-10","datePrecision":"m","country":"United States","region":"Colorado","coordSource":"rc","source":"iccra","tags":["ring"]}},{"type":"Feature","geometry":{"type":"Point","coordinates":[-94.31,46.28]},"properties":{"id":"3e2f7a014007","title":"Milaca, Mille Lacs County (October 1, 1994)","date":"1994-10-01","datePrecision":"d","country":"United States","region":"Minnesota","coordSource":"rc","source":"iccra","tags":["circle"]}},{"type":"Feature","geometry":{"type":"Point","coordinates":[-120.45,47.38]},"properties":{"id":"74f863657316","title":"Adna (1), Lewis County (October 16, 1994)","date":"1994-10-16","datePrecision":"d","country":"United States","region":"Washington","coordSource":"rc","source":"iccra","tags":["celtic","circle","cross","ring"]}},{"type":"Feature","geometry":{"type":"Point","coordinates":[-120.45,47.38]},"properties":{"id":"db7edeeebcca","title":"Adna (2), Lewis County (October 16, 1994)","date":"1994-10-16","datePrecision":"d","country":"United States","region":"Washington","coordSource":"rc","source":"iccra","tags":["celtic","circle","cross","ring"]}},{"type":"Feature","geometry":{"type":"Point","coordinates":[-94.31,46.28]},"properties":{"id":"4dca2e3e7bb7","title":"Blaine, Anoka County (October 24, 1994)","date":"1994-10-24","datePrecision":"d","country":"United States","region":"Minnesota","coordSource":"rc","source":"iccra","tags":["circle","spiral"]}},{"type":"Feature","geometry":{"type":"Point","coordinates":[5.94,52.06]},"properties":{"id":"6b148468ebcf","title":"Beusichem, Gelderland, 1995","date":"1995","datePrecision":"y","country":"Netherlands","region":"Gelderland","coordSource":"rc","source":"dcca","tags":["circle","pathway"]}},{"type":"Feature","geometry":{"type":"Point","coordinates":[4.5,52]},"properties":{"id":"9bc36698d116","title":"Gorichem, Zuid Holland, 1995","date":"1995","datePrecision":"y","country":"Netherlands","region":"Zuid Holland","coordSource":"rc","source":"dcca"}},{"type":"Feature","geometry":{"type":"Point","coordinates":[6.62,52.86]},"properties":{"id":"4f583a7eeb20","title":"De Wijk, Drenthe, 1995","date":"1995","datePrecision":"y","country":"Netherlands","region":"Drenthe","coordSource":"rc","source":"dcca","tags":["circle","pathway","pictogram","ring"]}},{"type":"Feature","geometry":{"type":"Point","coordinates":[4.5,52]},"properties":{"id":"30aa5ce04ca9","title":"Berkel-Rodenrijs, Zuid holland, 1995","date":"1995","datePrecision":"y","country":"Netherlands","region":"Zuid holland","coordSource":"rc","source":"dcca"}},{"type":"Feature","geometry":{"type":"Point","coordinates":[5.6,52.53]},"properties":{"id":"d0ed6e5ff3b0","title":"Almere, Flevoland, 1995","date":"1995","datePrecision":"y","country":"Netherlands","region":"Flevoland","coordSource":"rc","source":"dcca"}},{"type":"Feature","geometry":{"type":"Point","coordinates":[3.85,51.49]},"properties":{"id":"c8111d788e31","title":"Goes, Zeeland, 1995","date":"1995","datePrecision":"y","country":"Netherlands","region":"Zeeland","coordSource":"rc","source":"dcca"}},{"type":"Feature","geometry":{"type":"Point","coordinates":[6.44,52.44]},"properties":{"id":"f48eead83787","title":"Usselo, Overijsel, 1995","date":"1995","datePrecision":"y","country":"Netherlands","region":"Overijsel","coordSource":"rc","source":"dcca","tags":["ring"]}},{"type":"Feature","geometry":{"type":"Point","coordinates":[-98.38,38.49]},"properties":{"id":"37bedcaa84c5","title":"Alva (Oklahoma), Woods County (1995)","date":"1995","datePrecision":"y","country":"United States","region":"Kansas","coordSource":"rc","source":"iccra","tags":["circle","grapeshot","ring"]}},{"type":"Feature","geometry":{"type":"Point","coordinates":[-106.11,34.41]},"properties":{"id":"fa880a82e236","title":"Unknown County (1995)","date":"1995","datePrecision":"y","country":"United States","region":"New Mexico","coordSource":"rc","source":"iccra","tags":[]}},{"type":"Feature","geometry":{"type":"Point","coordinates":[-111.67,39.31]},"properties":{"id":"d049215a7fc2","title":"Fort Duchesne, Unitah County (1995)","date":"1995","datePrecision":"y","country":"United States","region":"Utah","coordSource":"rc","source":"iccra","tags":["circle","triangle"]}},{"type":"Feature","geometry":{"type":"Point","coordinates":[-111.67,39.31]},"properties":{"id":"a48412d362c7","title":"Big Knoll / Marysvale, Piute County (1995)","date":"1995","datePrecision":"y","country":"United States","region":"Utah","coordSource":"rc","source":"iccra","tags":[]}},{"type":"Feature","geometry":{"type":"Point","coordinates":[-1.95,51.32]},"properties":{"id":"d0729346bf2c","title":"Avebury Trusloe, Crooks Plantation, Nr Beckhampton, Wiltshire. Formed 28th May (reported 1995)","date":"1995","datePrecision":"y","country":"United Kingdom","region":"Wiltshire. Formed 28th May","coordSource":"rc","source":"cca"}},{"type":"Feature","geometry":{"type":"Point","coordinates":[-1.95,51.32]},"properties":{"id":"d964ad7df842","title":"Bratton Castle, Nr Westbury, Wiltshire. Formed Early June (reported 1995)","date":"1995","datePrecision":"y","country":"United Kingdom","region":"Wiltshire. Formed Early June","coordSource":"rc","source":"cca"}},{"type":"Feature","geometry":{"type":"Point","coordinates":[-1.31,51.06]},"properties":{"id":"06dafec24d85","title":"Danebury Ring, Nr Andover, Hampshire. Formed Early June (reported 1995)","date":"1995","datePrecision":"y","country":"United Kingdom","region":"Hampshire. Formed Early June","coordSource":"rc","source":"cca"}},{"type":"Feature","geometry":{"type":"Point","coordinates":[-1.31,51.06]},"properties":{"id":"cfebaaa3917d","title":"Bishop Sutton, Nr New Alresford, Nr Winchester, Hampshire. Formed 20th June (reported 1995)","date":"1995","datePrecision":"y","country":"United Kingdom","region":"Hampshire. Formed 20th June","coordSource":"rc","source":"cca"}},{"type":"Feature","geometry":{"type":"Point","coordinates":[-1.31,51.06]},"properties":{"id":"15e34f050a24","title":"Ovington Down Farm, Nr New Alresford, Hampshire. Formed 18-19th June (reported 1995)","date":"1995","datePrecision":"y","country":"United Kingdom","region":"Hampshire. Formed 18-19th June","coordSource":"rc","source":"cca"}},{"type":"Feature","geometry":{"type":"Point","coordinates":[-1.95,51.32]},"properties":{"id":"a032a2669d6d","title":"West Stowell, Nr Pewsey, Wiltshire. Formed 25th June (reported 1995)","date":"1995","datePrecision":"y","country":"United Kingdom","region":"Wiltshire. Formed 25th June","coordSource":"rc","source":"cca"}},{"type":"Feature","geometry":{"type":"Point","coordinates":[-1.31,51.06]},"properties":{"id":"dd4177252b9e","title":"Longwood Warren, Cheesefoot Head, Nr Winchester, Hampshire (reported 1995)","date":"1995","datePrecision":"y","country":"United Kingdom","region":"Hampshire","coordSource":"rc","source":"cca"}},{"type":"Feature","geometry":{"type":"Point","coordinates":[-119.47,37.18]},"properties":{"id":"0c2907f2b8f9","title":"Santa Rosa, Sonoma County (April 1995)","date":"1995-04","datePrecision":"m","country":"United States","region":"California","coordSource":"rc","source":"iccra","tags":["circle","pathway","ring","triangle"]}},{"type":"Feature","geometry":{"type":"Point","coordinates":[-83.44,32.64]},"properties":{"id":"7541d284438f","title":"Cairo, Grady County (April, 1995)","date":"1995-04","datePrecision":"m","country":"United States","region":"Georgia","coordSource":"rc","source":"iccra"}},{"type":"Feature","geometry":{"type":"Point","coordinates":[-82.79,40.29]},"properties":{"id":"80394c45b1f0","title":"Worthington, Franklin County (April 1995)","date":"1995-04","datePrecision":"m","country":"United States","region":"Ohio","coordSource":"rc","source":"iccra","tags":["circle"]}},{"type":"Feature","geometry":{"type":"Point","coordinates":[-120.56,43.93]},"properties":{"id":"a3851bf19a2a","title":"Lebanon, Linn County (April 30, 1995)","date":"1995-04-30","datePrecision":"d","country":"United States","region":"Oregon","coordSource":"rc","source":"iccra","tags":["circle","oval"]}},{"type":"Feature","geometry":{"type":"Point","coordinates":[-77.8,40.88]},"properties":{"id":"c39ec1d301c7","title":"Bedford County (May, 1995)","date":"1995-05","datePrecision":"m","country":"United States","region":"Pennsylvania","coordSource":"rc","source":"iccra","tags":[]}},{"type":"Feature","geometry":{"type":"Point","coordinates":[-1.31,51.06]},"properties":{"id":"1564f6b677f8","title":"Overton, Near Basingstoke, Hampshire (reported 1995-05)","date":"1995-05","datePrecision":"m","country":"United Kingdom","region":"Hampshire","coordSource":"rc","source":"cca"}},{"type":"Feature","geometry":{"type":"Point","coordinates":[-1.31,51.06]},"properties":{"id":"403fbf0bf3ba","title":"Middle Wallop, nr Andover, Hampshire (reported 1995-05)","date":"1995-05","datePrecision":"m","country":"United Kingdom","region":"Hampshire","coordSource":"rc","source":"cca"}},{"type":"Feature","geometry":{"type":"Point","coordinates":[-76.8,39.06]},"properties":{"id":"45303142e174","title":"Churchville, Harford County (May 17, 1995)","date":"1995-05-17","datePrecision":"d","country":"United States","region":"Maryland","coordSource":"rc","source":"iccra","tags":["oval","pathway"]}},{"type":"Feature","geometry":{"type":"Point","coordinates":[-76.8,39.06]},"properties":{"id":"e2cf8dfc7f12","title":"Cherry Hill / Elkton, Cecil County (May 17, 1995)","date":"1995-05-17","datePrecision":"d","country":"United States","region":"Maryland","coordSource":"rc","source":"iccra","tags":[]}},{"type":"Feature","geometry":{"type":"Point","coordinates":[-76.8,39.06]},"properties":{"id":"32e5979a8ae9","title":"Chesapeake City, Cecil County (May 17, 1995)","date":"1995-05-17","datePrecision":"d","country":"United States","region":"Maryland","coordSource":"rc","source":"iccra","tags":[]}},{"type":"Feature","geometry":{"type":"Point","coordinates":[-111.67,39.31]},"properties":{"id":"4e4bcbb67ac8","title":"Provo, Utah County (May 22, 1995)","date":"1995-05-22","datePrecision":"d","country":"United States","region":"Utah","coordSource":"rc","source":"iccra","tags":["circle","grapeshot"]}},{"type":"Feature","geometry":{"type":"Point","coordinates":[-76.8,39.06]},"properties":{"id":"04ca3ca8d157","title":"Blue Ball / Elkton, Cecil County (May 29, 1995)","date":"1995-05-29","datePrecision":"d","country":"United States","region":"Maryland","coordSource":"rc","source":"iccra","tags":["circle"]}},{"type":"Feature","geometry":{"type":"Point","coordinates":[-99.8,41.54]},"properties":{"id":"c6b6e5d029fa","title":"Blair, Washington County (June, 1995)","date":"1995-06","datePrecision":"m","country":"United States","region":"Nebraska","coordSource":"rc","source":"iccra","tags":[]}},{"type":"Feature","geometry":{"type":"Point","coordinates":[-97.49,35.59]},"properties":{"id":"2c0c66faa5d8","title":"Unknown County (June 1995)","date":"1995-06","datePrecision":"m","country":"United States","region":"Oklahoma","coordSource":"rc","source":"iccra","tags":[]}},{"type":"Feature","geometry":{"type":"Point","coordinates":[-1.31,51.06]},"properties":{"id":"b978f138961d","title":"Morestead, nr Winchester, Hampshire (reported 1995-06)","date":"1995-06","datePrecision":"m","country":"United Kingdom","region":"Hampshire","coordSource":"rc","source":"cca"}},{"type":"Feature","geometry":{"type":"Point","coordinates":[-1.31,51.06]},"properties":{"id":"3d25eb841be9","title":"Telegraph Hill, Cheesefoot Head, nr Winchester, Hampshire (reported 1995-06-13)","date":"1995-06-13","datePrecision":"d","country":"United Kingdom","region":"Hampshire","coordSource":"rc","source":"cca"}},{"type":"Feature","geometry":{"type":"Point","coordinates":[-98.38,38.49]},"properties":{"id":"c76f8dba141c","title":"Inman, McPherson County (June 16, 1995)","date":"1995-06-16","datePrecision":"d","country":"United States","region":"Kansas","coordSource":"rc","source":"iccra","tags":["circle","dumbbell","key-claw","pathway"]}},{"type":"Feature","geometry":{"type":"Point","coordinates":[-1.31,51.06]},"properties":{"id":"2dbc5192066b","title":"Zig-Zag. Cowdown, Nr Andover, Hampshire (reported 1995-06-17)","date":"1995-06-17","datePrecision":"d","country":"United Kingdom","region":"Hampshire","coordSource":"rc","source":"cca"}},{"type":"Feature","geometry":{"type":"Point","coordinates":[-1.31,51.06]},"properties":{"id":"667906c62c77","title":"Gander Down, nr Winchester, Hampshire (reported 1995-06-20)","date":"1995-06-20","datePrecision":"d","country":"United Kingdom","region":"Hampshire","coordSource":"rc","source":"cca"}},{"type":"Feature","geometry":{"type":"Point","coordinates":[-72.73,41.62]},"properties":{"id":"3d65e00ae9ca","title":"Hamden, New Haven County (July 1995)","date":"1995-07","datePrecision":"m","country":"United States","region":"Connecticut","coordSource":"rc","source":"iccra","tags":[]}},{"type":"Feature","geometry":{"type":"Point","coordinates":[-85.41,44.35]},"properties":{"id":"2f4413917a5c","title":"Adrian Township, Lenawee County (July 1995)","date":"1995-07","datePrecision":"m","country":"United States","region":"Michigan","coordSource":"rc","source":"iccra","tags":["circle"]}},{"type":"Feature","geometry":{"type":"Point","coordinates":[-89.99,44.62]},"properties":{"id":"8e7028dd2359","title":"Long Lake, Florence County (July 5, 1995)","date":"1995-07-05","datePrecision":"d","country":"United States","region":"Wisconsin","coordSource":"rc","source":"iccra","tags":["circle","dumbbell","pathway"]}},{"type":"Feature","geometry":{"type":"Point","coordinates":[-120.56,43.93]},"properties":{"id":"a22315214245","title":"Germantown Rd., Portland, Multomah County (July 27, 1995)","date":"1995-07-27","datePrecision":"d","country":"United States","region":"Oregon","coordSource":"rc","source":"iccra","tags":[]}},{"type":"Feature","geometry":{"type":"Point","coordinates":[-71.81,42.26]},"properties":{"id":"c2fa27e0328a","title":"Great Barrington, Berkshire County (August 1, 1995)","date":"1995-08-01","datePrecision":"d","country":"United States","region":"Massachusetts","coordSource":"rc","source":"iccra","tags":[]}},{"type":"Feature","geometry":{"type":"Point","coordinates":[-93.5,42.08]},"properties":{"id":"fdf095a55c83","title":"Arlington, Fayette County (August 15, 1995)","date":"1995-08-15","datePrecision":"d","country":"United States","region":"Iowa","coordSource":"rc","source":"iccra","tags":[]}},{"type":"Feature","geometry":{"type":"Point","coordinates":[-92.46,38.35]},"properties":{"id":"03a58bed6bc8","title":"Springfield, Greene County (September 6, 1995)","date":"1995-09-06","datePrecision":"d","country":"United States","region":"Missouri","coordSource":"rc","source":"iccra","tags":[]}},{"type":"Feature","geometry":{"type":"Point","coordinates":[-85.41,44.35]},"properties":{"id":"23395ca67989","title":"Filion / Bad Axe, Huron County (September 28, 1995)","date":"1995-09-28","datePrecision":"d","country":"United States","region":"Michigan","coordSource":"rc","source":"iccra","tags":[]}},{"type":"Feature","geometry":{"type":"Point","coordinates":[-76.8,39.06]},"properties":{"id":"eaca2a9517d7","title":"Churchville, Harford County (1996)","date":"1996","datePrecision":"y","country":"United States","region":"Maryland","coordSource":"rc","source":"iccra","tags":[]}},{"type":"Feature","geometry":{"type":"Point","coordinates":[-76.8,39.06]},"properties":{"id":"2bda1145528e","title":"Calvert, Calvert County (1996)","date":"1996","datePrecision":"y","country":"United States","region":"Maryland","coordSource":"rc","source":"iccra","tags":[]}},{"type":"Feature","geometry":{"type":"Point","coordinates":[-76.8,39.06]},"properties":{"id":"46576926d481","title":"Chesapeake City, Cecil County (1996)","date":"1996","datePrecision":"y","country":"United States","region":"Maryland","coordSource":"rc","source":"iccra","tags":[]}},{"type":"Feature","geometry":{"type":"Point","coordinates":[-1.95,51.32]},"properties":{"id":"6ef2d9948822","title":"East Field, Alton Barnes, Nr Avebury, Wiltshire. Formed 17th June (reported 1996)","date":"1996","datePrecision":"y","country":"United Kingdom","region":"Wiltshire. Formed 17th June","coordSource":"rc","source":"cca"}},{"type":"Feature","geometry":{"type":"Point","coordinates":[-1.95,51.32]},"properties":{"id":"d4d7de2c3cd8","title":"Milk Hill, Alton Barnes, Nr Avebury, Wiltshire. Formed Thursday 19th June (reported 1996)","date":"1996","datePrecision":"y","country":"United Kingdom","region":"Wiltshire. Formed Thursday 19th June","coordSource":"rc","source":"cca"}},{"type":"Feature","geometry":{"type":"Point","coordinates":[5.2,51.56]},"properties":{"id":"778a347e48c0","title":"Hoeven, Noord Brabant, 05-03-1996","date":"1996-03-05","datePrecision":"d","country":"Netherlands","region":"Noord Brabant","coordSource":"rc","source":"dcca","tags":["circle","pathway","pictogram"]}},{"type":"Feature","geometry":{"type":"Point","coordinates":[-119.47,37.18]},"properties":{"id":"0c45e33298ea","title":"Laguna Canyon, Laguna Beach, Orange County (March 9, 1996)","date":"1996-03-09","datePrecision":"d","country":"United States","region":"California","coordSource":"rc","source":"iccra","tags":[]}},{"type":"Feature","geometry":{"type":"Point","coordinates":[0.05,52.3]},"properties":{"id":"4222be29b65a","title":"Girton, Nr Cambridge, Cambridgeshire, (reported 1996-05-12)","date":"1996-05-12","datePrecision":"d","country":"United Kingdom","region":"Cambridgeshire","coordSource":"rc","source":"cca"}},{"type":"Feature","geometry":{"type":"Point","coordinates":[-2.6,53.8]},"properties":{"id":"734704e3f28b","title":"Sollom, Nr Southport, Lancashire, (reported 1996-05-22)","date":"1996-05-22","datePrecision":"d","country":"United Kingdom","region":"Lancashire","coordSource":"rc","source":"cca"}},{"type":"Feature","geometry":{"type":"Point","coordinates":[-93.5,42.08]},"properties":{"id":"7ea4dabdc21a","title":"Altoona, Polk County (June 1996)","date":"1996-06","datePrecision":"m","country":"United States","region":"Iowa","coordSource":"rc","source":"iccra","tags":["ring"]}},{"type":"Feature","geometry":{"type":"Point","coordinates":[-1.95,51.32]},"properties":{"id":"a0490e26c5cf","title":"Silbury Hill, Nr Avebury, Wiltshire, (reported 1996-06-01)","date":"1996-06-01","datePrecision":"d","country":"United Kingdom","region":"Wiltshire","coordSource":"rc","source":"cca"}},{"type":"Feature","geometry":{"type":"Point","coordinates":[-1.95,51.32]},"properties":{"id":"41537cfc15ff","title":"Devizes, Wiltshire (reported 1996-06-01)","date":"1996-06-01","datePrecision":"d","country":"United Kingdom","region":"Wiltshire","coordSource":"rc","source":"cca"}},{"type":"Feature","geometry":{"type":"Point","coordinates":[-76.8,39.06]},"properties":{"id":"0ed661c6b3d1","title":"Street, Harford County (June 2, 1996)","date":"1996-06-02","datePrecision":"d","country":"United States","region":"Maryland","coordSource":"rc","source":"iccra","tags":[]}},{"type":"Feature","geometry":{"type":"Point","coordinates":[-119.47,37.18]},"properties":{"id":"19289cfb34c7","title":"Vermont, Los Angeles County (June 4, 1996)","date":"1996-06-04","datePrecision":"d","country":"United States","region":"California","coordSource":"rc","source":"iccra","tags":["oval"]}},{"type":"Feature","geometry":{"type":"Point","coordinates":[-105.55,38.99]},"properties":{"id":"b77c9e193805","title":"Hartman, Prowers County (Heartland?) (June 4, 1996)","date":"1996-06-04","datePrecision":"d","country":"United States","region":"Colorado","coordSource":"rc","source":"iccra","tags":["ring"]}},{"type":"Feature","geometry":{"type":"Point","coordinates":[-69.24,45.37]},"properties":{"id":"2dc3d7f78d1e","title":"Unknown County (June 4, 1996)","date":"1996-06-04","datePrecision":"d","country":"United States","region":"Maine","coordSource":"rc","source":"iccra","tags":["circle","crescent"]}},{"type":"Feature","geometry":{"type":"Point","coordinates":[-1.95,51.32]},"properties":{"id":"32163907489e","title":"Silbury Hill, Nr Avebury, Wiltshire, (reported 1996-06-04)","date":"1996-06-04","datePrecision":"d","country":"United Kingdom","region":"Wiltshire","coordSource":"rc","source":"cca"}},{"type":"Feature","geometry":{"type":"Point","coordinates":[-1.27,51.76]},"properties":{"id":"82fa587b62cf","title":"Denton, Nr Cuddesdon, Oxfordshire (reported 1996-06-04)","date":"1996-06-04","datePrecision":"d","country":"United Kingdom","region":"Oxfordshire","coordSource":"rc","source":"cca"}},{"type":"Feature","geometry":{"type":"Point","coordinates":[-119.47,37.18]},"properties":{"id":"12707d6a36d7","title":"Simi Valley, Ventura County (June 7, 1996)","date":"1996-06-07","datePrecision":"d","country":"United States","region":"California","coordSource":"rc","source":"iccra","tags":["figure"]}},{"type":"Feature","geometry":{"type":"Point","coordinates":[0.05,52.3]},"properties":{"id":"f806c36afc99","title":"Girton, Nr Cambridge, Cambridgeshire, (reported 1996-06-11)","date":"1996-06-11","datePrecision":"d","country":"United Kingdom","region":"Cambridgeshire","coordSource":"rc","source":"cca"}},{"type":"Feature","geometry":{"type":"Point","coordinates":[-1.31,51.06]},"properties":{"id":"1992c2c2da7c","title":"Goodworth Clatford, Nr Andover, Hampshire (reported 1996-06-15)","date":"1996-06-15","datePrecision":"d","country":"United Kingdom","region":"Hampshire","coordSource":"rc","source":"cca"}},{"type":"Feature","geometry":{"type":"Point","coordinates":[-1.27,51.76]},"properties":{"id":"d5244bb2c343","title":"Garsington, Nr Oxford, Oxfordshire (reported 1996-06-19)","date":"1996-06-19","datePrecision":"d","country":"United Kingdom","region":"Oxfordshire","coordSource":"rc","source":"cca"}},{"type":"Feature","geometry":{"type":"Point","coordinates":[-1.95,51.32]},"properties":{"id":"e05f5462dd6f","title":"Cherhill, Nr Calne, Wiltshire (reported 1996-06-21)","date":"1996-06-21","datePrecision":"d","country":"United Kingdom","region":"Wiltshire","coordSource":"rc","source":"cca"}},{"type":"Feature","geometry":{"type":"Point","coordinates":[-1.06372,52.60803]},"properties":{"id":"08c5b470a2c9","title":"Catthorpe,Nr Leicester, Leicestershire (reported 1996-06-21)","date":"1996-06-21","datePrecision":"d","country":"United Kingdom","region":"Leicestershire","coordSource":"og","source":"cca"}},{"type":"Feature","geometry":{"type":"Point","coordinates":[0.05,52.3]},"properties":{"id":"ea2314f95592","title":"Spaldwick, Nr Huntingdon, Cambridgeshire (reported 1996-06-22)","date":"1996-06-22","datePrecision":"d","country":"United Kingdom","region":"Cambridgeshire","coordSource":"rc","source":"cca"}},{"type":"Feature","geometry":{"type":"Point","coordinates":[-119.47,37.18]},"properties":{"id":"ee2681a974d5","title":"(Northeastern Modoc), Modoc County (June 25, 1996)","date":"1996-06-25","datePrecision":"d","country":"United States","region":"California","coordSource":"rc","source":"iccra","tags":["ring"]}},{"type":"Feature","geometry":{"type":"Point","coordinates":[-1.05,51.45]},"properties":{"id":"2814ec9f5ebd","title":"Ruscombe, Nr Twyford, Berkshire (reported 1996-06-25)","date":"1996-06-25","datePrecision":"d","country":"United Kingdom","region":"Berkshire","coordSource":"rc","source":"cca"}},{"type":"Feature","geometry":{"type":"Point","coordinates":[-100.23,44.44]},"properties":{"id":"a5f393f44dda","title":"Fort Randall, Gregory County (June 30, 1996)","date":"1996-06-30","datePrecision":"d","country":"United States","region":"South Dakota","coordSource":"rc","source":"iccra","tags":["circle"]}},{"type":"Feature","geometry":{"type":"Point","coordinates":[-72.73,41.62]},"properties":{"id":"dc0e960cbe10","title":"Stony Creek / Branford, New Haven County (July 1996)","date":"1996-07","datePrecision":"m","country":"United States","region":"Connecticut","coordSource":"rc","source":"iccra","tags":["circle"]}},{"type":"Feature","geometry":{"type":"Point","coordinates":[-86.28,39.89]},"properties":{"id":"f8ed5f243645","title":"Indian Village, Noble County (July 1, 1996)","date":"1996-07-01","datePrecision":"d","country":"United States","region":"Indiana","coordSource":"rc","source":"iccra","tags":["circle"]}},{"type":"Feature","geometry":{"type":"Point","coordinates":[-82.79,40.29]},"properties":{"id":"a67324cdfce6","title":"Paulding / Jackson Township, Paulding County (July 4, 1996)","date":"1996-07-04","datePrecision":"d","country":"United States","region":"Ohio","coordSource":"rc","source":"iccra"}},{"type":"Feature","geometry":{"type":"Point","coordinates":[5.94,51.21]},"properties":{"id":"9cca5cb2c307","title":"Landgraaf, limburg, 05-07-1996","date":"1996-07-05","datePrecision":"d","country":"Netherlands","region":"limburg","coordSource":"rc","source":"dcca","tags":["pictogram"]}},{"type":"Feature","geometry":{"type":"Point","coordinates":[-86.28,39.89]},"properties":{"id":"20f5033729fe","title":"Etna Troy Township / Columbia City, Whitley County (July 14, 1996)","date":"1996-07-14","datePrecision":"d","country":"United States","region":"Indiana","coordSource":"rc","source":"iccra","tags":["circle","dumbbell","grapeshot","key-claw","pathway","ring"]}},{"type":"Feature","geometry":{"type":"Point","coordinates":[-120.45,47.38]},"properties":{"id":"cd8b6f7387e2","title":"Chehalis, Lewis County (July 17, 1996)","date":"1996-07-17","datePrecision":"d","country":"United States","region":"Washington","coordSource":"rc","source":"iccra","tags":["circle","ring"]}},{"type":"Feature","geometry":{"type":"Point","coordinates":[3.85,51.49]},"properties":{"id":"681b3cb584cb","title":"Graauw, Zeeland, 20-07-1996","date":"1996-07-20","datePrecision":"d","country":"Netherlands","region":"Zeeland","coordSource":"rc","source":"dcca","tags":["circle"]}},{"type":"Feature","geometry":{"type":"Point","coordinates":[-86.28,39.89]},"properties":{"id":"7b7a6149874d","title":"Washington Center / Washington Township, Noble County (July 20, 1996)","date":"1996-07-20","datePrecision":"d","country":"United States","region":"Indiana","coordSource":"rc","source":"iccra","tags":["circle","pathway","ring"]}},{"type":"Feature","geometry":{"type":"Point","coordinates":[-99.8,41.54]},"properties":{"id":"f551f5e05c94","title":"Butte, Boyd County (July 21, 1996)","date":"1996-07-21","datePrecision":"d","country":"United States","region":"Nebraska","coordSource":"rc","source":"iccra","tags":["circle","oval","ring"]}},{"type":"Feature","geometry":{"type":"Point","coordinates":[3.85,51.49]},"properties":{"id":"0d0228599872","title":"Scharrendijke, Zeeland, 25-07-1996","date":"1996-07-25","datePrecision":"d","country":"Netherlands","region":"Zeeland","coordSource":"rc","source":"dcca","tags":["circle"]}},{"type":"Feature","geometry":{"type":"Point","coordinates":[5.94,51.21]},"properties":{"id":"f8b941edafab","title":"Welten, Limburg, 25-07-1996","date":"1996-07-25","datePrecision":"d","country":"Netherlands","region":"Limburg","coordSource":"rc","source":"dcca","tags":["circle","pathway"]}},{"type":"Feature","geometry":{"type":"Point","coordinates":[5.94,52.06]},"properties":{"id":"fd71022b681c","title":"Heumen, gelderland, 29-07-1996","date":"1996-07-29","datePrecision":"d","country":"Netherlands","region":"gelderland","coordSource":"rc","source":"dcca","tags":["circle"]}},{"type":"Feature","geometry":{"type":"Point","coordinates":[5.94,51.21]},"properties":{"id":"1cac7859f917","title":"Welten, Limburg, 30-07-1996","date":"1996-07-30","datePrecision":"d","country":"Netherlands","region":"Limburg","coordSource":"rc","source":"dcca","tags":["circle","ring"]}},{"type":"Feature","geometry":{"type":"Point","coordinates":[5.2,51.56]},"properties":{"id":"14e9a99f6dc7","title":"Uden, Noord Brabant, 30-07-1996","date":"1996-07-30","datePrecision":"d","country":"Netherlands","region":"Noord Brabant","coordSource":"rc","source":"dcca","tags":["circle","ring"]}},{"type":"Feature","geometry":{"type":"Point","coordinates":[5.2,51.56]},"properties":{"id":"5c4519c95c66","title":"Netersel, Noord Brabant, 30-07-1996","date":"1996-07-30","datePrecision":"d","country":"Netherlands","region":"Noord Brabant","coordSource":"rc","source":"dcca","tags":["circle"]}},{"type":"Feature","geometry":{"type":"Point","coordinates":[5.94,52.06]},"properties":{"id":"287b464dfd2e","title":"Tricht, Gelderland, 30-07-1996","date":"1996-07-30","datePrecision":"d","country":"Netherlands","region":"Gelderland","coordSource":"rc","source":"dcca","tags":["circle"]}},{"type":"Feature","geometry":{"type":"Point","coordinates":[6.74,53.26]},"properties":{"id":"d49920f6c419","title":"Meeden, Groningen, 31-07-1996","date":"1996-07-31","datePrecision":"d","country":"Netherlands","region":"Groningen","coordSource":"rc","source":"dcca","tags":["circle"]}},{"type":"Feature","geometry":{"type":"Point","coordinates":[6.62,52.86]},"properties":{"id":"5ef6f0002b34","title":"Bovensmilde, Drenthe, 31-07-1996","date":"1996-07-31","datePrecision":"d","country":"Netherlands","region":"Drenthe","coordSource":"rc","source":"dcca","tags":["circle"]}},{"type":"Feature","geometry":{"type":"Point","coordinates":[-74.67,40.19]},"properties":{"id":"600a257f1fae","title":"Burlington County (August, 1996)","date":"1996-08","datePrecision":"m","country":"United States","region":"New Jersey","coordSource":"rc","source":"iccra","tags":[]}},{"type":"Feature","geometry":{"type":"Point","coordinates":[-82.79,40.29]},"properties":{"id":"9e8d46a54216","title":"Sugar Creek Township / Elida, Allen County (August 1, 1996)","date":"1996-08-01","datePrecision":"d","country":"United States","region":"Ohio","coordSource":"rc","source":"iccra","tags":["circle","pathway"]}},{"type":"Feature","geometry":{"type":"Point","coordinates":[3.85,51.49]},"properties":{"id":"719f63a9494e","title":"Veere, Zeeland, 02-08-1996","date":"1996-08-02","datePrecision":"d","country":"Netherlands","region":"Zeeland","coordSource":"rc","source":"dcca","tags":["ring"]}},{"type":"Feature","geometry":{"type":"Point","coordinates":[6.74,53.26]},"properties":{"id":"e266c1bf16d9","title":"Meeden, Groningen, 02-08-1996","date":"1996-08-02","datePrecision":"d","country":"Netherlands","region":"Groningen","coordSource":"rc","source":"dcca","tags":["circle"]}},{"type":"Feature","geometry":{"type":"Point","coordinates":[4.5,52]},"properties":{"id":"aac8802f8c3d","title":"Oud-Beijerland, Zuid Holland, 03-08-1996","date":"1996-08-03","datePrecision":"d","country":"Netherlands","region":"Zuid Holland","coordSource":"rc","source":"dcca","tags":["circle"]}},{"type":"Feature","geometry":{"type":"Point","coordinates":[3.85,51.49]},"properties":{"id":"d8e96ed46173","title":"'s Heerenbroek, Zeeland, 03-08-1996","date":"1996-08-03","datePrecision":"d","country":"Netherlands","region":"Zeeland","coordSource":"rc","source":"dcca","tags":["circle"]}},{"type":"Feature","geometry":{"type":"Point","coordinates":[3.85,51.49]},"properties":{"id":"f504ddacc2e1","title":"Veersedam, Zeeland, 04-08-1996","date":"1996-08-04","datePrecision":"d","country":"Netherlands","region":"Zeeland","coordSource":"rc","source":"dcca","tags":["circle"]}},{"type":"Feature","geometry":{"type":"Point","coordinates":[3.85,51.49]},"properties":{"id":"ec9b7c1f4480","title":"22 Burgh-Haamstede, Zeeland, 04-08-1996","date":"1996-08-04","datePrecision":"d","country":"Netherlands","region":"Zeeland","coordSource":"rc","source":"dcca","tags":["circle"]}},{"type":"Feature","geometry":{"type":"Point","coordinates":[5.6,52.53]},"properties":{"id":"11dc91b9bedc","title":"Almere, Flevoland, 04-08-1996","date":"1996-08-04","datePrecision":"d","country":"Netherlands","region":"Flevoland","coordSource":"rc","source":"dcca","tags":["circle"]}},{"type":"Feature","geometry":{"type":"Point","coordinates":[5.6,52.53]},"properties":{"id":"7426f97c2d4a","title":"Almere, Flevoland, 04-08-1996","date":"1996-08-04","datePrecision":"d","country":"Netherlands","region":"Flevoland","coordSource":"rc","source":"dcca","tags":["circle","pathway","ring"]}},{"type":"Feature","geometry":{"type":"Point","coordinates":[5.94,51.21]},"properties":{"id":"dbaeaa2b00f2","title":"Colmont, Limburg, 04-08-1996","date":"1996-08-04","datePrecision":"d","country":"Netherlands","region":"Limburg","coordSource":"rc","source":"dcca","tags":[]}},{"type":"Feature","geometry":{"type":"Point","coordinates":[3.85,51.49]},"properties":{"id":"d711528756ac","title":"Graauw, Zeeland, 05-08-1996","date":"1996-08-05","datePrecision":"d","country":"Netherlands","region":"Zeeland","coordSource":"rc","source":"dcca","tags":["circle"]}},{"type":"Feature","geometry":{"type":"Point","coordinates":[5.94,51.21]},"properties":{"id":"35df7b71ecaa","title":"Vaesrade, Limburg, 05-08-1996","date":"1996-08-05","datePrecision":"d","country":"Netherlands","region":"Limburg","coordSource":"rc","source":"dcca","tags":["pictogram"]}},{"type":"Feature","geometry":{"type":"Point","coordinates":[5.94,51.21]},"properties":{"id":"30366794dbbf","title":"Eygelshoven, Limburg, 06-08-1996","date":"1996-08-06","datePrecision":"d","country":"Netherlands","region":"Limburg","coordSource":"rc","source":"dcca","tags":["circle","ring"]}},{"type":"Feature","geometry":{"type":"Point","coordinates":[-86.28,39.89]},"properties":{"id":"94272d3f57b7","title":"Kewanna, Fulton County (August 7, 1996)","date":"1996-08-07","datePrecision":"d","country":"United States","region":"Indiana","coordSource":"rc","source":"iccra","tags":["circle"]}},{"type":"Feature","geometry":{"type":"Point","coordinates":[-100.23,44.44]},"properties":{"id":"98b6d68c217a","title":"Watertown, Codington County (August 8, 1996)","date":"1996-08-08","datePrecision":"d","country":"United States","region":"South Dakota","coordSource":"rc","source":"iccra","tags":["pathway"]}},{"type":"Feature","geometry":{"type":"Point","coordinates":[-119.47,37.18]},"properties":{"id":"216bf1eb3c29","title":"Gilroy, Santa Clara County (August 10, 1996)","date":"1996-08-10","datePrecision":"d","country":"United States","region":"California","coordSource":"rc","source":"iccra","tags":[]}},{"type":"Feature","geometry":{"type":"Point","coordinates":[3.85,51.49]},"properties":{"id":"efed329f9d44","title":"Hoek, Zeeland, 11-08-1996","date":"1996-08-11","datePrecision":"d","country":"Netherlands","region":"Zeeland","coordSource":"rc","source":"dcca","tags":["circle"]}},{"type":"Feature","geometry":{"type":"Point","coordinates":[-105.55,38.99]},"properties":{"id":"5a50ab36013b","title":"Delta, Delta County (August 12, 1996)","date":"1996-08-12","datePrecision":"d","country":"United States","region":"Colorado","coordSource":"rc","source":"iccra","tags":["oval","ring"]}},{"type":"Feature","geometry":{"type":"Point","coordinates":[-111.67,39.31]},"properties":{"id":"e30d8bc6381b","title":"Logan, Cache County (August 23, 1996)","date":"1996-08-23","datePrecision":"d","country":"United States","region":"Utah","coordSource":"rc","source":"iccra","tags":["circle","dumbbell"]}},{"type":"Feature","geometry":{"type":"Point","coordinates":[-106,54]},"properties":{"id":"4d4b9f1a882b","title":"Rocanville, Saskatchewan , Canada (reported 1996-09)","date":"1996-09","datePrecision":"m","country":"Canada","region":"Saskatchewan","coordSource":"rc","source":"cca"}},{"type":"Feature","geometry":{"type":"Point","coordinates":[-94.31,46.28]},"properties":{"id":"18d15c842eb4","title":"Pease, Mille Lacs County (September 5, 1996)","date":"1996-09-05","datePrecision":"d","country":"United States","region":"Minnesota","coordSource":"rc","source":"iccra","tags":["circle"]}},{"type":"Feature","geometry":{"type":"Point","coordinates":[-105.55,38.99]},"properties":{"id":"8aa609da37c7","title":"Antonito, San Luis Valley / Crestone, Conejos County (September 23, 1996)","date":"1996-09-23","datePrecision":"d","country":"United States","region":"Colorado","coordSource":"rc","source":"iccra","tags":["circle"]}},{"type":"Feature","geometry":{"type":"Point","coordinates":[-120.56,43.93]},"properties":{"id":"7a4451cc7c55","title":"Lakeview, Lake County (October 4, 1996)","date":"1996-10-04","datePrecision":"d","country":"United States","region":"Oregon","coordSource":"rc","source":"iccra","tags":["ring"]}},{"type":"Feature","geometry":{"type":"Point","coordinates":[-93.5,42.08]},"properties":{"id":"79b42ffddaa8","title":"Nevada, Story County (October 8, 1996)","date":"1996-10-08","datePrecision":"d","country":"United States","region":"Iowa","coordSource":"rc","source":"iccra","tags":["circle","ring"]}},{"type":"Feature","geometry":{"type":"Point","coordinates":[-89.2,40.04]},"properties":{"id":"b566adc6b5f5","title":"Albion (Grayville), Edwards County (October 12, 1996)","date":"1996-10-12","datePrecision":"d","country":"United States","region":"Illinois","coordSource":"rc","source":"iccra","tags":["circle"]}},{"type":"Feature","geometry":{"type":"Point","coordinates":[-86.28,39.89]},"properties":{"id":"96bf4114f6ae","title":"New Lake, Etna Troy Township, Whitley County (December, 1996)","date":"1996-12","datePrecision":"m","country":"United States","region":"Indiana","coordSource":"rc","source":"iccra","tags":["circle"]}},{"type":"Feature","geometry":{"type":"Point","coordinates":[3.85,51.49]},"properties":{"id":"68708b17b8a0","title":"Noordgouwe, Zeeland, 1997","date":"1997","datePrecision":"y","country":"Netherlands","region":"Zeeland","coordSource":"rc","source":"dcca"}},{"type":"Feature","geometry":{"type":"Point","coordinates":[5.2,51.56]},"properties":{"id":"d21abb24316e","title":"3 formations near Dongen, Noord Brabant, 1997","date":"1997","datePrecision":"y","country":"Netherlands","region":"Noord Brabant","coordSource":"rc","source":"dcca"}},{"type":"Feature","geometry":{"type":"Point","coordinates":[4.87,52.6]},"properties":{"id":"808819771687","title":"Wieringermeer, Noord Holland, 1997","date":"1997","datePrecision":"y","country":"Netherlands","region":"Noord Holland","coordSource":"rc","source":"dcca","tags":["circle","pictogram"]}},{"type":"Feature","geometry":{"type":"Point","coordinates":[6.62,52.86]},"properties":{"id":"287b6316e496","title":"Wijster, Drenthe, 1997","date":"1997","datePrecision":"y","country":"Netherlands","region":"Drenthe","coordSource":"rc","source":"dcca","tags":["circle"]}},{"type":"Feature","geometry":{"type":"Point","coordinates":[5.2,51.56]},"properties":{"id":"d5650127b663","title":"Wilhelminadorp, Noord Brabant, 1997","date":"1997","datePrecision":"y","country":"Netherlands","region":"Noord Brabant","coordSource":"rc","source":"dcca","tags":["pathway","ring"]}},{"type":"Feature","geometry":{"type":"Point","coordinates":[6.62,52.86]},"properties":{"id":"a746d97efed1","title":"Hooghalen, Drenthe, 1997","date":"1997","datePrecision":"y","country":"Netherlands","region":"Drenthe","coordSource":"rc","source":"dcca"}},{"type":"Feature","geometry":{"type":"Point","coordinates":[3.85,51.49]},"properties":{"id":"5d4f9d5fbea7","title":"Hulst, Zeeland, 1997","date":"1997","datePrecision":"y","country":"Netherlands","region":"Zeeland","coordSource":"rc","source":"dcca"}},{"type":"Feature","geometry":{"type":"Point","coordinates":[5.6,52.53]},"properties":{"id":"ffa6c6e1cb60","title":"Almere, Flevoland, 1997","date":"1997","datePrecision":"y","country":"Netherlands","region":"Flevoland","coordSource":"rc","source":"dcca"}},{"type":"Feature","geometry":{"type":"Point","coordinates":[-93.5,42.08]},"properties":{"id":"c0fd65b06525","title":"Drakesville, Davis County (late June 1997)","date":"1997","datePrecision":"y","country":"United States","region":"Iowa","coordSource":"rc","source":"iccra","tags":["circle"]}},{"type":"Feature","geometry":{"type":"Point","coordinates":[-1.95,51.32]},"properties":{"id":"1249b25adbf7","title":"THE GIANTS TRAIL, The Ridgeway, Marlborough Downs, Nr Marlborough, Wiltshire (reported 1997)","date":"1997","datePrecision":"y","country":"United Kingdom","region":"Wiltshire","coordSource":"rc","source":"cca"}},{"type":"Feature","geometry":{"type":"Point","coordinates":[-119.47,37.18]},"properties":{"id":"4be10780d17a","title":"Hermitt [Creek?] (January 1, 1997)","date":"1997-01-01","datePrecision":"d","country":"United States","region":"California","coordSource":"rc","source":"iccra","tags":["circle"]}},{"type":"Feature","geometry":{"type":"Point","coordinates":[-69.24,45.37]},"properties":{"id":"39656bfd698e","title":"Cape Elizabeth / Portland, Cumberland County (February 5, 1997)","date":"1997-02-05","datePrecision":"d","country":"United States","region":"Maine","coordSource":"rc","source":"iccra","tags":["circle"]}},{"type":"Feature","geometry":{"type":"Point","coordinates":[-85.41,44.35]},"properties":{"id":"10a5710ba442","title":"Island Lake State Recreational Area, Livingston County (February 7, 1997)","date":"1997-02-07","datePrecision":"d","country":"United States","region":"Michigan","coordSource":"rc","source":"iccra","tags":["circle"]}},{"type":"Feature","geometry":{"type":"Point","coordinates":[-119.47,37.18]},"properties":{"id":"431621d23ad1","title":"Mount Madonna / Watsonville, Santa Cruz County (March 18, 1997)","date":"1997-03-18","datePrecision":"d","country":"United States","region":"California","coordSource":"rc","source":"iccra","tags":["circle"]}},{"type":"Feature","geometry":{"type":"Point","coordinates":[5.2,51.56]},"properties":{"id":"12779fa86f00","title":"Hoeven, Noord Brabant, May 1997","date":"1997-05","datePrecision":"m","country":"Netherlands","region":"Noord Brabant","coordSource":"rc","source":"dcca","tags":["circle","pictogram","ring"]}},{"type":"Feature","geometry":{"type":"Point","coordinates":[-71.58,43.68]},"properties":{"id":"375c67a909e3","title":"Rye, Rockingham County (May 1, 1997)","date":"1997-05-01","datePrecision":"d","country":"United States","region":"New Hampshire","coordSource":"rc","source":"iccra","tags":["circle"]}},{"type":"Feature","geometry":{"type":"Point","coordinates":[5.2,51.56]},"properties":{"id":"a07a063637dc","title":"Hoeven, Noord brabant, 15-05-1997","date":"1997-05-15","datePrecision":"d","country":"Netherlands","region":"Noord brabant","coordSource":"rc","source":"dcca","tags":["circle","grapeshot"]}},{"type":"Feature","geometry":{"type":"Point","coordinates":[-111.67,39.31]},"properties":{"id":"3fefa6abfa33","title":"Lehi, Utah County (May 23, 1997)","date":"1997-05-23","datePrecision":"d","country":"United States","region":"Utah","coordSource":"rc","source":"iccra","tags":[]}},{"type":"Feature","geometry":{"type":"Point","coordinates":[-69.24,45.37]},"properties":{"id":"f5ddd0278c16","title":"Newark, New Castle County (May 29, 1997)","date":"1997-05-29","datePrecision":"d","country":"United States","region":"Maine","coordSource":"rc","source":"iccra","tags":["circle","ring"]}},{"type":"Feature","geometry":{"type":"Point","coordinates":[-120.45,47.38]},"properties":{"id":"ac6232839f64","title":"Unknown County (May 29, 1997)","date":"1997-05-29","datePrecision":"d","country":"United States","region":"Washington","coordSource":"rc","source":"iccra","tags":["circle"]}},{"type":"Feature","geometry":{"type":"Point","coordinates":[-79.39,35.55]},"properties":{"id":"0218b834e83f","title":"Hertford, Perquimans County (June 11, 1997)","date":"1997-06-11","datePrecision":"d","country":"United States","region":"North Carolina","coordSource":"rc","source":"iccra","tags":["circle","pathway","ring"]}},{"type":"Feature","geometry":{"type":"Point","coordinates":[5.2,51.56]},"properties":{"id":"c7664ed2c4d4","title":"Hoeven, Noord Brabant, 14-06-1997","date":"1997-06-14","datePrecision":"d","country":"Netherlands","region":"Noord Brabant","coordSource":"rc","source":"dcca","tags":["circle"]}},{"type":"Feature","geometry":{"type":"Point","coordinates":[-82.79,40.29]},"properties":{"id":"bbb6cb616999","title":"Payne, Paulding County (June 27, 1997)","date":"1997-06-27","datePrecision":"d","country":"United States","region":"Ohio","coordSource":"rc","source":"iccra","tags":["circle"]}},{"type":"Feature","geometry":{"type":"Point","coordinates":[-89.2,40.04]},"properties":{"id":"5d50fb42174a","title":"Collinsville / Granite City, Madison County (June 28, 1997)","date":"1997-06-28","datePrecision":"d","country":"United States","region":"Illinois","coordSource":"rc","source":"iccra","tags":["pathway"]}},{"type":"Feature","geometry":{"type":"Point","coordinates":[-120.56,43.93]},"properties":{"id":"fb357ee600e0","title":"Wavr Farm, Salem / Silver Creek Falls, Marion County (June 28, 1997)","date":"1997-06-28","datePrecision":"d","country":"United States","region":"Oregon","coordSource":"rc","source":"iccra","tags":["ring"]}},{"type":"Feature","geometry":{"type":"Point","coordinates":[5.2,51.56]},"properties":{"id":"65bca8f55370","title":"Andel, Noord Brabant, 29-06-1997","date":"1997-06-29","datePrecision":"d","country":"Netherlands","region":"Noord Brabant","coordSource":"rc","source":"dcca","tags":["circle","dumbbell","pathway"]}},{"type":"Feature","geometry":{"type":"Point","coordinates":[4.5,52]},"properties":{"id":"efda0b953a21","title":"Leimuiden, Zuid Holland, July 1997","date":"1997-07","datePrecision":"m","country":"Netherlands","region":"Zuid Holland","coordSource":"rc","source":"dcca","tags":["circle","ring"]}},{"type":"Feature","geometry":{"type":"Point","coordinates":[-86.28,39.89]},"properties":{"id":"9bfe669196ee","title":"Whitley County (July 1997)","date":"1997-07","datePrecision":"m","country":"United States","region":"Indiana","coordSource":"rc","source":"iccra","tags":["grapeshot","pictogram"]}},{"type":"Feature","geometry":{"type":"Point","coordinates":[-74.67,40.19]},"properties":{"id":"4639838263d7","title":"Lawrence Township, Mercer County (July 3, 1997)","date":"1997-07-03","datePrecision":"d","country":"United States","region":"New Jersey","coordSource":"rc","source":"iccra","tags":["circle","pathway","ring"]}},{"type":"Feature","geometry":{"type":"Point","coordinates":[6.62,52.86]},"properties":{"id":"d513eb0be58b","title":"Hooghalen, Drenthe, 05-07-1997","date":"1997-07-05","datePrecision":"d","country":"Netherlands","region":"Drenthe","coordSource":"rc","source":"dcca","tags":["circle","grapeshot","pictogram","ring"]}},{"type":"Feature","geometry":{"type":"Point","coordinates":[-99.8,41.54]},"properties":{"id":"0c73470a104b","title":"Waverly, Lancaster County (July 6, 1997)","date":"1997-07-06","datePrecision":"d","country":"United States","region":"Nebraska","coordSource":"rc","source":"iccra","tags":["circle","oval","ring"]}},{"type":"Feature","geometry":{"type":"Point","coordinates":[-111.67,39.31]},"properties":{"id":"d7ba7592ac29","title":"Smithfield, Cache County (July 6, 1997)","date":"1997-07-06","datePrecision":"d","country":"United States","region":"Utah","coordSource":"rc","source":"iccra","tags":["circle"]}},{"type":"Feature","geometry":{"type":"Point","coordinates":[-74.67,40.19]},"properties":{"id":"b7bd39645310","title":"Lawrence Township, Mercer County (July 7, 1997)","date":"1997-07-07","datePrecision":"d","country":"United States","region":"New Jersey","coordSource":"rc","source":"iccra","tags":["pictogram"]}},{"type":"Feature","geometry":{"type":"Point","coordinates":[-111.67,39.31]},"properties":{"id":"1c1ddbd9478e","title":"Richmond, Cache County (July 7, 1997)","date":"1997-07-07","datePrecision":"d","country":"United States","region":"Utah","coordSource":"rc","source":"iccra","tags":["cross"]}},{"type":"Feature","geometry":{"type":"Point","coordinates":[6.62,52.86]},"properties":{"id":"fc44a81bc42a","title":"Beilen (1), Drenthe, 10-07-1997","date":"1997-07-10","datePrecision":"d","country":"Netherlands","region":"Drenthe","coordSource":"rc","source":"dcca","tags":["circle"]}},{"type":"Feature","geometry":{"type":"Point","coordinates":[6.62,52.86]},"properties":{"id":"e16dc394ad69","title":"Beilen (2), Drenthe, 10-07-1997","date":"1997-07-10","datePrecision":"d","country":"Netherlands","region":"Drenthe","coordSource":"rc","source":"dcca","tags":["circle"]}},{"type":"Feature","geometry":{"type":"Point","coordinates":[6.62,52.86]},"properties":{"id":"36f98863eabd","title":"Emmen, Drenthe, 11-07-1997","date":"1997-07-11","datePrecision":"d","country":"Netherlands","region":"Drenthe","coordSource":"rc","source":"dcca","tags":["pictogram"]}},{"type":"Feature","geometry":{"type":"Point","coordinates":[6.62,52.86]},"properties":{"id":"40891a7674a2","title":"Emmen, Drenthe, 11-07-1997","date":"1997-07-11","datePrecision":"d","country":"Netherlands","region":"Drenthe","coordSource":"rc","source":"dcca","tags":[]}},{"type":"Feature","geometry":{"type":"Point","coordinates":[5.2,51.56]},"properties":{"id":"db6b996f471b","title":"Zevenbergen, Noord Brabant, 12-07-1997","date":"1997-07-12","datePrecision":"d","country":"Netherlands","region":"Noord Brabant","coordSource":"rc","source":"dcca","tags":["circle","pictogram"]}},{"type":"Feature","geometry":{"type":"Point","coordinates":[-99.8,41.54]},"properties":{"id":"6c97d312337d","title":"Waverly, Nr Lincoln, Nebraska, USA (reported 1997-07-12)","date":"1997-07-12","datePrecision":"d","country":"United States","region":"Nebraska","coordSource":"rc","source":"cca"}},{"type":"Feature","geometry":{"type":"Point","coordinates":[4.5,52]},"properties":{"id":"672acbe8929f","title":"Zevenhuizen, Zuid holland, 13-07-1997","date":"1997-07-13","datePrecision":"d","country":"Netherlands","region":"Zuid holland","coordSource":"rc","source":"dcca","tags":["circle"]}},{"type":"Feature","geometry":{"type":"Point","coordinates":[6.62,52.86]},"properties":{"id":"e4a67a1daef4","title":"Hooghalen, Drenthe, 15-07-1997","date":"1997-07-15","datePrecision":"d","country":"Netherlands","region":"Drenthe","coordSource":"rc","source":"dcca","tags":[]}},{"type":"Feature","geometry":{"type":"Point","coordinates":[3.85,51.49]},"properties":{"id":"ae44971a29d2","title":"Vlissingen, Zeeland, 15-07-1997","date":"1997-07-15","datePrecision":"d","country":"Netherlands","region":"Zeeland","coordSource":"rc","source":"dcca","tags":["celtic","cross"]}},{"type":"Feature","geometry":{"type":"Point","coordinates":[3.85,51.49]},"properties":{"id":"4e9d2d785f56","title":"Nieuwekerk, Zeeland, 16-07-1997","date":"1997-07-16","datePrecision":"d","country":"Netherlands","region":"Zeeland","coordSource":"rc","source":"dcca","tags":["circle","spiral"]}},{"type":"Feature","geometry":{"type":"Point","coordinates":[6.62,52.86]},"properties":{"id":"5065f7b68d94","title":"Smilde, Drenthe, 17-07-1997","date":"1997-07-17","datePrecision":"d","country":"Netherlands","region":"Drenthe","coordSource":"rc","source":"dcca","tags":["circle"]}},{"type":"Feature","geometry":{"type":"Point","coordinates":[3.85,51.49]},"properties":{"id":"dae55979b80e","title":"Baarland, Zeeland, 17-07-1997","date":"1997-07-17","datePrecision":"d","country":"Netherlands","region":"Zeeland","coordSource":"rc","source":"dcca"}},{"type":"Feature","geometry":{"type":"Point","coordinates":[5.94,51.21]},"properties":{"id":"63a862186bc3","title":"Melick, Limburg, 18-07-1997","date":"1997-07-18","datePrecision":"d","country":"Netherlands","region":"Limburg","coordSource":"rc","source":"dcca","tags":["pictogram"]}},{"type":"Feature","geometry":{"type":"Point","coordinates":[3.85,51.49]},"properties":{"id":"e0300ac23603","title":"Hoek, Zeeland, 18-07-1997","date":"1997-07-18","datePrecision":"d","country":"Netherlands","region":"Zeeland","coordSource":"rc","source":"dcca","tags":["circle"]}},{"type":"Feature","geometry":{"type":"Point","coordinates":[5.85,53.11]},"properties":{"id":"90f1ab871b8d","title":"Makkinga, Friesland, 18-07-1997","date":"1997-07-18","datePrecision":"d","country":"Netherlands","region":"Friesland","coordSource":"rc","source":"dcca","tags":["pictogram"]}},{"type":"Feature","geometry":{"type":"Point","coordinates":[5.2,51.56]},"properties":{"id":"b0ed0188f340","title":"Uden, Noord Brabant, 18-07-1997","date":"1997-07-18","datePrecision":"d","country":"Netherlands","region":"Noord Brabant","coordSource":"rc","source":"dcca","tags":["circle"]}},{"type":"Feature","geometry":{"type":"Point","coordinates":[4.87,52.6]},"properties":{"id":"cb00f9c4e8ca","title":"Texel, Noord Holland, 18-07-1997","date":"1997-07-18","datePrecision":"d","country":"Netherlands","region":"Noord Holland","coordSource":"rc","source":"dcca","tags":["circle","triangle"]}},{"type":"Feature","geometry":{"type":"Point","coordinates":[5.94,51.21]},"properties":{"id":"f59853cc5958","title":"Melick, Limburg, 21-07-1997","date":"1997-07-21","datePrecision":"d","country":"Netherlands","region":"Limburg","coordSource":"rc","source":"dcca","tags":["pictogram"]}},{"type":"Feature","geometry":{"type":"Point","coordinates":[5.94,52.06]},"properties":{"id":"8431a29b2830","title":"Zutphen, Gelderland, 28-07-1997","date":"1997-07-28","datePrecision":"d","country":"Netherlands","region":"Gelderland","coordSource":"rc","source":"dcca","tags":[]}},{"type":"Feature","geometry":{"type":"Point","coordinates":[5.85,53.11]},"properties":{"id":"19e89c6a7dec","title":"Ee, Friesland, 28-07-1997","date":"1997-07-28","datePrecision":"d","country":"Netherlands","region":"Friesland","coordSource":"rc","source":"dcca","tags":["circle"]}},{"type":"Feature","geometry":{"type":"Point","coordinates":[5.6,52.53]},"properties":{"id":"fd90d4e7ceec","title":"Purmerend, Flevoland, 29-07-1997","date":"1997-07-29","datePrecision":"d","country":"Netherlands","region":"Flevoland","coordSource":"rc","source":"dcca","tags":["circle"]}},{"type":"Feature","geometry":{"type":"Point","coordinates":[5.94,52.06]},"properties":{"id":"5ebe9c526bc3","title":"Beek, Gelderland, 29-07-1997","date":"1997-07-29","datePrecision":"d","country":"Netherlands","region":"Gelderland","coordSource":"rc","source":"dcca","tags":["circle","pathway"]}},{"type":"Feature","geometry":{"type":"Point","coordinates":[-76.8,39.06]},"properties":{"id":"e754e0da4a0f","title":"Logan (?), (July 29, 1997)","date":"1997-07-29","datePrecision":"d","country":"United States","region":"Maryland","coordSource":"rc","source":"iccra","tags":["circle","ring"]}},{"type":"Feature","geometry":{"type":"Point","coordinates":[-0.63274,52.50539]},"properties":{"id":"5ef34cbda581","title":"Shearsby. South Leicester, Leicestershire (reported 1997-07-29)","date":"1997-07-29","datePrecision":"d","country":"United Kingdom","region":"Leicestershire","coordSource":"og","source":"cca"}},{"type":"Feature","geometry":{"type":"Point","coordinates":[4.87,52.6]},"properties":{"id":"30ea37415b77","title":"Schiphol, Noord Holland, 31-07-1997","date":"1997-07-31","datePrecision":"d","country":"Netherlands","region":"Noord Holland","coordSource":"rc","source":"dcca","tags":["circle"]}},{"type":"Feature","geometry":{"type":"Point","coordinates":[-1.95,51.32]},"properties":{"id":"2cde55d3dc83","title":"of 1997 Etchilhampton (4), Nr Devizes, Wiltshire (reported 1997-08)","date":"1997-08","datePrecision":"m","country":"United Kingdom","region":"Wiltshire","coordSource":"rc","source":"cca"}},{"type":"Feature","geometry":{"type":"Point","coordinates":[-75.53,42.95]},"properties":{"id":"687639c4ba9d","title":"A Crop Circle at Marion, New York State, USA , (reported 1997-08)","date":"1997-08","datePrecision":"m","country":"United States","region":"New York State","coordSource":"rc","source":"cca"}},{"type":"Feature","geometry":{"type":"Point","coordinates":[5.94,52.06]},"properties":{"id":"c29346993dbf","title":"Brummen, Gelderland, 05-08-1997","date":"1997-08-05","datePrecision":"d","country":"Netherlands","region":"Gelderland","coordSource":"rc","source":"dcca","tags":["circle","pictogram","ring"]}},{"type":"Feature","geometry":{"type":"Point","coordinates":[-1.58,52.28]},"properties":{"id":"7dcc671d2fc4","title":"of 1997 Earlswood, Nr Solihull, Warwickshire (reported 1997-08-06)","date":"1997-08-06","datePrecision":"d","country":"United Kingdom","region":"Warwickshire","coordSource":"rc","source":"cca"}},{"type":"Feature","geometry":{"type":"Point","coordinates":[5.2,51.56]},"properties":{"id":"9fa2a15142dd","title":"Hoeven, Noord Brabant, 07-08-1997","date":"1997-08-07","datePrecision":"d","country":"Netherlands","region":"Noord Brabant","coordSource":"rc","source":"dcca","tags":["cross","oval","pathway"]}},{"type":"Feature","geometry":{"type":"Point","coordinates":[-1.95,51.32]},"properties":{"id":"508ee1b85081","title":"A Crop Circle at Milk Hill, Nr Alton Barnes, Wiltshire (reported 1997-08-08)","date":"1997-08-08","datePrecision":"d","country":"United Kingdom","region":"Wiltshire","coordSource":"rc","source":"cca"}},{"type":"Feature","geometry":{"type":"Point","coordinates":[-0.42,51.25]},"properties":{"id":"54dedb252fb5","title":"A Crop Circle at West Clandon, Nr Guildford, Surrey (reported 1997-08-09)","date":"1997-08-09","datePrecision":"d","country":"United Kingdom","region":"Surrey","coordSource":"rc","source":"cca"}},{"type":"Feature","geometry":{"type":"Point","coordinates":[-0.88,52.27]},"properties":{"id":"bdcdc7985110","title":"of 1997 Middleton Cheney, Near Banbury, Northants (reported 1997-08-09)","date":"1997-08-09","datePrecision":"d","country":"United Kingdom","region":"Northants","coordSource":"rc","source":"cca"}},{"type":"Feature","geometry":{"type":"Point","coordinates":[-1.27,51.76]},"properties":{"id":"82e31be1da13","title":"of 1997 Long Handborough/Coombe , Near Woodstock, Oxfordshire (reported 1997-08-09)","date":"1997-08-09","datePrecision":"d","country":"United Kingdom","region":"Oxfordshire","coordSource":"rc","source":"cca"}},{"type":"Feature","geometry":{"type":"Point","coordinates":[-1.27,51.76]},"properties":{"id":"273d17697bfe","title":"of 1997 Finmere Airfield, Nr Brackley, Oxfordshire (reported 1997-08-09)","date":"1997-08-09","datePrecision":"d","country":"United Kingdom","region":"Oxfordshire","coordSource":"rc","source":"cca"}},{"type":"Feature","geometry":{"type":"Point","coordinates":[-75.53,42.95]},"properties":{"id":"82f7bf04839b","title":"Marion, Wayne County (August 11, 1997)","date":"1997-08-11","datePrecision":"d","country":"United States","region":"New York","coordSource":"rc","source":"iccra","tags":["circle","triangle"]}},{"type":"Feature","geometry":{"type":"Point","coordinates":[0.73,51.2]},"properties":{"id":"dddea1f86e28","title":"of 1997 Sevington, Nr Ashford, Kent (reported 1997-08-11)","date":"1997-08-11","datePrecision":"d","country":"United Kingdom","region":"Kent","coordSource":"rc","source":"cca"}},{"type":"Feature","geometry":{"type":"Point","coordinates":[-89.99,44.62]},"properties":{"id":"98c8630e2a83","title":"Wausau, Marathon County (August 13, 1997)","date":"1997-08-13","datePrecision":"d","country":"United States","region":"Wisconsin","coordSource":"rc","source":"iccra","tags":["circle","dumbbell","ring"]}},{"type":"Feature","geometry":{"type":"Point","coordinates":[-89.99,44.62]},"properties":{"id":"7b7bffac99be","title":"A Crop Circles in Wausau, Wisconsin, USA, (reported 1997-08-13)","date":"1997-08-13","datePrecision":"d","country":"United States","region":"Wisconsin","coordSource":"rc","source":"cca"}},{"type":"Feature","geometry":{"type":"Point","coordinates":[-1.31,51.06]},"properties":{"id":"077e2cd459a6","title":"A Crop Circle at Upham, Bishop`s Waltham, Hampshire (reported 1997-08-14)","date":"1997-08-14","datePrecision":"d","country":"United Kingdom","region":"Hampshire","coordSource":"rc","source":"cca"}},{"type":"Feature","geometry":{"type":"Point","coordinates":[-89.99,44.62]},"properties":{"id":"1f372f999803","title":"Wausau, Marathon County (August 16, 1997)","date":"1997-08-16","datePrecision":"d","country":"United States","region":"Wisconsin","coordSource":"rc","source":"iccra","tags":["dumbbell"]}},{"type":"Feature","geometry":{"type":"Point","coordinates":[-2.95,51.09]},"properties":{"id":"106bd23f54c4","title":"A Crop Circle at Compton Dando, Nr Keynsham, North Somerset (reported 1997-08-16)","date":"1997-08-16","datePrecision":"d","country":"United Kingdom","region":"North Somerset","coordSource":"rc","source":"cca"}},{"type":"Feature","geometry":{"type":"Point","coordinates":[-2.95,51.09]},"properties":{"id":"2f0f836f8351","title":"A Crop Circle at Isles Brewers, Nr Ilminister, Somerset (reported 1997-08-16)","date":"1997-08-16","datePrecision":"d","country":"United Kingdom","region":"Somerset","coordSource":"rc","source":"cca"}},{"type":"Feature","geometry":{"type":"Point","coordinates":[0.73,51.2]},"properties":{"id":"e791c426f81d","title":"A Crop Circle at Cuxton, nr. Rochester, Kent (reported 1997-08-17)","date":"1997-08-17","datePrecision":"d","country":"United Kingdom","region":"Kent","coordSource":"rc","source":"cca"}},{"type":"Feature","geometry":{"type":"Point","coordinates":[-1.95,51.32]},"properties":{"id":"884fb0772b5d","title":"A Crop Circle at Hackpen Hill, Nr Broad Hinton, Wiltshire (reported 1997-08-18)","date":"1997-08-18","datePrecision":"d","country":"United Kingdom","region":"Wiltshire","coordSource":"rc","source":"cca"}},{"type":"Feature","geometry":{"type":"Point","coordinates":[-0.43,50.95]},"properties":{"id":"cca2ecc03aa4","title":"Storrington, West Sussex, (reported 1997-08-19)","date":"1997-08-19","datePrecision":"d","country":"United Kingdom","region":"West Sussex","coordSource":"rc","source":"cca"}},{"type":"Feature","geometry":{"type":"Point","coordinates":[-93.5,42.08]},"properties":{"id":"5451fa18b6b7","title":"Nevada, Story County (September 30, 1997)","date":"1997-09-30","datePrecision":"d","country":"United States","region":"Iowa","coordSource":"rc","source":"iccra","tags":["circle","ring"]}},{"type":"Feature","geometry":{"type":"Point","coordinates":[5.2,51.56]},"properties":{"id":"7318495cdb4a","title":"Standdaarbuiten, Noord Brabant, 16-10-1997","date":"1997-10-16","datePrecision":"d","country":"Netherlands","region":"Noord Brabant","coordSource":"rc","source":"dcca","tags":["circle"]}},{"type":"Feature","geometry":{"type":"Point","coordinates":[5.2,51.56]},"properties":{"id":"b87af776b046","title":"Hoeven, Noord Brabant, 22-10-1997","date":"1997-10-22","datePrecision":"d","country":"Netherlands","region":"Noord Brabant","coordSource":"rc","source":"dcca","tags":["circle"]}},{"type":"Feature","geometry":{"type":"Point","coordinates":[5.2,51.56]},"properties":{"id":"5702387fa73c","title":"Hoeven, Noord Brabant, 18-11-1997","date":"1997-11-18","datePrecision":"d","country":"Netherlands","region":"Noord Brabant","coordSource":"rc","source":"dcca","tags":["spiral"]}},{"type":"Feature","geometry":{"type":"Point","coordinates":[5.94,52.06]},"properties":{"id":"7d4fdce4861e","title":"Epse, Gelderland, 1998","date":"1998","datePrecision":"y","country":"Netherlands","region":"Gelderland","coordSource":"rc","source":"dcca","tags":["circle"]}},{"type":"Feature","geometry":{"type":"Point","coordinates":[5.94,52.06]},"properties":{"id":"c307b9c7d01a","title":"Nijmegen, Gelderland, 1998","date":"1998","datePrecision":"y","country":"Netherlands","region":"Gelderland","coordSource":"rc","source":"dcca"}},{"type":"Feature","geometry":{"type":"Point","coordinates":[-111.67,39.31]},"properties":{"id":"799a6fb4b9f7","title":"Smithfield, Cache County (1998)","date":"1998","datePrecision":"y","country":"United States","region":"Utah","coordSource":"rc","source":"iccra","tags":[]}},{"type":"Feature","geometry":{"type":"Point","coordinates":[-89.99,44.62]},"properties":{"id":"51af37d9fe8c","title":"Unknown (1998)","date":"1998","datePrecision":"y","country":"United States","region":"Wisconsin","coordSource":"rc","source":"iccra","tags":[]}},{"type":"Feature","geometry":{"type":"Point","coordinates":[-1.95,51.32]},"properties":{"id":"0a5072fb69e0","title":"Tawsmead Copse, Nr West Stowell,Wiltshire. Formed 9th August (reported 1998)","date":"1998","datePrecision":"y","country":"United Kingdom","region":"Wiltshire. Formed 9th August","coordSource":"rc","source":"cca"}},{"type":"Feature","geometry":{"type":"Point","coordinates":[-2,52.85]},"properties":{"id":"af02ba25f505","title":"Alrewas, Nr Lichfield, Staffordshire (reported 1998)","date":"1998","datePrecision":"y","country":"United Kingdom","region":"Staffordshire","coordSource":"rc","source":"cca"}},{"type":"Feature","geometry":{"type":"Point","coordinates":[5.2,51.56]},"properties":{"id":"25109e77988c","title":"3 formations near Hoeven, Noord Brabant, 12-02-1998","date":"1998-02-12","datePrecision":"d","country":"Netherlands","region":"Noord Brabant","coordSource":"rc","source":"dcca","tags":["circle"]}},{"type":"Feature","geometry":{"type":"Point","coordinates":[-86.28,39.89]},"properties":{"id":"f3dac79d9c3e","title":"Huntingburg, Dubois County (March 11, 1998)","date":"1998-03-11","datePrecision":"d","country":"United States","region":"Indiana","coordSource":"rc","source":"iccra","tags":[]}},{"type":"Feature","geometry":{"type":"Point","coordinates":[5.2,51.56]},"properties":{"id":"55fb0785c80a","title":"Hoeven, Noord brabant, 27-04-1998","date":"1998-04-27","datePrecision":"d","country":"Netherlands","region":"Noord brabant","coordSource":"rc","source":"dcca","tags":["circle"]}},{"type":"Feature","geometry":{"type":"Point","coordinates":[-79.39,35.55]},"properties":{"id":"fde87b104742","title":"Unionville, Union County (May 9, 1998)","date":"1998-05-09","datePrecision":"d","country":"United States","region":"North Carolina","coordSource":"rc","source":"iccra","tags":[]}},{"type":"Feature","geometry":{"type":"Point","coordinates":[-2.95,51.09]},"properties":{"id":"da682e6568ec","title":"Newton St Loe, Near Bath, North Somerset (reported 1998-05-10)","date":"1998-05-10","datePrecision":"d","country":"United Kingdom","region":"North Somerset","coordSource":"rc","source":"cca"}},{"type":"Feature","geometry":{"type":"Point","coordinates":[-78.85,37.52]},"properties":{"id":"113df750ee57","title":"University of Virginia at Charlottesville, Albermarle County (May 15, 1998)","date":"1998-05-15","datePrecision":"d","country":"United States","region":"Virgina","coordSource":"rc","source":"iccra","tags":["circle"]}},{"type":"Feature","geometry":{"type":"Point","coordinates":[6.44,52.44]},"properties":{"id":"b0128e350841","title":"Rossum 1, Overijsel, 25-05-1998","date":"1998-05-25","datePrecision":"d","country":"Netherlands","region":"Overijsel","coordSource":"rc","source":"dcca","tags":[]}},{"type":"Feature","geometry":{"type":"Point","coordinates":[-120.45,47.38]},"properties":{"id":"bcdc47e5a79c","title":"Coupeville, Whidbey Island, Island County (May 26, 1998)","date":"1998-05-26","datePrecision":"d","country":"United States","region":"Washington","coordSource":"rc","source":"iccra","tags":[]}},{"type":"Feature","geometry":{"type":"Point","coordinates":[-120.45,47.38]},"properties":{"id":"09d94503c035","title":"Coupeville, Whidbey Island, Island County (May 26, 1998)","date":"1998-05-26","datePrecision":"d","country":"United States","region":"Washington","coordSource":"rc","source":"iccra","tags":["circle","pathway","triangle"]}},{"type":"Feature","geometry":{"type":"Point","coordinates":[6.44,52.44]},"properties":{"id":"998b12e8977d","title":"Rossem 2, Overijsel, 28-05-1998","date":"1998-05-28","datePrecision":"d","country":"Netherlands","region":"Overijsel","coordSource":"rc","source":"dcca","tags":["pathway"]}},{"type":"Feature","geometry":{"type":"Point","coordinates":[5.2,51.56]},"properties":{"id":"e770863714cd","title":"Moerdijk, Noord Brabant, Juni 1998","date":"1998-06","datePrecision":"m","country":"Netherlands","region":"Noord Brabant","coordSource":"rc","source":"dcca","tags":["circle"]}},{"type":"Feature","geometry":{"type":"Point","coordinates":[5.94,51.21]},"properties":{"id":"d03a81e6f287","title":"Slenaken, Limburg, 17-06-1998","date":"1998-06-17","datePrecision":"d","country":"Netherlands","region":"Limburg","coordSource":"rc","source":"dcca","tags":["circle","grapeshot","ring"]}},{"type":"Feature","geometry":{"type":"Point","coordinates":[4.87,52.6]},"properties":{"id":"97d764d9863c","title":"Hipolitushoef, Noord Holland, 17-06-1998","date":"1998-06-17","datePrecision":"d","country":"Netherlands","region":"Noord Holland","coordSource":"rc","source":"dcca","tags":["pictogram"]}},{"type":"Feature","geometry":{"type":"Point","coordinates":[-120.45,47.38]},"properties":{"id":"8d393efc21e4","title":"Eltopia / Pasco, Franklin County (June 19, 1998)","date":"1998-06-19","datePrecision":"d","country":"United States","region":"Washington","coordSource":"rc","source":"iccra","tags":["circle","grapeshot","pathway"]}},{"type":"Feature","geometry":{"type":"Point","coordinates":[-99.8,41.54]},"properties":{"id":"db35fdd3ae55","title":"Waverly, Lancaster County (June 26, 1998)","date":"1998-06-26","datePrecision":"d","country":"United States","region":"Nebraska","coordSource":"rc","source":"iccra","tags":["circle","dumbbell"]}},{"type":"Feature","geometry":{"type":"Point","coordinates":[-82.79,40.29]},"properties":{"id":"fe88f09b7930","title":"Broughton / Latty Township, Paulding County (June 27, 1998)","date":"1998-06-27","datePrecision":"d","country":"United States","region":"Ohio","coordSource":"rc","source":"iccra","tags":["circle"]}},{"type":"Feature","geometry":{"type":"Point","coordinates":[-111.67,39.31]},"properties":{"id":"95aeec5f2930","title":"Cache Valley, Cache County (July 1998)","date":"1998-07","datePrecision":"m","country":"United States","region":"Utah","coordSource":"rc","source":"iccra","tags":["circle","ring"]}},{"type":"Feature","geometry":{"type":"Point","coordinates":[-120.56,43.93]},"properties":{"id":"0c3fcf58507b","title":"Pendleton, Umatilla County (July 4, 1998)","date":"1998-07-04","datePrecision":"d","country":"United States","region":"Oregon","coordSource":"rc","source":"iccra","tags":["circle","ring"]}},{"type":"Feature","geometry":{"type":"Point","coordinates":[-74.67,40.19]},"properties":{"id":"a50107272400","title":"Washington Township, Mercer County (July 10, 1998)","date":"1998-07-10","datePrecision":"d","country":"United States","region":"New Jersey","coordSource":"rc","source":"iccra","tags":[]}},{"type":"Feature","geometry":{"type":"Point","coordinates":[-89.99,44.62]},"properties":{"id":"9bdb1dcb470b","title":"Port Washington, Ozaukee County (July 10, 1998)","date":"1998-07-10","datePrecision":"d","country":"United States","region":"Wisconsin","coordSource":"rc","source":"iccra","tags":["circle"]}},{"type":"Feature","geometry":{"type":"Point","coordinates":[5.2,51.56]},"properties":{"id":"de9f3f50823f","title":"Oeffelt, Noord Brabant, 11-07-1998","date":"1998-07-11","datePrecision":"d","country":"Netherlands","region":"Noord Brabant","coordSource":"rc","source":"dcca"}},{"type":"Feature","geometry":{"type":"Point","coordinates":[-114.61,44.35]},"properties":{"id":"76bde6a2cea6","title":"Nampa, Canyon County (July 20, 1998)","date":"1998-07-20","datePrecision":"d","country":"United States","region":"Idaho","coordSource":"rc","source":"iccra","tags":["circle","dumbbell","pathway"]}},{"type":"Feature","geometry":{"type":"Point","coordinates":[-114.61,44.35]},"properties":{"id":"0305f2e699dd","title":"Star, Ada County (July 20, 1998)","date":"1998-07-20","datePrecision":"d","country":"United States","region":"Idaho","coordSource":"rc","source":"iccra","tags":["circle","key-claw","ring"]}},{"type":"Feature","geometry":{"type":"Point","coordinates":[-111.67,39.31]},"properties":{"id":"0738407c0bc6","title":"College Ward, Cache Valley, Cache County (July 20, 1998)","date":"1998-07-20","datePrecision":"d","country":"United States","region":"Utah","coordSource":"rc","source":"iccra","tags":["circle","pathway","ring"]}},{"type":"Feature","geometry":{"type":"Point","coordinates":[-120.56,43.93]},"properties":{"id":"3208bf544acf","title":"Whiskey Hill / Hubbard, Clackamas County (July 23, 1998)","date":"1998-07-23","datePrecision":"d","country":"United States","region":"Oregon","coordSource":"rc","source":"iccra","tags":["circle","grapeshot","pathway"]}},{"type":"Feature","geometry":{"type":"Point","coordinates":[-111.67,39.31]},"properties":{"id":"20b1af197582","title":"Cove, Cache County (July 24, 1998)","date":"1998-07-24","datePrecision":"d","country":"United States","region":"Utah","coordSource":"rc","source":"iccra","tags":["celtic","circle","cross","ring"]}},{"type":"Feature","geometry":{"type":"Point","coordinates":[-109.63,47.05]},"properties":{"id":"d289beafdd44","title":"Butte, Silver Bow County (July 25, 1998)","date":"1998-07-25","datePrecision":"d","country":"United States","region":"Montana","coordSource":"rc","source":"iccra","tags":[]}},{"type":"Feature","geometry":{"type":"Point","coordinates":[-82.45,28.63]},"properties":{"id":"3ea3bdd0b1c1","title":"Tampa, Hillsborough County (July 29, 1998)","date":"1998-07-29","datePrecision":"d","country":"United States","region":"Florida","coordSource":"rc","source":"iccra","tags":["circle","dumbbell","pathway"]}},{"type":"Feature","geometry":{"type":"Point","coordinates":[6.44,52.44]},"properties":{"id":"8a284c1f7aaf","title":"Markelo, Overijsel, Augustus 1998","date":"1998-08","datePrecision":"m","country":"Netherlands","region":"Overijsel","coordSource":"rc","source":"dcca","tags":["circle"]}},{"type":"Feature","geometry":{"type":"Point","coordinates":[4.87,52.6]},"properties":{"id":"452f35abf8c9","title":"Hipolitushoef, Noord holland, 08-1998","date":"1998-08","datePrecision":"m","country":"Netherlands","region":"Noord holland","coordSource":"rc","source":"dcca"}},{"type":"Feature","geometry":{"type":"Point","coordinates":[-1.31,51.06]},"properties":{"id":"28a2a4f7fb60","title":"Danebury Rings (3), Nr Andover, Hampshire (reported 1998-08-02)","date":"1998-08-02","datePrecision":"d","country":"United Kingdom","region":"Hampshire","coordSource":"rc","source":"cca"}},{"type":"Feature","geometry":{"type":"Point","coordinates":[0.25,50.93]},"properties":{"id":"6d8aed123b8d","title":"Saltdean, nr Brighton, East Sussex (reported 1998-08-02)","date":"1998-08-02","datePrecision":"d","country":"United Kingdom","region":"East Sussex","coordSource":"rc","source":"cca"}},{"type":"Feature","geometry":{"type":"Point","coordinates":[-1.31,51.06]},"properties":{"id":"f27ac8bfb25e","title":"Upham, nr Winchester, Hampshire (reported 1998-08-02)","date":"1998-08-02","datePrecision":"d","country":"United Kingdom","region":"Hampshire","coordSource":"rc","source":"cca"}},{"type":"Feature","geometry":{"type":"Point","coordinates":[-1.31,51.06]},"properties":{"id":"def11f4b6d4f","title":"Cheriton, nr Winchester Hampshire (reported 1998-08-02)","date":"1998-08-02","datePrecision":"d","country":"United Kingdom","region":"nr Winchester Hampshire","coordSource":"rc","source":"cca"}},{"type":"Feature","geometry":{"type":"Point","coordinates":[-1.95,51.32]},"properties":{"id":"770683a63856","title":"East Field Car Design (Mitsubishi), nr Alton Barnes, Wiltshire (reported 1998-08-05)","date":"1998-08-05","datePrecision":"d","country":"United Kingdom","region":"Wiltshire","coordSource":"rc","source":"cca"}},{"type":"Feature","geometry":{"type":"Point","coordinates":[-1.95,51.32]},"properties":{"id":"db733d2ecac6","title":"Bishop Cannings, nr Devizes, Wiltshire (reported 1998-08-05)","date":"1998-08-05","datePrecision":"d","country":"United Kingdom","region":"Wiltshire","coordSource":"rc","source":"cca"}},{"type":"Feature","geometry":{"type":"Point","coordinates":[5.94,52.06]},"properties":{"id":"754f04afeaf8","title":"Brummen, Gelderland, 06-08-1998","date":"1998-08-06","datePrecision":"d","country":"Netherlands","region":"Gelderland","coordSource":"rc","source":"dcca","tags":[]}},{"type":"Feature","geometry":{"type":"Point","coordinates":[-1.95,51.32]},"properties":{"id":"a2523ae79710","title":"Lockeridge (3), Nr Avebury, Wiltshire (reported 1998-08-06)","date":"1998-08-06","datePrecision":"d","country":"United Kingdom","region":"Wiltshire","coordSource":"rc","source":"cca"}},{"type":"Feature","geometry":{"type":"Point","coordinates":[-1.95,51.32]},"properties":{"id":"44e1d532d367","title":"Old Sarum, nr Sailsbury, Wiltshire (reported 1998-08-06)","date":"1998-08-06","datePrecision":"d","country":"United Kingdom","region":"Wiltshire","coordSource":"rc","source":"cca"}},{"type":"Feature","geometry":{"type":"Point","coordinates":[-1.95,51.32]},"properties":{"id":"e17c819cbccd","title":"Beckhampton (4), nr Avebury, Wiltshire (reported 1998-08-08)","date":"1998-08-08","datePrecision":"d","country":"United Kingdom","region":"Wiltshire","coordSource":"rc","source":"cca"}},{"type":"Feature","geometry":{"type":"Point","coordinates":[-1.95,51.32]},"properties":{"id":"d625d2aee824","title":"Yatesbury, nr Avebury, Wiltshire (reported 1998-08-10)","date":"1998-08-10","datePrecision":"d","country":"United Kingdom","region":"Wiltshire","coordSource":"rc","source":"cca"}},{"type":"Feature","geometry":{"type":"Point","coordinates":[4.5,52]},"properties":{"id":"4bdfa1bf65f3","title":"Oud-Beijerland, Zuid Holland, 12-08-1998","date":"1998-08-12","datePrecision":"d","country":"Netherlands","region":"Zuid Holland","coordSource":"rc","source":"dcca","tags":["circle","pathway","ring"]}},{"type":"Feature","geometry":{"type":"Point","coordinates":[-2.95,51.09]},"properties":{"id":"bda47336843c","title":"Cold Ashton, nr Bath, Somerset (reported 1998-08-16)","date":"1998-08-16","datePrecision":"d","country":"United Kingdom","region":"Somerset","coordSource":"rc","source":"cca"}},{"type":"Feature","geometry":{"type":"Point","coordinates":[0.25,50.93]},"properties":{"id":"e3aee87bac72","title":"Horsebridge, nr Hailsham, East Sussex (reported 1998-08-17)","date":"1998-08-17","datePrecision":"d","country":"United Kingdom","region":"East Sussex","coordSource":"rc","source":"cca"}},{"type":"Feature","geometry":{"type":"Point","coordinates":[-1.95,51.32]},"properties":{"id":"b90507c80fb0","title":"Stanton St Bernard, nr Alton Barnes, Wiltshire (reported 1998-08-17)","date":"1998-08-17","datePrecision":"d","country":"United Kingdom","region":"Wiltshire","coordSource":"rc","source":"cca"}},{"type":"Feature","geometry":{"type":"Point","coordinates":[-1.95,51.32]},"properties":{"id":"5f6e0f2355c5","title":"Hackpen Hill, nr Broad Hinton, Wiltshire (reported 1998-08-17)","date":"1998-08-17","datePrecision":"d","country":"United Kingdom","region":"Wiltshire","coordSource":"rc","source":"cca"}},{"type":"Feature","geometry":{"type":"Point","coordinates":[-1.95,51.32]},"properties":{"id":"27e84c8d0764","title":"The Sanctuary, nr West Overton, Wiltshire (reported 1998-08-19)","date":"1998-08-19","datePrecision":"d","country":"United Kingdom","region":"Wiltshire","coordSource":"rc","source":"cca"}},{"type":"Feature","geometry":{"type":"Point","coordinates":[-1.95,51.32]},"properties":{"id":"d0a442a04d09","title":"All Cannings, nr Devizes, Wiltshire (reported 1998-08-21)","date":"1998-08-21","datePrecision":"d","country":"United Kingdom","region":"Wiltshire","coordSource":"rc","source":"cca"}},{"type":"Feature","geometry":{"type":"Point","coordinates":[-1.95,51.32]},"properties":{"id":"8c8661115faa","title":"Avebury, nr Marlborough, Wiltshire (reported 1998-08-24)","date":"1998-08-24","datePrecision":"d","country":"United Kingdom","region":"Wiltshire","coordSource":"rc","source":"cca"}},{"type":"Feature","geometry":{"type":"Point","coordinates":[-109.63,47.05]},"properties":{"id":"3953ef065666","title":"Kalispell / Whitefish, Flathead County (August 25, 1998)","date":"1998-08-25","datePrecision":"d","country":"United States","region":"Montana","coordSource":"rc","source":"iccra","tags":["circle","pathway"]}},{"type":"Feature","geometry":{"type":"Point","coordinates":[-1.95,51.32]},"properties":{"id":"c45d0e1d83c4","title":"Furze Hill, nr Lockeridge, Wiltshire (reported 1998-08-31)","date":"1998-08-31","datePrecision":"d","country":"United Kingdom","region":"Wiltshire","coordSource":"rc","source":"cca"}},{"type":"Feature","geometry":{"type":"Point","coordinates":[6.62,52.86]},"properties":{"id":"78c7ae2f1ac4","title":"Anreep, Drenthe, September 1998","date":"1998-09","datePrecision":"m","country":"Netherlands","region":"Drenthe","coordSource":"rc","source":"dcca","tags":["circle"]}},{"type":"Feature","geometry":{"type":"Point","coordinates":[5.2,51.56]},"properties":{"id":"c626c1c042df","title":"Oudenbosch, Noord Brabant, 03-10-1998","date":"1998-10-03","datePrecision":"d","country":"Netherlands","region":"Noord Brabant","coordSource":"rc","source":"dcca"}},{"type":"Feature","geometry":{"type":"Point","coordinates":[-120.56,43.93]},"properties":{"id":"b7b5ffd2edfa","title":"Klamath Falls, Klamath County (October 11, 1998)","date":"1998-10-11","datePrecision":"d","country":"United States","region":"Oregon","coordSource":"rc","source":"iccra","tags":["circle","ring","triangle"]}},{"type":"Feature","geometry":{"type":"Point","coordinates":[-92.46,38.35]},"properties":{"id":"510b0c0f3664","title":"Southern (December 15, 1998)","date":"1998-12-15","datePrecision":"d","country":"United States","region":"Missouri","coordSource":"rc","source":"iccra","tags":["circle"]}},{"type":"Feature","geometry":{"type":"Point","coordinates":[5.94,52.06]},"properties":{"id":"045499ffd9c7","title":"'s Heerenberg, Gelderland, 1999","date":"1999","datePrecision":"y","country":"Netherlands","region":"Gelderland","coordSource":"rc","source":"dcca","tags":["ring"]}},{"type":"Feature","geometry":{"type":"Point","coordinates":[5.94,51.21]},"properties":{"id":"8407d019d30a","title":"Elkenrade, Limburg, 1999","date":"1999","datePrecision":"y","country":"Netherlands","region":"Limburg","coordSource":"rc","source":"dcca"}},{"type":"Feature","geometry":{"type":"Point","coordinates":[4.87,52.6]},"properties":{"id":"ccc09e9f20e5","title":"Wieringerwerf, Noord Holland, 1999","date":"1999","datePrecision":"y","country":"Netherlands","region":"Noord Holland","coordSource":"rc","source":"dcca"}},{"type":"Feature","geometry":{"type":"Point","coordinates":[4.87,52.6]},"properties":{"id":"ebaaceab0f67","title":"2 formations near Schermerhoorn, Noord Holland, 1999","date":"1999","datePrecision":"y","country":"Netherlands","region":"Noord Holland","coordSource":"rc","source":"dcca"}},{"type":"Feature","geometry":{"type":"Point","coordinates":[5.2,51.56]},"properties":{"id":"4ba8e45c0a70","title":"Hoeven, Noord brabant, 1999","date":"1999","datePrecision":"y","country":"Netherlands","region":"Noord brabant","coordSource":"rc","source":"dcca"}},{"type":"Feature","geometry":{"type":"Point","coordinates":[-120.56,43.93]},"properties":{"id":"7df35f84584d","title":"Hubbard, Clackamas County (1999)","date":"1999","datePrecision":"y","country":"United States","region":"Oregon","coordSource":"rc","source":"iccra","tags":[]}},{"type":"Feature","geometry":{"type":"Point","coordinates":[-76.8,39.06]},"properties":{"id":"5176625d949b","title":"Annapolis, Anne Arundel County, (May 30, 1999)","date":"1999-05-30","datePrecision":"d","country":"United States","region":"Maryland","coordSource":"rc","source":"iccra","tags":[]}},{"type":"Feature","geometry":{"type":"Point","coordinates":[-82.79,40.29]},"properties":{"id":"3c0be3fe0b7c","title":"Lafayette, Allen County (June 1999)","date":"1999-06","datePrecision":"m","country":"United States","region":"Ohio","coordSource":"rc","source":"iccra","tags":["celtic","circle","cross"]}},{"type":"Feature","geometry":{"type":"Point","coordinates":[5.2,51.56]},"properties":{"id":"0997772e155a","title":"Hoeven, Noord Brabant, 12-06-1999","date":"1999-06-12","datePrecision":"d","country":"Netherlands","region":"Noord Brabant","coordSource":"rc","source":"dcca","tags":["circle"]}},{"type":"Feature","geometry":{"type":"Point","coordinates":[-86.35,35.86]},"properties":{"id":"5999029e6dad","title":"Brentwood, Williamson County (June 18, 1999)","date":"1999-06-18","datePrecision":"d","country":"United States","region":"Tennessee","coordSource":"rc","source":"iccra","tags":["circle","grapeshot","triangle"]}},{"type":"Feature","geometry":{"type":"Point","coordinates":[5.94,51.21]},"properties":{"id":"f7123201b9d5","title":"Sevenum, Limburg, 30-06-1999","date":"1999-06-30","datePrecision":"d","country":"Netherlands","region":"Limburg","coordSource":"rc","source":"dcca","tags":["circle"]}},{"type":"Feature","geometry":{"type":"Point","coordinates":[6.44,52.44]},"properties":{"id":"0291c1dcf9e7","title":"Enschede, Overijsel, 07-1999","date":"1999-07","datePrecision":"m","country":"Netherlands","region":"Overijsel","coordSource":"rc","source":"dcca"}},{"type":"Feature","geometry":{"type":"Point","coordinates":[-114.61,44.35]},"properties":{"id":"72e5c18ded68","title":"Rexburg, Madison County (July 1, 1999)","date":"1999-07-01","datePrecision":"d","country":"United States","region":"Idaho","coordSource":"rc","source":"iccra","tags":["circle","ring"]}},{"type":"Feature","geometry":{"type":"Point","coordinates":[-120.45,47.38]},"properties":{"id":"8a69b863f831","title":"Walla Walla / Cottonwood Canyon, Walla Walla County (July 4, 1999)","date":"1999-07-04","datePrecision":"d","country":"United States","region":"Washington","coordSource":"rc","source":"iccra","tags":["circle"]}},{"type":"Feature","geometry":{"type":"Point","coordinates":[5.2,51.56]},"properties":{"id":"d76bd543fca4","title":"2 formations near Hoeven, Noord Brabant, 07-07-1999","date":"1999-07-07","datePrecision":"d","country":"Netherlands","region":"Noord Brabant","coordSource":"rc","source":"dcca"}},{"type":"Feature","geometry":{"type":"Point","coordinates":[-92.46,38.35]},"properties":{"id":"c69720e57085","title":"Reed Springs, Clay County (July 7, 1999)","date":"1999-07-07","datePrecision":"d","country":"United States","region":"Missouri","coordSource":"rc","source":"iccra","tags":["circle"]}},{"type":"Feature","geometry":{"type":"Point","coordinates":[-94.31,46.28]},"properties":{"id":"7e7f6b5651ee","title":"Hamel, Hennepin County (July 11, 1999)","date":"1999-07-11","datePrecision":"d","country":"United States","region":"Minnesota","coordSource":"rc","source":"iccra","tags":["circle","pathway","ring"]}},{"type":"Feature","geometry":{"type":"Point","coordinates":[5.2,51.56]},"properties":{"id":"9b673c9f13ad","title":"Nieuw-Vossenmeer, Noord Brabant, 18-07-1999","date":"1999-07-18","datePrecision":"d","country":"Netherlands","region":"Noord Brabant","coordSource":"rc","source":"dcca"}},{"type":"Feature","geometry":{"type":"Point","coordinates":[5.2,51.56]},"properties":{"id":"3dcd20c037ce","title":"Berkel-Enschot, Noord brabant, 23-07-1999","date":"1999-07-23","datePrecision":"d","country":"Netherlands","region":"Noord brabant","coordSource":"rc","source":"dcca"}},{"type":"Feature","geometry":{"type":"Point","coordinates":[5.94,52.06]},"properties":{"id":"6c4e37c556e5","title":"Zeddam, Gelderland, 24-07-1999","date":"1999-07-24","datePrecision":"d","country":"Netherlands","region":"Gelderland","coordSource":"rc","source":"dcca","tags":["circle","pathway","ring"]}},{"type":"Feature","geometry":{"type":"Point","coordinates":[3.85,51.49]},"properties":{"id":"85865e29686a","title":"Nieuwekerk, Zeeland, 24-07-1999","date":"1999-07-24","datePrecision":"d","country":"Netherlands","region":"Zeeland","coordSource":"rc","source":"dcca","tags":["circle","ring"]}},{"type":"Feature","geometry":{"type":"Point","coordinates":[5.94,52.06]},"properties":{"id":"83e8ada33c46","title":"Beek, Gelderland, 25-07-1999","date":"1999-07-25","datePrecision":"d","country":"Netherlands","region":"Gelderland","coordSource":"rc","source":"dcca","tags":["circle"]}},{"type":"Feature","geometry":{"type":"Point","coordinates":[5.94,52.06]},"properties":{"id":"62e76b035e0d","title":"Kilder, Gelderland, 26-07-1999","date":"1999-07-26","datePrecision":"d","country":"Netherlands","region":"Gelderland","coordSource":"rc","source":"dcca","tags":["circle","pathway","ring"]}},{"type":"Feature","geometry":{"type":"Point","coordinates":[5.94,52.06]},"properties":{"id":"c27c2ad897c0","title":"Zutphen, Gelderland, 01-08-1999","date":"1999-08-01","datePrecision":"d","country":"Netherlands","region":"Gelderland","coordSource":"rc","source":"dcca","tags":["circle","pathway","ring"]}},{"type":"Feature","geometry":{"type":"Point","coordinates":[5.94,52.06]},"properties":{"id":"f79ce512148f","title":"Ruurlo, Gelderland, 01-08-1999","date":"1999-08-01","datePrecision":"d","country":"Netherlands","region":"Gelderland","coordSource":"rc","source":"dcca","tags":["circle","ring"]}},{"type":"Feature","geometry":{"type":"Point","coordinates":[5.94,52.06]},"properties":{"id":"3db3d4cf7e2a","title":"Ruurlo, Gelderland, 15-08-1999","date":"1999-08-15","datePrecision":"d","country":"Netherlands","region":"Gelderland","coordSource":"rc","source":"dcca","tags":[]}},{"type":"Feature","geometry":{"type":"Point","coordinates":[-109.63,47.05]},"properties":{"id":"1ea90bbe8a17","title":"Kalispell / Whitefish, Flathead County (September 4, 1999)","date":"1999-09-04","datePrecision":"d","country":"United States","region":"Montana","coordSource":"rc","source":"iccra","tags":["pathway"]}},{"type":"Feature","geometry":{"type":"Point","coordinates":[-120.45,47.38]},"properties":{"id":"789715d73452","title":"Burlington, Skagit County (September 8, 1999)","date":"1999-09-08","datePrecision":"d","country":"United States","region":"Washington","coordSource":"rc","source":"iccra","tags":["circle","key-claw","pathway","ring"]}},{"type":"Feature","geometry":{"type":"Point","coordinates":[-100.23,44.44]},"properties":{"id":"184d7c6839f3","title":"Menno, Hutchinson County (September 9, 1999)","date":"1999-09-09","datePrecision":"d","country":"United States","region":"South Dakota","coordSource":"rc","source":"iccra","tags":["ring"]}},{"type":"Feature","geometry":{"type":"Point","coordinates":[-89.99,44.62]},"properties":{"id":"f55e4a4fb656","title":"Verona, Dane County (October 3, 1999)","date":"1999-10-03","datePrecision":"d","country":"United States","region":"Wisconsin","coordSource":"rc","source":"iccra","tags":["circle","ring"]}},{"type":"Feature","geometry":{"type":"Point","coordinates":[-75.53,42.95]},"properties":{"id":"feb1c194c742","title":"Marion, Wayne County (October 21, 1999)","date":"1999-10-21","datePrecision":"d","country":"United States","region":"New York","coordSource":"rc","source":"iccra","tags":["circle","grapeshot","pathway","ring"]}},{"type":"Feature","geometry":{"type":"Point","coordinates":[-93.5,42.08]},"properties":{"id":"003045451d03","title":"Iowa City, Johnson County (2000)","date":"2000","datePrecision":"y","country":"United States","region":"Iowa","coordSource":"rc","source":"iccra","tags":["circle","lattice","ring"]}},{"type":"Feature","geometry":{"type":"Point","coordinates":[-119.47,37.18]},"properties":{"id":"38ece69f0660","title":"Madera, Madera County (March 23, 2000)","date":"2000-03-23","datePrecision":"d","country":"United States","region":"California","coordSource":"rc","source":"iccra","tags":[]}},{"type":"Feature","geometry":{"type":"Point","coordinates":[-1.31,51.06]},"properties":{"id":"49741b864a7d","title":"Danebury Hill, nr Andover, Hampshire (reported 2000-04-10)","date":"2000-04-10","datePrecision":"d","country":"United Kingdom","region":"Hampshire","coordSource":"rc","source":"cca"}},{"type":"Feature","geometry":{"type":"Point","coordinates":[5.2,51.56]},"properties":{"id":"69a806bb9ee9","title":"Hoeven, Noord Brabant, 21-04-2000","date":"2000-04-21","datePrecision":"d","country":"Netherlands","region":"Noord Brabant","coordSource":"rc","source":"dcca","tags":["circle","cross","pictogram"]}},{"type":"Feature","geometry":{"type":"Point","coordinates":[-86.35,35.86]},"properties":{"id":"73ad233fa72c","title":"Milan, Gibson County (April 24, 2000)","date":"2000-04-24","datePrecision":"d","country":"United States","region":"Tennessee","coordSource":"rc","source":"iccra","tags":["circle","pathway","ring"]}},{"type":"Feature","geometry":{"type":"Point","coordinates":[0.73,51.2]},"properties":{"id":"3bf045022642","title":"Farningham, nr Swanley. Kent (reported 2000-04-25)","date":"2000-04-25","datePrecision":"d","country":"United Kingdom","region":"nr Swanley. Kent","coordSource":"rc","source":"cca"}},{"type":"Feature","geometry":{"type":"Point","coordinates":[-1.94112,51.4262]},"properties":{"id":"ae3223ee9b85","title":"Cherhill, nr Calne, Wiltshire (reported 2000-04-27)","date":"2000-04-27","datePrecision":"d","country":"United Kingdom","region":"Wiltshire","coordSource":"og","source":"cca"}},{"type":"Feature","geometry":{"type":"Point","coordinates":[-1.82393,51.3823]},"properties":{"id":"2ad7438c0f56","title":"Furze Hill, nr Lockeridge, Wiltshire (reported 2000-05-14)","date":"2000-05-14","datePrecision":"d","country":"United Kingdom","region":"Wiltshire","coordSource":"og","source":"cca"}},{"type":"Feature","geometry":{"type":"Point","coordinates":[-0.64698,52.58011]},"properties":{"id":"63a0925c3ff3","title":"Seaton, nr Corby, Leicestershire (reported 2000-05-15)","date":"2000-05-15","datePrecision":"d","country":"United Kingdom","region":"Leicestershire","coordSource":"og","source":"cca"}},{"type":"Feature","geometry":{"type":"Point","coordinates":[0.73,51.2]},"properties":{"id":"0897c6498da4","title":"Wrotham, nr Farningham, Kent (reported 2000-05-16)","date":"2000-05-16","datePrecision":"d","country":"United Kingdom","region":"Kent","coordSource":"rc","source":"cca"}},{"type":"Feature","geometry":{"type":"Point","coordinates":[-2.47958,51.36751]},"properties":{"id":"a02c61e23941","title":"Stantonbury Hill, nr Bristol (reported 2000-05-18)","date":"2000-05-18","datePrecision":"d","country":"United Kingdom","region":"nr Bristol","coordSource":"og","source":"cca"}},{"type":"Feature","geometry":{"type":"Point","coordinates":[-78.85,37.52]},"properties":{"id":"2388877f63c6","title":"Roanoke, Roanoke County (May 21, 2000)","date":"2000-05-21","datePrecision":"d","country":"United States","region":"Virgina","coordSource":"rc","source":"iccra","tags":[]}},{"type":"Feature","geometry":{"type":"Point","coordinates":[-1.83578,51.36289]},"properties":{"id":"c882ed6daf07","title":"East Field, nr Alton Priors, Wiltshire (reported 2000-05-21)","date":"2000-05-21","datePrecision":"d","country":"United Kingdom","region":"Wiltshire","coordSource":"og","source":"cca"}},{"type":"Feature","geometry":{"type":"Point","coordinates":[0.73,51.2]},"properties":{"id":"b85e68f44153","title":"Wouldham, nr Rochester-upon-Medway, Kent (reported 2000-05-22)","date":"2000-05-22","datePrecision":"d","country":"United Kingdom","region":"Kent","coordSource":"rc","source":"cca"}},{"type":"Feature","geometry":{"type":"Point","coordinates":[-77.8,40.88]},"properties":{"id":"02d0e6e0d6e4","title":"Delmont, Westmoreland County (May 23, 2000)","date":"2000-05-23","datePrecision":"d","country":"United States","region":"Pennsylvania","coordSource":"rc","source":"iccra","tags":["oval"]}},{"type":"Feature","geometry":{"type":"Point","coordinates":[-1.21653,51.06221]},"properties":{"id":"91012ecb00fc","title":"Tichbourne, nr Alresford, Hampshire (reported 2000-05-27)","date":"2000-05-27","datePrecision":"d","country":"United Kingdom","region":"Hampshire","coordSource":"og","source":"cca"}},{"type":"Feature","geometry":{"type":"Point","coordinates":[-2.48086,51.36562]},"properties":{"id":"8c9235e4d1e0","title":"Winsbury Hill, nr Marksbury, Bristol (reported 2000-05-31)","date":"2000-05-31","datePrecision":"d","country":"United Kingdom","region":"Bristol","coordSource":"og","source":"cca"}},{"type":"Feature","geometry":{"type":"Point","coordinates":[-1.81567,51.39883]},"properties":{"id":"46d6d561ce13","title":"Lockeridge, nr Avebury, Wiltshire (reported 2000-05-31)","date":"2000-05-31","datePrecision":"d","country":"United Kingdom","region":"Wiltshire","coordSource":"og","source":"cca"}},{"type":"Feature","geometry":{"type":"Point","coordinates":[-0.75725,52.52079]},"properties":{"id":"e0a6bdce0a21","title":"Bringhurst, nr Corby, Leicestershire (reported 2000-06)","date":"2000-06","datePrecision":"m","country":"United Kingdom","region":"Leicestershire","coordSource":"og","source":"cca"}},{"type":"Feature","geometry":{"type":"Point","coordinates":[-1.85171,51.41021]},"properties":{"id":"ce0cdaf07e38","title":"Silbury Hill, nr Avebury, Wiltshire (reported 2000-06-02)","date":"2000-06-02","datePrecision":"d","country":"United Kingdom","region":"Wiltshire","coordSource":"og","source":"cca"}},{"type":"Feature","geometry":{"type":"Point","coordinates":[5.94,51.21]},"properties":{"id":"da5a2e8361fd","title":"Ubachsberg, Limburg 03-06-2000","date":"2000-06-03","datePrecision":"d","country":"Netherlands","region":"Limburg","coordSource":"rc","source":"dcca","tags":[]}},{"type":"Feature","geometry":{"type":"Point","coordinates":[-1.61982,51.32103]},"properties":{"id":"1c36a25175b8","title":"Grafton Down, nr Wexcombe, Wiltshire (reported 2000-06-08)","date":"2000-06-08","datePrecision":"d","country":"United Kingdom","region":"Wiltshire","coordSource":"og","source":"cca"}},{"type":"Feature","geometry":{"type":"Point","coordinates":[-78.85,37.52]},"properties":{"id":"88fc5b60c37d","title":"Virginia Beach, Princess Anne County (June 10, 2000)","date":"2000-06-10","datePrecision":"d","country":"United States","region":"Virgina","coordSource":"rc","source":"iccra","tags":[]}},{"type":"Feature","geometry":{"type":"Point","coordinates":[-1.8688,51.41949]},"properties":{"id":"21e983c34e6d","title":"Silbury Hill (3), nr Avebury, Wiltshire (reported 2000-06-11)","date":"2000-06-11","datePrecision":"d","country":"United Kingdom","region":"Wiltshire","coordSource":"og","source":"cca"}},{"type":"Feature","geometry":{"type":"Point","coordinates":[-1.31,51.06]},"properties":{"id":"9dd3acfe396e","title":"Pack Lane, East Oakley, nr Basingstoke. Hampshire (reported 2000-06-12)","date":"2000-06-12","datePrecision":"d","country":"United Kingdom","region":"nr Basingstoke. Hampshire","coordSource":"rc","source":"cca"}},{"type":"Feature","geometry":{"type":"Point","coordinates":[-2.05,55.25]},"properties":{"id":"192e4505ef03","title":"Crossbanks, Acomb, Nr Hexham, Northumberland (reported 2000-06-12)","date":"2000-06-12","datePrecision":"d","country":"United Kingdom","region":"Northumberland","coordSource":"rc","source":"cca"}},{"type":"Feature","geometry":{"type":"Point","coordinates":[-78.85,37.52]},"properties":{"id":"e1d429349a8c","title":"Virginia Beach, VA, USA (reported 2000-06-12)","date":"2000-06-12","datePrecision":"d","country":"United States","region":"VA","coordSource":"rc","source":"cca"}},{"type":"Feature","geometry":{"type":"Point","coordinates":[-0.5921,52.57837]},"properties":{"id":"c17e98865253","title":"Wakeley, nr Corby, Northampton (reported 2000-06-13)","date":"2000-06-13","datePrecision":"d","country":"United Kingdom","region":"Northampton","coordSource":"og","source":"cca"}},{"type":"Feature","geometry":{"type":"Point","coordinates":[5.2,51.56]},"properties":{"id":"1357f3671726","title":"Hoeven, Noord Brabant, 16-06-2000","date":"2000-06-16","datePrecision":"d","country":"Netherlands","region":"Noord Brabant","coordSource":"rc","source":"dcca","tags":["circle"]}},{"type":"Feature","geometry":{"type":"Point","coordinates":[-0.24,51.81]},"properties":{"id":"4b80589c63f6","title":"Cuffley Railway Station, nr Cuffley, Hertfordshire (reported 2000-06-18)","date":"2000-06-18","datePrecision":"d","country":"United Kingdom","region":"Hertfordshire","coordSource":"rc","source":"cca"}},{"type":"Feature","geometry":{"type":"Point","coordinates":[-1.9124,51.40353]},"properties":{"id":"b4fb0e87ca66","title":"Bishop Cannings Down, nr Beckhampton, Wiltshire (reported 2000-06-18)","date":"2000-06-18","datePrecision":"d","country":"United Kingdom","region":"Wiltshire","coordSource":"og","source":"cca"}},{"type":"Feature","geometry":{"type":"Point","coordinates":[-1.886,51.441]},"properties":{"id":"0f58af318df3","title":"Windmill Hill, nr Avebury, Wiltshire (reported 2000-06-18)","date":"2000-06-18","datePrecision":"d","country":"United Kingdom","region":"Wiltshire","coordSource":"og","source":"cca"}},{"type":"Feature","geometry":{"type":"Point","coordinates":[-0.87152,52.47285]},"properties":{"id":"b3f83402a6f9","title":"Market Harborough, nr Dingley, Leicestershire (reported 2000-06-18)","date":"2000-06-18","datePrecision":"d","country":"United Kingdom","region":"Leicestershire","coordSource":"og","source":"cca"}},{"type":"Feature","geometry":{"type":"Point","coordinates":[-0.64438,52.58195]},"properties":{"id":"24b4b1444f74","title":"Morcott, nr Uppingham, Leicestershire (reported 2000-06-18)","date":"2000-06-18","datePrecision":"d","country":"United Kingdom","region":"Leicestershire","coordSource":"og","source":"cca"}},{"type":"Feature","geometry":{"type":"Point","coordinates":[-2.95,51.09]},"properties":{"id":"aba01fcbae88","title":"Easton Compton, nr Shepton Mallett, Somerset (reported 2000-06-19)","date":"2000-06-19","datePrecision":"d","country":"United Kingdom","region":"Somerset","coordSource":"rc","source":"cca"}},{"type":"Feature","geometry":{"type":"Point","coordinates":[-1.95,51.32]},"properties":{"id":"08e017467e61","title":"Woodborough Hill, nr Woodborough, Wiltshire (reported 2000-06-24)","date":"2000-06-24","datePrecision":"d","country":"United Kingdom","region":"Wiltshire","coordSource":"rc","source":"cca"}},{"type":"Feature","geometry":{"type":"Point","coordinates":[0.73,51.2]},"properties":{"id":"02454604316c","title":"Eynsford, Darenth Valley, nr Farningham, Kent (reported 2000-06-24)","date":"2000-06-24","datePrecision":"d","country":"United Kingdom","region":"Kent","coordSource":"rc","source":"cca"}},{"type":"Feature","geometry":{"type":"Point","coordinates":[-1.95,51.32]},"properties":{"id":"2ca74b410a15","title":"Stanton St Bernard, nr Devizes, Wiltshire (reported 2000-06-25)","date":"2000-06-25","datePrecision":"d","country":"United Kingdom","region":"Wiltshire","coordSource":"rc","source":"cca"}},{"type":"Feature","geometry":{"type":"Point","coordinates":[-1.65,53.75]},"properties":{"id":"40f506982790","title":"West Bretton, nr Kexbrough, West Yorkshire (reported 2000-06-26)","date":"2000-06-26","datePrecision":"d","country":"United Kingdom","region":"West Yorkshire","coordSource":"rc","source":"cca"}},{"type":"Feature","geometry":{"type":"Point","coordinates":[-106,54]},"properties":{"id":"70cc1043f0f8","title":"Willmar, nr Regina, Saskatchewan, Canada (reported 2000-06-26)","date":"2000-06-26","datePrecision":"d","country":"Canada","region":"Saskatchewan","coordSource":"rc","source":"cca"}},{"type":"Feature","geometry":{"type":"Point","coordinates":[-82.79,40.29]},"properties":{"id":"40efe6bf7053","title":"Bainbridge, Ross County (June 29, 2000)","date":"2000-06-29","datePrecision":"d","country":"United States","region":"Ohio","coordSource":"rc","source":"iccra","tags":["circle","ring"]}},{"type":"Feature","geometry":{"type":"Point","coordinates":[5.94,51.21]},"properties":{"id":"bf4b50303d51","title":"Vaals, Limburg, July 2000","date":"2000-07","datePrecision":"m","country":"Netherlands","region":"Limburg","coordSource":"rc","source":"dcca","tags":["circle"]}},{"type":"Feature","geometry":{"type":"Point","coordinates":[4.5,52]},"properties":{"id":"c1920471a01d","title":"Poortugal, Zuid Holland, July 2000","date":"2000-07","datePrecision":"m","country":"Netherlands","region":"Zuid Holland","coordSource":"rc","source":"dcca"}},{"type":"Feature","geometry":{"type":"Point","coordinates":[5.2,51.56]},"properties":{"id":"0b279d77d752","title":"Breda, Noord brabant, 01-07-2000","date":"2000-07-01","datePrecision":"d","country":"Netherlands","region":"Noord brabant","coordSource":"rc","source":"dcca","tags":[]}},{"type":"Feature","geometry":{"type":"Point","coordinates":[-1.27,51.76]},"properties":{"id":"a593b1dd3419","title":"Asthall, nr Burford, Oxfordshire (reported 2000-07-02)","date":"2000-07-02","datePrecision":"d","country":"United Kingdom","region":"Oxfordshire","coordSource":"rc","source":"cca"}},{"type":"Feature","geometry":{"type":"Point","coordinates":[-1.20343,50.99378]},"properties":{"id":"33433aad0711","title":"Stephen Castle Down, Upham, Hampshire (reported 2000-07-02)","date":"2000-07-02","datePrecision":"d","country":"United Kingdom","region":"Hampshire","coordSource":"og","source":"cca"}},{"type":"Feature","geometry":{"type":"Point","coordinates":[-1.95,51.32]},"properties":{"id":"ef4acf33a42d","title":"East Kennett, nr Avebury, Wiltshire (reported 2000-07-02)","date":"2000-07-02","datePrecision":"d","country":"United Kingdom","region":"Wiltshire","coordSource":"rc","source":"cca"}},{"type":"Feature","geometry":{"type":"Point","coordinates":[4.5,52]},"properties":{"id":"5940454da1a7","title":"Barendrecht, Zuid Holland, 04-07-2000","date":"2000-07-04","datePrecision":"d","country":"Netherlands","region":"Zuid Holland","coordSource":"rc","source":"dcca","tags":["circle","triangle"]}},{"type":"Feature","geometry":{"type":"Point","coordinates":[-2.73,52.08]},"properties":{"id":"ca488277f0b6","title":"Hartlebury, nr Kidderminster, Herefordshire (reported 2000-07-05)","date":"2000-07-05","datePrecision":"d","country":"United Kingdom","region":"Herefordshire","coordSource":"rc","source":"cca"}},{"type":"Feature","geometry":{"type":"Point","coordinates":[-1.95,51.32]},"properties":{"id":"abe8b56a9e13","title":"Silbury Hill, nr Avebury, Wiltshire (reported 2000-07-06)","date":"2000-07-06","datePrecision":"d","country":"United Kingdom","region":"Wiltshire","coordSource":"rc","source":"cca"}},{"type":"Feature","geometry":{"type":"Point","coordinates":[-0.24,51.81]},"properties":{"id":"9fa6c8d45829","title":"Deacon Hill (2) , Pegsdon Hills, nr Hitchin, Hertfordshire (reported 2000-07-07)","date":"2000-07-07","datePrecision":"d","country":"United Kingdom","region":"Hertfordshire","coordSource":"rc","source":"cca"}},{"type":"Feature","geometry":{"type":"Point","coordinates":[-1.95,51.32]},"properties":{"id":"fe0d6341ff33","title":"Honey Street, nr Alton Barnes, Wiltshire (reported 2000-07-08)","date":"2000-07-08","datePrecision":"d","country":"United Kingdom","region":"Wiltshire","coordSource":"rc","source":"cca"}},{"type":"Feature","geometry":{"type":"Point","coordinates":[-1.95,51.32]},"properties":{"id":"2766a394f34e","title":"Adams Grave, nr Alton Barnes, Wiltshire (reported 2000-07-12)","date":"2000-07-12","datePrecision":"d","country":"United Kingdom","region":"Wiltshire","coordSource":"rc","source":"cca"}},{"type":"Feature","geometry":{"type":"Point","coordinates":[-1.31,51.06]},"properties":{"id":"0284f72f869c","title":"Matterly Farm, nr Ovington, Hampshire (reported 2000-07-13)","date":"2000-07-13","datePrecision":"d","country":"United Kingdom","region":"Hampshire","coordSource":"rc","source":"cca"}},{"type":"Feature","geometry":{"type":"Point","coordinates":[-1.95,51.32]},"properties":{"id":"917c69278036","title":"Avebury Avenue, nr Avebury, Wiltshire (reported 2000-07-13)","date":"2000-07-13","datePrecision":"d","country":"United Kingdom","region":"Wiltshire","coordSource":"rc","source":"cca"}},{"type":"Feature","geometry":{"type":"Point","coordinates":[-0.89019,52.46224]},"properties":{"id":"697945d0f0ef","title":"Little Bowen, nr Market Harborough, Leicestershire (reported 2000-07-15)","date":"2000-07-15","datePrecision":"d","country":"United Kingdom","region":"Leicestershire","coordSource":"og","source":"cca"}},{"type":"Feature","geometry":{"type":"Point","coordinates":[-1.31,51.06]},"properties":{"id":"6a1cf0e239cb","title":"Bishop's Sutton, Nr Winchester, Hampshire (reported 2000-07-15)","date":"2000-07-15","datePrecision":"d","country":"United Kingdom","region":"Hampshire","coordSource":"rc","source":"cca"}},{"type":"Feature","geometry":{"type":"Point","coordinates":[-1.95,51.32]},"properties":{"id":"964d3512b320","title":"Stanton Bridge, nr Stanton St Bernard, Wiltshire (reported 2000-07-16)","date":"2000-07-16","datePrecision":"d","country":"United Kingdom","region":"Wiltshire","coordSource":"rc","source":"cca"}},{"type":"Feature","geometry":{"type":"Point","coordinates":[-1.95,51.32]},"properties":{"id":"a2e56292bf27","title":"Stanton Bridge, nr Stanton St Bernard, Wiltshire (reported 2000-07-16)","date":"2000-07-16","datePrecision":"d","country":"United Kingdom","region":"Wiltshire","coordSource":"rc","source":"cca"}},{"type":"Feature","geometry":{"type":"Point","coordinates":[-1.95,51.32]},"properties":{"id":"3e7594a1a312","title":"Old Village of Shaw, nr Lockeridge, Wiltshire (reported 2000-07-16)","date":"2000-07-16","datePrecision":"d","country":"United Kingdom","region":"Wiltshire","coordSource":"rc","source":"cca"}},{"type":"Feature","geometry":{"type":"Point","coordinates":[-1.95,51.32]},"properties":{"id":"6ced4074daae","title":"Avebury Down, nr Avebury, Wiltshire (reported 2000-07-16)","date":"2000-07-16","datePrecision":"d","country":"United Kingdom","region":"Wiltshire","coordSource":"rc","source":"cca"}},{"type":"Feature","geometry":{"type":"Point","coordinates":[-86.28,39.89]},"properties":{"id":"c67b5833ebe5","title":"Spencer / Owen Valley, Owen County (July 17, 2000)","date":"2000-07-17","datePrecision":"d","country":"United States","region":"Indiana","coordSource":"rc","source":"iccra","tags":["circle","pathway"]}},{"type":"Feature","geometry":{"type":"Point","coordinates":[-2.3,50.78]},"properties":{"id":"1502fd885583","title":"Badbury Rings, nr Blanford Forum, Dorset (reported 2000-07-17)","date":"2000-07-17","datePrecision":"d","country":"United Kingdom","region":"Dorset","coordSource":"rc","source":"cca"}},{"type":"Feature","geometry":{"type":"Point","coordinates":[5.94,52.06]},"properties":{"id":"cb962832fba5","title":"Zeddam, Gelderland, 18-07-2000","date":"2000-07-18","datePrecision":"d","country":"Netherlands","region":"Gelderland","coordSource":"rc","source":"dcca","tags":["circle","pathway","ring"]}},{"type":"Feature","geometry":{"type":"Point","coordinates":[-1.95,51.32]},"properties":{"id":"62c998726617","title":"Green Street, nr Avebury, Wiltshire (reported 2000-07-19)","date":"2000-07-19","datePrecision":"d","country":"United Kingdom","region":"Wiltshire","coordSource":"rc","source":"cca"}},{"type":"Feature","geometry":{"type":"Point","coordinates":[-1.95,51.32]},"properties":{"id":"8e915aa4e663","title":"West Amesbury, nr Stonehenge, Wiltshire (reported 2000-07-19)","date":"2000-07-19","datePrecision":"d","country":"United Kingdom","region":"Wiltshire","coordSource":"rc","source":"cca"}},{"type":"Feature","geometry":{"type":"Point","coordinates":[-100.47,47.45]},"properties":{"id":"34c36821cb39","title":"Langdon, Cavalier County (July 20, 2000)","date":"2000-07-20","datePrecision":"d","country":"United States","region":"North Dakota","coordSource":"rc","source":"iccra","tags":["circle","grapeshot","pathway"]}},{"type":"Feature","geometry":{"type":"Point","coordinates":[-0.42,52.08]},"properties":{"id":"dee08e726f7e","title":"Telegraph Hill, near Pegsdon Hills, Icknield Way, Bedfordshire (reported 2000-07-20)","date":"2000-07-20","datePrecision":"d","country":"United Kingdom","region":"Bedfordshire","coordSource":"rc","source":"cca"}},{"type":"Feature","geometry":{"type":"Point","coordinates":[-1.95,51.32]},"properties":{"id":"7155baaaa1e4","title":"Avebury Trusloe, nr Avebury, Wiltshire (reported 2000-07-22)","date":"2000-07-22","datePrecision":"d","country":"United Kingdom","region":"Wiltshire","coordSource":"rc","source":"cca"}},{"type":"Feature","geometry":{"type":"Point","coordinates":[-77.8,40.88]},"properties":{"id":"e491eda5f294","title":"St. Joseph, St. Joseph County (July 23, 2000)","date":"2000-07-23","datePrecision":"d","country":"United States","region":"Pennsylvania","coordSource":"rc","source":"iccra","tags":[]}},{"type":"Feature","geometry":{"type":"Point","coordinates":[-2.95,51.09]},"properties":{"id":"47e4a3825c23","title":"Whitchurch, nr Bristol, Somerset (reported 2000-07-23)","date":"2000-07-23","datePrecision":"d","country":"United Kingdom","region":"Somerset","coordSource":"rc","source":"cca"}},{"type":"Feature","geometry":{"type":"Point","coordinates":[-1.31,51.06]},"properties":{"id":"7ce40a378e6a","title":"West Tisted, nr New Alresford, Hampshire (reported 2000-07-23)","date":"2000-07-23","datePrecision":"d","country":"United Kingdom","region":"Hampshire","coordSource":"rc","source":"cca"}},{"type":"Feature","geometry":{"type":"Point","coordinates":[-1.95,51.32]},"properties":{"id":"8e5c9263b8e1","title":"Hodson (2), nr Chiseldon, Wiltshire (reported 2000-07-23)","date":"2000-07-23","datePrecision":"d","country":"United Kingdom","region":"Wiltshire","coordSource":"rc","source":"cca"}},{"type":"Feature","geometry":{"type":"Point","coordinates":[-1.95,51.32]},"properties":{"id":"8158180b1aea","title":"Hodson, nr Chiseldon, Wiltshire (reported 2000-07-23)","date":"2000-07-23","datePrecision":"d","country":"United Kingdom","region":"Wiltshire","coordSource":"rc","source":"cca"}},{"type":"Feature","geometry":{"type":"Point","coordinates":[-2.95,51.09]},"properties":{"id":"1558da26a2ed","title":"Chaffeymoor, nr Wincanton, Somerset (reported 2000-07-23)","date":"2000-07-23","datePrecision":"d","country":"United Kingdom","region":"Somerset","coordSource":"rc","source":"cca"}},{"type":"Feature","geometry":{"type":"Point","coordinates":[-100.47,47.45]},"properties":{"id":"470a2bee3759","title":"Langdon, Cavalier County (July 24, 2000)","date":"2000-07-24","datePrecision":"d","country":"United States","region":"North Dakota","coordSource":"rc","source":"iccra","tags":["circle","dumbbell","pathway","ring"]}},{"type":"Feature","geometry":{"type":"Point","coordinates":[-1.95,51.32]},"properties":{"id":"eb18247daa2a","title":"Silbury Hill (4), nr Avebury, Wiltshire (reported 2000-07-24)","date":"2000-07-24","datePrecision":"d","country":"United Kingdom","region":"Wiltshire","coordSource":"rc","source":"cca"}},{"type":"Feature","geometry":{"type":"Point","coordinates":[-1.95,51.32]},"properties":{"id":"272165b1f781","title":"North Down, nr Beckhampton, Wiltshire (reported 2000-07-25)","date":"2000-07-25","datePrecision":"d","country":"United Kingdom","region":"Wiltshire","coordSource":"rc","source":"cca"}},{"type":"Feature","geometry":{"type":"Point","coordinates":[-1.95,51.32]},"properties":{"id":"a2bd39b2420f","title":"Bishop Cannings (2), nr Devizes, Wiltshire (reported 2000-07-25)","date":"2000-07-25","datePrecision":"d","country":"United Kingdom","region":"Wiltshire","coordSource":"rc","source":"cca"}},{"type":"Feature","geometry":{"type":"Point","coordinates":[-77.8,40.88]},"properties":{"id":"87cae611352a","title":"Linesville, Crawford County (July 27, 2000)","date":"2000-07-27","datePrecision":"d","country":"United States","region":"Pennsylvania","coordSource":"rc","source":"iccra","tags":["circle","grapeshot"]}},{"type":"Feature","geometry":{"type":"Point","coordinates":[0.25,50.93]},"properties":{"id":"912ec4404f30","title":"Plumpton, nr Lewes, East Sussex (reported 2000-07-27)","date":"2000-07-27","datePrecision":"d","country":"United Kingdom","region":"East Sussex","coordSource":"rc","source":"cca"}},{"type":"Feature","geometry":{"type":"Point","coordinates":[-1.95,51.32]},"properties":{"id":"3ab5f129e190","title":"Rough Down, nr Marlborough, Wiltshire (reported 2000-07-27)","date":"2000-07-27","datePrecision":"d","country":"United Kingdom","region":"Wiltshire","coordSource":"rc","source":"cca"}},{"type":"Feature","geometry":{"type":"Point","coordinates":[-0.42,52.08]},"properties":{"id":"2046b4a0d012","title":"Telegraph Hill (2), near Pegsdon Hills, Icknield Way, Bedfordshire (reported 2000-07-28)","date":"2000-07-28","datePrecision":"d","country":"United Kingdom","region":"Bedfordshire","coordSource":"rc","source":"cca"}},{"type":"Feature","geometry":{"type":"Point","coordinates":[-3.75,50.75]},"properties":{"id":"7dfd0db48dc9","title":"Kennford, nr Exeter, Devon (reported 2000-07-29)","date":"2000-07-29","datePrecision":"d","country":"United Kingdom","region":"Devon","coordSource":"rc","source":"cca"}},{"type":"Feature","geometry":{"type":"Point","coordinates":[-1.95,51.32]},"properties":{"id":"35cc95766cc6","title":"Stanton Bridge (2), nr Stanton St Bernard, Wiltshire (reported 2000-07-29)","date":"2000-07-29","datePrecision":"d","country":"United Kingdom","region":"Wiltshire","coordSource":"rc","source":"cca"}},{"type":"Feature","geometry":{"type":"Point","coordinates":[-1.95,51.32]},"properties":{"id":"dd3ba8efae43","title":"Barton Down, nr Old Eagle, Wiltshire (reported 2000-07-29)","date":"2000-07-29","datePrecision":"d","country":"United Kingdom","region":"Wiltshire","coordSource":"rc","source":"cca"}},{"type":"Feature","geometry":{"type":"Point","coordinates":[0.73,51.2]},"properties":{"id":"f9889940508d","title":"Istead Rise, nr Gravesend, Kent (reported 2000-07-29)","date":"2000-07-29","datePrecision":"d","country":"United Kingdom","region":"Kent","coordSource":"rc","source":"cca"}},{"type":"Feature","geometry":{"type":"Point","coordinates":[-1.31,51.06]},"properties":{"id":"f6f10922e117","title":"Bishop's Sutton, Nr Winchester, Hampshire (reported 2000-07-30)","date":"2000-07-30","datePrecision":"d","country":"United Kingdom","region":"Hampshire","coordSource":"rc","source":"cca"}},{"type":"Feature","geometry":{"type":"Point","coordinates":[-1.35,53.45]},"properties":{"id":"32b433f993e5","title":"Dodworth (2), nr Barnsley, South Yorkshire (reported 2000-07-30)","date":"2000-07-30","datePrecision":"d","country":"United Kingdom","region":"South Yorkshire","coordSource":"rc","source":"cca"}},{"type":"Feature","geometry":{"type":"Point","coordinates":[-1.35,53.45]},"properties":{"id":"1a2e09d5eca3","title":"Dodworth (1), nr Barnsley, South Yorkshire (reported 2000-07-30)","date":"2000-07-30","datePrecision":"d","country":"United Kingdom","region":"South Yorkshire","coordSource":"rc","source":"cca"}},{"type":"Feature","geometry":{"type":"Point","coordinates":[-1.95,51.32]},"properties":{"id":"9d3a945a9fce","title":"Blacklands, nr Calne, Wiltshire (reported 2000-07-30)","date":"2000-07-30","datePrecision":"d","country":"United Kingdom","region":"Wiltshire","coordSource":"rc","source":"cca"}},{"type":"Feature","geometry":{"type":"Point","coordinates":[0.05,52.3]},"properties":{"id":"309fb6344343","title":"Harlton, nr Cambridge, Cambridgeshire (reported 2000-08)","date":"2000-08","datePrecision":"m","country":"United Kingdom","region":"Cambridgeshire","coordSource":"rc","source":"cca"}},{"type":"Feature","geometry":{"type":"Point","coordinates":[-94.31,46.28]},"properties":{"id":"6f5760832dd7","title":"Owatonna, Steele County (August 1, 2000)","date":"2000-08-01","datePrecision":"d","country":"United States","region":"Minnesota","coordSource":"rc","source":"iccra","tags":[]}},{"type":"Feature","geometry":{"type":"Point","coordinates":[-1.95,51.32]},"properties":{"id":"545b8854c70c","title":"Allington Down , nr Devizes, Wiltshire (reported 2000-08-01)","date":"2000-08-01","datePrecision":"d","country":"United Kingdom","region":"Wiltshire","coordSource":"rc","source":"cca"}},{"type":"Feature","geometry":{"type":"Point","coordinates":[-1.95,51.32]},"properties":{"id":"0c6c1ef3ef88","title":"Giant's Grave, nr Oare, Wiltshire (reported 2000-08-03)","date":"2000-08-03","datePrecision":"d","country":"United Kingdom","region":"Wiltshire","coordSource":"rc","source":"cca"}},{"type":"Feature","geometry":{"type":"Point","coordinates":[5.94,52.06]},"properties":{"id":"fca6930510f8","title":"Vuren, Gelderland, 04-08-2000","date":"2000-08-04","datePrecision":"d","country":"Netherlands","region":"Gelderland","coordSource":"rc","source":"dcca","tags":["circle","pathway"]}},{"type":"Feature","geometry":{"type":"Point","coordinates":[-111.67,39.31]},"properties":{"id":"cc4523e3f4cb","title":"Manti, Sanpete County (August 4, 2000)","date":"2000-08-04","datePrecision":"d","country":"United States","region":"Utah","coordSource":"rc","source":"iccra","tags":[]}},{"type":"Feature","geometry":{"type":"Point","coordinates":[-0.81,51.75]},"properties":{"id":"437aceb56d2f","title":"Stonor House, nr Pitslhill, Oxon/Bucks (reported 2000-08-04)","date":"2000-08-04","datePrecision":"d","country":"United Kingdom","region":"Oxon/Bucks","coordSource":"rc","source":"cca"}},{"type":"Feature","geometry":{"type":"Point","coordinates":[-120.56,43.93]},"properties":{"id":"7f757da3c97b","title":"Whiskey Hill / Hubbard / Woodburn, Clackamas County (August 5, 2000)","date":"2000-08-05","datePrecision":"d","country":"United States","region":"Oregon","coordSource":"rc","source":"iccra","tags":["circle","pathway"]}},{"type":"Feature","geometry":{"type":"Point","coordinates":[-1.95,51.32]},"properties":{"id":"6daa9f4e6908","title":"Broadbury Banks (2), nr Wilsford, Wiltshire (reported 2000-08-05)","date":"2000-08-05","datePrecision":"d","country":"United Kingdom","region":"Wiltshire","coordSource":"rc","source":"cca"}},{"type":"Feature","geometry":{"type":"Point","coordinates":[-1.95,51.32]},"properties":{"id":"e69063138d0d","title":"Broadbury Banks (1), nr Wilsford, Wiltshire (reported 2000-08-05)","date":"2000-08-05","datePrecision":"d","country":"United Kingdom","region":"Wiltshire","coordSource":"rc","source":"cca"}},{"type":"Feature","geometry":{"type":"Point","coordinates":[5.94,52.06]},"properties":{"id":"31d04ba57950","title":"Brummen, Gelderland, 06-08-2000","date":"2000-08-06","datePrecision":"d","country":"Netherlands","region":"Gelderland","coordSource":"rc","source":"dcca","tags":["circle","pathway","ring"]}},{"type":"Feature","geometry":{"type":"Point","coordinates":[-1.95,51.32]},"properties":{"id":"e785c0905321","title":"Cherhill Field, nr Cherhill, Wiltshire (reported 2000-08-06)","date":"2000-08-06","datePrecision":"d","country":"United Kingdom","region":"Wiltshire","coordSource":"rc","source":"cca"}},{"type":"Feature","geometry":{"type":"Point","coordinates":[-1.95,51.32]},"properties":{"id":"f200b1c21f2a","title":"The Knoll, nr Horton, Wiltshire (reported 2000-08-06)","date":"2000-08-06","datePrecision":"d","country":"United Kingdom","region":"Wiltshire","coordSource":"rc","source":"cca"}},{"type":"Feature","geometry":{"type":"Point","coordinates":[-1.95,51.32]},"properties":{"id":"2d92b8376434","title":"Windmill Hill, nr Avebury, Wiltshire (reported 2000-08-07)","date":"2000-08-07","datePrecision":"d","country":"United Kingdom","region":"Wiltshire","coordSource":"rc","source":"cca"}},{"type":"Feature","geometry":{"type":"Point","coordinates":[-1.95,51.32]},"properties":{"id":"089c409ba5c8","title":"Pewsey White Horse, nr Pewsey, Wiltshire (reported 2000-08-07)","date":"2000-08-07","datePrecision":"d","country":"United Kingdom","region":"Wiltshire","coordSource":"rc","source":"cca"}},{"type":"Feature","geometry":{"type":"Point","coordinates":[-1.95,51.32]},"properties":{"id":"c5d337a30269","title":"All Cannings Bridge, nr Stanton St Bernard, Wiltshire (reported 2000-08-07)","date":"2000-08-07","datePrecision":"d","country":"United Kingdom","region":"Wiltshire","coordSource":"rc","source":"cca"}},{"type":"Feature","geometry":{"type":"Point","coordinates":[-1.95,51.32]},"properties":{"id":"436a332286f5","title":"Crooks Plantation, nr Avebury Trusloe, Wiltshire (reported 2000-08-07)","date":"2000-08-07","datePrecision":"d","country":"United Kingdom","region":"Wiltshire","coordSource":"rc","source":"cca"}},{"type":"Feature","geometry":{"type":"Point","coordinates":[-1.95,51.32]},"properties":{"id":"673644d6fb40","title":"All Cannings Bridge (2), nr Stanton St Bernard, Wiltshire (reported 2000-08-08)","date":"2000-08-08","datePrecision":"d","country":"United Kingdom","region":"Wiltshire","coordSource":"rc","source":"cca"}},{"type":"Feature","geometry":{"type":"Point","coordinates":[-100.47,47.45]},"properties":{"id":"c1d718b72709","title":"Thompson, Grand Forks County (August 9, 2000)","date":"2000-08-09","datePrecision":"d","country":"United States","region":"North Dakota","coordSource":"rc","source":"iccra","tags":["circle","pathway","ring"]}},{"type":"Feature","geometry":{"type":"Point","coordinates":[-100.47,47.45]},"properties":{"id":"de5cff4235cf","title":"Langdon, Cavalier County (August 10, 2000)","date":"2000-08-10","datePrecision":"d","country":"United States","region":"North Dakota","coordSource":"rc","source":"iccra","tags":["circle","pathway"]}},{"type":"Feature","geometry":{"type":"Point","coordinates":[-1.95,51.32]},"properties":{"id":"87097c28e6eb","title":"Martinsell Hill, nr Clench, Wiltshire (reported 2000-08-10)","date":"2000-08-10","datePrecision":"d","country":"United Kingdom","region":"Wiltshire","coordSource":"rc","source":"cca"}},{"type":"Feature","geometry":{"type":"Point","coordinates":[-0.43,50.95]},"properties":{"id":"a9d7363975d9","title":"Halewick Park, Sompting, West Sussex (reported 2000-08-10)","date":"2000-08-10","datePrecision":"d","country":"United Kingdom","region":"West Sussex","coordSource":"rc","source":"cca"}},{"type":"Feature","geometry":{"type":"Point","coordinates":[0.25,50.93]},"properties":{"id":"aa3fa579390f","title":"Patcham, nr Brighton, East Sussex (reported 2000-08-12)","date":"2000-08-12","datePrecision":"d","country":"United Kingdom","region":"East Sussex","coordSource":"rc","source":"cca"}},{"type":"Feature","geometry":{"type":"Point","coordinates":[-1.95,51.32]},"properties":{"id":"120c50e933be","title":"Windmill Hill (3), nr Avebury, Wiltshire (reported 2000-08-12)","date":"2000-08-12","datePrecision":"d","country":"United Kingdom","region":"Wiltshire","coordSource":"rc","source":"cca"}},{"type":"Feature","geometry":{"type":"Point","coordinates":[0.73,51.2]},"properties":{"id":"b6e9b981d22b","title":"Broad Street, near Maidstone, Kent (reported 2000-08-13)","date":"2000-08-13","datePrecision":"d","country":"United Kingdom","region":"Kent","coordSource":"rc","source":"cca"}},{"type":"Feature","geometry":{"type":"Point","coordinates":[-1.95,51.32]},"properties":{"id":"235c96512eee","title":"Broadbury Banks (3), nr Wilsford, Wiltshire (reported 2000-08-13)","date":"2000-08-13","datePrecision":"d","country":"United Kingdom","region":"Wiltshire","coordSource":"rc","source":"cca"}},{"type":"Feature","geometry":{"type":"Point","coordinates":[-1.31,51.06]},"properties":{"id":"b871b1793049","title":"Chilbolton Radio Telescope, nr Andover, Hampshire (reported 2000-08-13)","date":"2000-08-13","datePrecision":"d","country":"United Kingdom","region":"Hampshire","coordSource":"rc","source":"cca"}},{"type":"Feature","geometry":{"type":"Point","coordinates":[-1.95,51.32]},"properties":{"id":"dc44e3815800","title":"Woodborough Hill (3), nr Alton Priors, Wiltshire (reported 2000-08-13)","date":"2000-08-13","datePrecision":"d","country":"United Kingdom","region":"Wiltshire","coordSource":"rc","source":"cca"}},{"type":"Feature","geometry":{"type":"Point","coordinates":[-109.63,47.05]},"properties":{"id":"5ad6ac9d0dcd","title":"Kalispell / Whitefish, Flathead County (August 14, 2000)","date":"2000-08-14","datePrecision":"d","country":"United States","region":"Montana","coordSource":"rc","source":"iccra","tags":[]}},{"type":"Feature","geometry":{"type":"Point","coordinates":[-1.35,53.45]},"properties":{"id":"6e7cf1a423f7","title":"Dodworth (3), nr Barnsley, South Yorkshire (reported 2000-08-14)","date":"2000-08-14","datePrecision":"d","country":"United Kingdom","region":"South Yorkshire","coordSource":"rc","source":"cca"}},{"type":"Feature","geometry":{"type":"Point","coordinates":[0.25,50.93]},"properties":{"id":"dfcf4bc21695","title":"Moulsecoomb, nr Falmer, Brighton, East Sussex (reported 2000-08-15)","date":"2000-08-15","datePrecision":"d","country":"United Kingdom","region":"East Sussex","coordSource":"rc","source":"cca"}},{"type":"Feature","geometry":{"type":"Point","coordinates":[-0.24,51.81]},"properties":{"id":"3a86cf357cbc","title":"Pegsdon (2), Hertsfordshire (reported 2000-08-16)","date":"2000-08-16","datePrecision":"d","country":"United Kingdom","region":"Hertsfordshire","coordSource":"rc","source":"cca"}},{"type":"Feature","geometry":{"type":"Point","coordinates":[-0.24,51.81]},"properties":{"id":"e2ce52c91e22","title":"Pegsdon (1), Hertsfordshire (reported 2000-08-16)","date":"2000-08-16","datePrecision":"d","country":"United Kingdom","region":"Hertsfordshire","coordSource":"rc","source":"cca"}},{"type":"Feature","geometry":{"type":"Point","coordinates":[-1.95,51.32]},"properties":{"id":"3706feb5114e","title":"Shaw Hill, nr Ludgershall, Wiltshire (reported 2000-08-16)","date":"2000-08-16","datePrecision":"d","country":"United Kingdom","region":"Wiltshire","coordSource":"rc","source":"cca"}},{"type":"Feature","geometry":{"type":"Point","coordinates":[-0.43,50.95]},"properties":{"id":"a1fa4359dea1","title":"Keymer, nr Hassocks, West Sussex (reported 2000-08-17)","date":"2000-08-17","datePrecision":"d","country":"United Kingdom","region":"West Sussex","coordSource":"rc","source":"cca"}},{"type":"Feature","geometry":{"type":"Point","coordinates":[6.74,53.26]},"properties":{"id":"f129ca06a03d","title":"Stadskanaal, Groningen, 18-08-2000","date":"2000-08-18","datePrecision":"d","country":"Netherlands","region":"Groningen","coordSource":"rc","source":"dcca","tags":[]}},{"type":"Feature","geometry":{"type":"Point","coordinates":[-0.55,53.85]},"properties":{"id":"e7ac69bed222","title":"Boothferry Bridge, nr Hull, Humberside (reported 2000-08-18)","date":"2000-08-18","datePrecision":"d","country":"United Kingdom","region":"Humberside","coordSource":"rc","source":"cca"}},{"type":"Feature","geometry":{"type":"Point","coordinates":[-1.95,51.32]},"properties":{"id":"a40ba2e876b2","title":"Windmill Hill (5), nr Avebury, Wiltshire (reported 2000-08-19)","date":"2000-08-19","datePrecision":"d","country":"United Kingdom","region":"Wiltshire","coordSource":"rc","source":"cca"}},{"type":"Feature","geometry":{"type":"Point","coordinates":[-1.95,51.32]},"properties":{"id":"5bf9bb08e66b","title":"Windmill Hill (4), nr Avebury, Wiltshire (reported 2000-08-19)","date":"2000-08-19","datePrecision":"d","country":"United Kingdom","region":"Wiltshire","coordSource":"rc","source":"cca"}},{"type":"Feature","geometry":{"type":"Point","coordinates":[5.94,52.06]},"properties":{"id":"d4523f78ec77","title":"Dieren, Gelderland, 21-08-2000","date":"2000-08-21","datePrecision":"d","country":"Netherlands","region":"Gelderland","coordSource":"rc","source":"dcca","tags":["circle"]}},{"type":"Feature","geometry":{"type":"Point","coordinates":[-0.43,50.95]},"properties":{"id":"b7aa65eec402","title":"Jack & Jill Windmills, nr Clayton, West Sussex (reported 2000-08-22)","date":"2000-08-22","datePrecision":"d","country":"United Kingdom","region":"West Sussex","coordSource":"rc","source":"cca"}},{"type":"Feature","geometry":{"type":"Point","coordinates":[-109.63,47.05]},"properties":{"id":"4c85ea26f3d9","title":"Kalispell / Whitefish, Flathead County (August 25, 2000)","date":"2000-08-25","datePrecision":"d","country":"United States","region":"Montana","coordSource":"rc","source":"iccra","tags":["pathway","ring"]}},{"type":"Feature","geometry":{"type":"Point","coordinates":[-1.95,51.32]},"properties":{"id":"41f3b91d2c86","title":"West Overton T-Junction, nr Lockeridge, Wiltshire (reported 2000-08-25)","date":"2000-08-25","datePrecision":"d","country":"United Kingdom","region":"Wiltshire","coordSource":"rc","source":"cca"}},{"type":"Feature","geometry":{"type":"Point","coordinates":[-1.95,51.32]},"properties":{"id":"a3f9c75df0d8","title":"Cherhill White Horse, nr Cherhill, Wiltshire (reported 2000-08-26)","date":"2000-08-26","datePrecision":"d","country":"United Kingdom","region":"Wiltshire","coordSource":"rc","source":"cca"}},{"type":"Feature","geometry":{"type":"Point","coordinates":[-1.95,51.32]},"properties":{"id":"5e2bad1d8ae1","title":"East Kennett (3), nr Avebury, Wiltshire (reported 2000-08-29)","date":"2000-08-29","datePrecision":"d","country":"United Kingdom","region":"Wiltshire","coordSource":"rc","source":"cca"}},{"type":"Feature","geometry":{"type":"Point","coordinates":[5.94,52.06]},"properties":{"id":"a3fe6a39d5bb","title":"Steenderen, Gelderland, 31-08-2000","date":"2000-08-31","datePrecision":"d","country":"Netherlands","region":"Gelderland","coordSource":"rc","source":"dcca","tags":[]}},{"type":"Feature","geometry":{"type":"Point","coordinates":[-105.55,38.99]},"properties":{"id":"2da384783941","title":"Boulder, Boulder County (October 4, 2000)","date":"2000-10-04","datePrecision":"d","country":"United States","region":"Colorado","coordSource":"rc","source":"iccra","tags":["circle"]}},{"type":"Feature","geometry":{"type":"Point","coordinates":[5.2,51.56]},"properties":{"id":"d260865af8fc","title":"Hoeven, Noord brabant, 06-11-2000","date":"2000-11-06","datePrecision":"d","country":"Netherlands","region":"Noord brabant","coordSource":"rc","source":"dcca","tags":["pictogram"]}},{"type":"Feature","geometry":{"type":"Point","coordinates":[3.85,51.49]},"properties":{"id":"e4f12a8401f0","title":"Nieuwekerk, Zeeland, 13-11-2000","date":"2000-11-13","datePrecision":"d","country":"Netherlands","region":"Zeeland","coordSource":"rc","source":"dcca"}},{"type":"Feature","geometry":{"type":"Point","coordinates":[3.85,51.49]},"properties":{"id":"9e38b2126da9","title":"Nieuwekerk, Zeeland, 27-11-2000","date":"2000-11-27","datePrecision":"d","country":"Netherlands","region":"Zeeland","coordSource":"rc","source":"dcca"}},{"type":"Feature","geometry":{"type":"Point","coordinates":[-76.8,39.06]},"properties":{"id":"2aeddb748b93","title":"Greenbelt, Prince George�s County (February 22-25, 2001)","date":"2001","datePrecision":"y","country":"United States","region":"Maryland","coordSource":"rc","source":"iccra","tags":["circle","ring"]}},{"type":"Feature","geometry":{"type":"Point","coordinates":[-1.31,51.06]},"properties":{"id":"97dc5f117d48","title":"Crop Circle at Stephen Castle Down (2), Upham, Hampshire. Late May? (reported 2001)","date":"2001","datePrecision":"y","country":"United Kingdom","region":"Hampshire. Late May?","coordSource":"rc","source":"cca"}},{"type":"Feature","geometry":{"type":"Point","coordinates":[0.25,50.93]},"properties":{"id":"74d55cbedfc7","title":"Crop circle at Moulescoomb, nr Brighton, East Sussex (reported 2001)","date":"2001","datePrecision":"y","country":"United Kingdom","region":"East Sussex","coordSource":"rc","source":"cca"}},{"type":"Feature","geometry":{"type":"Point","coordinates":[-76.8,39.06]},"properties":{"id":"6f42fe6373ea","title":"Churchville, Harford County (February, 2001)","date":"2001-02","datePrecision":"m","country":"United States","region":"Maryland","coordSource":"rc","source":"iccra","tags":[]}},{"type":"Feature","geometry":{"type":"Point","coordinates":[-97.49,35.59]},"properties":{"id":"fe6cc5c27382","title":"Ringling, Jefferson County (February 2001)","date":"2001-02","datePrecision":"m","country":"United States","region":"Oklahoma","coordSource":"rc","source":"iccra","tags":["ring"]}},{"type":"Feature","geometry":{"type":"Point","coordinates":[-72.73,41.62]},"properties":{"id":"b14851b34448","title":"Ridgefield, Fairfield County (April 3, 2001)","date":"2001-04-03","datePrecision":"d","country":"United States","region":"Connecticut","coordSource":"rc","source":"iccra","tags":[]}},{"type":"Feature","geometry":{"type":"Point","coordinates":[-119.47,37.18]},"properties":{"id":"e15336270559","title":"Santa Maria, Santa Barbara County (April 16, 2001)","date":"2001-04-16","datePrecision":"d","country":"United States","region":"California","coordSource":"rc","source":"iccra","tags":[]}},{"type":"Feature","geometry":{"type":"Point","coordinates":[-1.31,51.06]},"properties":{"id":"d7795cc62202","title":"Old Winchester Hill, Nr Warnford. Hampshire (reported 2001-05-13)","date":"2001-05-13","datePrecision":"d","country":"United Kingdom","region":"Nr Warnford. Hampshire","coordSource":"rc","source":"cca"}},{"type":"Feature","geometry":{"type":"Point","coordinates":[-2.3,50.78]},"properties":{"id":"3f64f93cad7e","title":"Hurn, nr Bournmouth, Dorset (reported 2001-05-19)","date":"2001-05-19","datePrecision":"d","country":"United Kingdom","region":"Dorset","coordSource":"rc","source":"cca"}},{"type":"Feature","geometry":{"type":"Point","coordinates":[-77.8,40.88]},"properties":{"id":"a960e0ea6ea6","title":"Indiana, Indiana County (May 22, 2001)","date":"2001-05-22","datePrecision":"d","country":"United States","region":"Pennsylvania","coordSource":"rc","source":"iccra","tags":["oval"]}},{"type":"Feature","geometry":{"type":"Point","coordinates":[-1.95,51.32]},"properties":{"id":"46c9507393ad","title":"Pewsey White Horse, nr Pewsey, Wiltshire (reported 2001-05-25)","date":"2001-05-25","datePrecision":"d","country":"United Kingdom","region":"Wiltshire","coordSource":"rc","source":"cca"}},{"type":"Feature","geometry":{"type":"Point","coordinates":[-0.24,51.81]},"properties":{"id":"1d794b2755fc","title":"Pegsdon, nr Hitchin, Hertfordshire (reported 2001-05-28)","date":"2001-05-28","datePrecision":"d","country":"United Kingdom","region":"Hertfordshire","coordSource":"rc","source":"cca"}},{"type":"Feature","geometry":{"type":"Point","coordinates":[-1.95,51.32]},"properties":{"id":"41e2c22823d9","title":"Honey Street(2), nr Alton Barnes, Wiltshire (reported 2001-05-30)","date":"2001-05-30","datePrecision":"d","country":"United Kingdom","region":"Wiltshire","coordSource":"rc","source":"cca"}},{"type":"Feature","geometry":{"type":"Point","coordinates":[-1.95,51.32]},"properties":{"id":"da77fbdbfba9","title":"Avebury Stone Circle, Wiltshire (reported 2001-05-31)","date":"2001-05-31","datePrecision":"d","country":"United Kingdom","region":"Wiltshire","coordSource":"rc","source":"cca"}},{"type":"Feature","geometry":{"type":"Point","coordinates":[-1.95,51.32]},"properties":{"id":"54460ac6db67","title":"Green Street, nr Avebury, Wiltshire (reported 2001-05-31)","date":"2001-05-31","datePrecision":"d","country":"United Kingdom","region":"Wiltshire","coordSource":"rc","source":"cca"}},{"type":"Feature","geometry":{"type":"Point","coordinates":[-0.88,52.27]},"properties":{"id":"1914b51ee116","title":"Wakerley Woods, Barrowden, Northamptonshire (reported 2001-06-03)","date":"2001-06-03","datePrecision":"d","country":"United Kingdom","region":"Northamptonshire","coordSource":"rc","source":"cca"}},{"type":"Feature","geometry":{"type":"Point","coordinates":[-1.95,51.32]},"properties":{"id":"d18249db0118","title":"Berwick Bassett, nr Avebury, Wiltshire (reported 2001-06-09)","date":"2001-06-09","datePrecision":"d","country":"United Kingdom","region":"Wiltshire","coordSource":"rc","source":"cca"}},{"type":"Feature","geometry":{"type":"Point","coordinates":[-1.95,51.32]},"properties":{"id":"f3f458539811","title":"Avebury Manor, nr Avebury, Wiltshire (reported 2001-06-11)","date":"2001-06-11","datePrecision":"d","country":"United Kingdom","region":"Wiltshire","coordSource":"rc","source":"cca"}},{"type":"Feature","geometry":{"type":"Point","coordinates":[-1.95,51.32]},"properties":{"id":"d5612fc06bee","title":"Hill Barn, nr Badbury, Wiltshire (reported 2001-06-17)","date":"2001-06-17","datePrecision":"d","country":"United Kingdom","region":"Wiltshire","coordSource":"rc","source":"cca"}},{"type":"Feature","geometry":{"type":"Point","coordinates":[-1.31,51.06]},"properties":{"id":"702bdcdebff8","title":"Winter's Down, nr Corhampton, Hampshire (reported 2001-06-18)","date":"2001-06-18","datePrecision":"d","country":"United Kingdom","region":"Hampshire","coordSource":"rc","source":"cca"}},{"type":"Feature","geometry":{"type":"Point","coordinates":[-1.95,51.32]},"properties":{"id":"01f67ba6b1c8","title":"Wessex Ridgeway, nr Avebury, Wiltshire (reported 2001-06-20)","date":"2001-06-20","datePrecision":"d","country":"United Kingdom","region":"Wiltshire","coordSource":"rc","source":"cca"}},{"type":"Feature","geometry":{"type":"Point","coordinates":[-1.95,51.32]},"properties":{"id":"88cdfeb5736c","title":"West Kennett, nr Avebury, Wiltshire (reported 2001-06-21)","date":"2001-06-21","datePrecision":"d","country":"United Kingdom","region":"Wiltshire","coordSource":"rc","source":"cca"}},{"type":"Feature","geometry":{"type":"Point","coordinates":[-1.95,51.32]},"properties":{"id":"64cebe073f68","title":"East Field, nr Alton Barnes Wiltshire (reported 2001-06-21)","date":"2001-06-21","datePrecision":"d","country":"United Kingdom","region":"nr Alton Barnes Wiltshire","coordSource":"rc","source":"cca"}},{"type":"Feature","geometry":{"type":"Point","coordinates":[-1.95,51.32]},"properties":{"id":"c9ee9c2efe76","title":"West Down, nr Beckhampton, Wiltshire (reported 2001-06-22)","date":"2001-06-22","datePrecision":"d","country":"United Kingdom","region":"Wiltshire","coordSource":"rc","source":"cca"}},{"type":"Feature","geometry":{"type":"Point","coordinates":[-0.43,50.95]},"properties":{"id":"703e5631e64b","title":"South Harting, nr Petersfield, West Sussex (reported 2001-06-23)","date":"2001-06-23","datePrecision":"d","country":"United Kingdom","region":"West Sussex","coordSource":"rc","source":"cca"}},{"type":"Feature","geometry":{"type":"Point","coordinates":[-1.95,51.32]},"properties":{"id":"a8260dfa9b82","title":"Folly Barn, nr Liddington, Wiltshire (reported 2001-06-24)","date":"2001-06-24","datePrecision":"d","country":"United Kingdom","region":"Wiltshire","coordSource":"rc","source":"cca"}},{"type":"Feature","geometry":{"type":"Point","coordinates":[-1.31,51.06]},"properties":{"id":"75fdf51ad2c8","title":"Old Winchester Hill, Nr Warnford. Hampshire (reported 2001-06-24)","date":"2001-06-24","datePrecision":"d","country":"United Kingdom","region":"Nr Warnford. Hampshire","coordSource":"rc","source":"cca"}},{"type":"Feature","geometry":{"type":"Point","coordinates":[-1.95,51.32]},"properties":{"id":"584675eff27b","title":"Silbury Hill (3), nr Avebury, Wiltshire (reported 2001-06-24)","date":"2001-06-24","datePrecision":"d","country":"United Kingdom","region":"Wiltshire","coordSource":"rc","source":"cca"}},{"type":"Feature","geometry":{"type":"Point","coordinates":[-1.65,53.75]},"properties":{"id":"1966aa8fb361","title":"West Bretton, nr Barnsley, West Yorkshire (reported 2001-06-25)","date":"2001-06-25","datePrecision":"d","country":"United Kingdom","region":"West Yorkshire","coordSource":"rc","source":"cca"}},{"type":"Feature","geometry":{"type":"Point","coordinates":[-1.31,51.06]},"properties":{"id":"b762024244f4","title":"Bishop's Sutton, Nr New Alresford, Hampshire (reported 2001-06-25)","date":"2001-06-25","datePrecision":"d","country":"United Kingdom","region":"Hampshire","coordSource":"rc","source":"cca"}},{"type":"Feature","geometry":{"type":"Point","coordinates":[0.73,51.2]},"properties":{"id":"dc7bdbf96ae8","title":"Borstal nr. Rochester, Kent (reported 2001-06-25)","date":"2001-06-25","datePrecision":"d","country":"United Kingdom","region":"Kent","coordSource":"rc","source":"cca"}},{"type":"Feature","geometry":{"type":"Point","coordinates":[0.95,52.67]},"properties":{"id":"4e41eea91c96","title":"Roughton, nr Cromer, North East Norfolk (reported 2001-06-27)","date":"2001-06-27","datePrecision":"d","country":"United Kingdom","region":"North East Norfolk","coordSource":"rc","source":"cca"}},{"type":"Feature","geometry":{"type":"Point","coordinates":[-78.85,37.52]},"properties":{"id":"7a5d59891eda","title":"Bridle Creek, Galax, Grayson County (June 28, 2001)","date":"2001-06-28","datePrecision":"d","country":"United States","region":"Virgina","coordSource":"rc","source":"iccra","tags":["circle","dumbbell"]}},{"type":"Feature","geometry":{"type":"Point","coordinates":[-1.95,51.32]},"properties":{"id":"27be732f2278","title":"Beckhampton, nr Avebury, Wiltshire (reported 2001-06-30)","date":"2001-06-30","datePrecision":"d","country":"United Kingdom","region":"Wiltshire","coordSource":"rc","source":"cca"}},{"type":"Feature","geometry":{"type":"Point","coordinates":[-1.95,51.32]},"properties":{"id":"ce7718cd2faf","title":"All Cannings Bridge, nr All Cannings, Wiltshire (reported 2001-06-30)","date":"2001-06-30","datePrecision":"d","country":"United Kingdom","region":"Wiltshire","coordSource":"rc","source":"cca"}},{"type":"Feature","geometry":{"type":"Point","coordinates":[-1.95,51.32]},"properties":{"id":"dc0202251a39","title":"CROP PATTERN at Beckhampton, nr Avebury, Wiltshire (reported 2001-06-30)","date":"2001-06-30","datePrecision":"d","country":"United Kingdom","region":"Wiltshire","coordSource":"rc","source":"cca"}},{"type":"Feature","geometry":{"type":"Point","coordinates":[-1.95,51.32]},"properties":{"id":"5a962661cbe1","title":"Beckhampton, nr Avebury, Wiltshire (reported 2001-06-30)","date":"2001-06-30","datePrecision":"d","country":"United Kingdom","region":"Wiltshire","coordSource":"rc","source":"cca"}},{"type":"Feature","geometry":{"type":"Point","coordinates":[-1.95,51.32]},"properties":{"id":"d92c3e8b6367","title":"All Cannings Bridge, nr All Cannings, Wiltshire (reported 2001-06-30)","date":"2001-06-30","datePrecision":"d","country":"United Kingdom","region":"Wiltshire","coordSource":"rc","source":"cca"}},{"type":"Feature","geometry":{"type":"Point","coordinates":[-93.5,42.08]},"properties":{"id":"bab412142f5f","title":"Iowa City, Johnson County (July 2001)","date":"2001-07","datePrecision":"m","country":"United States","region":"Iowa","coordSource":"rc","source":"iccra","tags":["circle","lattice","ring"]}},{"type":"Feature","geometry":{"type":"Point","coordinates":[0.95,52.67]},"properties":{"id":"6573e32024be","title":"Marsham, nr Aylsham, Norfolk (reported 2001-07)","date":"2001-07","datePrecision":"m","country":"United Kingdom","region":"Norfolk","coordSource":"rc","source":"cca"}},{"type":"Feature","geometry":{"type":"Point","coordinates":[-1.95,51.32]},"properties":{"id":"0580939bd147","title":"Crop patterns at West Overton T-Junction, nr Lockeridge, Wiltshire (reported 2001-07)","date":"2001-07","datePrecision":"m","country":"United Kingdom","region":"Wiltshire","coordSource":"rc","source":"cca"}},{"type":"Feature","geometry":{"type":"Point","coordinates":[-2.95,51.09]},"properties":{"id":"8db77425cfa3","title":"Whidcombe Brake, nr Marksbury, Somerset (reported 2001-07-01)","date":"2001-07-01","datePrecision":"d","country":"United Kingdom","region":"Somerset","coordSource":"rc","source":"cca"}},{"type":"Feature","geometry":{"type":"Point","coordinates":[-1.35,53.45]},"properties":{"id":"ec4e4d848edc","title":"Cathill Roundabout, Darfield, South Yorkshire (reported 2001-07-02)","date":"2001-07-02","datePrecision":"d","country":"United Kingdom","region":"South Yorkshire","coordSource":"rc","source":"cca"}},{"type":"Feature","geometry":{"type":"Point","coordinates":[0.73,51.2]},"properties":{"id":"865e65476e47","title":"Bluebell Hill, Nr Maidstone, Kent (reported 2001-07-02)","date":"2001-07-02","datePrecision":"d","country":"United Kingdom","region":"Kent","coordSource":"rc","source":"cca"}},{"type":"Feature","geometry":{"type":"Point","coordinates":[-1.95,51.32]},"properties":{"id":"8aaf283e45e7","title":"Waden Hill, nr Avebury, Wiltshire (reported 2001-07-05)","date":"2001-07-05","datePrecision":"d","country":"United Kingdom","region":"Wiltshire","coordSource":"rc","source":"cca"}},{"type":"Feature","geometry":{"type":"Point","coordinates":[0.05,52.3]},"properties":{"id":"f3842cb1a417","title":"Gog Magog Hills, nr Cambridge, Cambridgeshire (reported 2001-07-11)","date":"2001-07-11","datePrecision":"d","country":"United Kingdom","region":"Cambridgeshire","coordSource":"rc","source":"cca"}},{"type":"Feature","geometry":{"type":"Point","coordinates":[-0.42,52.08]},"properties":{"id":"b0b7d6594851","title":"Barton-le-Clay, nr Luton, Bedfordshire (reported 2001-07-12)","date":"2001-07-12","datePrecision":"d","country":"United Kingdom","region":"Bedfordshire","coordSource":"rc","source":"cca"}},{"type":"Feature","geometry":{"type":"Point","coordinates":[-1.95,51.32]},"properties":{"id":"491808af8648","title":"Milk Hill, Nr Alton Barnes, Wiltshire (reported 2001-07-12)","date":"2001-07-12","datePrecision":"d","country":"United Kingdom","region":"Wiltshire","coordSource":"rc","source":"cca"}},{"type":"Feature","geometry":{"type":"Point","coordinates":[-1.31,51.06]},"properties":{"id":"8cd9feb3e968","title":"Chilcomb Down, nr No Man's Land, Hampshire (reported 2001-07-15)","date":"2001-07-15","datePrecision":"d","country":"United Kingdom","region":"Hampshire","coordSource":"rc","source":"cca"}},{"type":"Feature","geometry":{"type":"Point","coordinates":[-1.95,51.32]},"properties":{"id":"453d81b4bb42","title":"Causewayed Enclosure, nr Windmill Hill, Wiltshire (reported 2001-07-15)","date":"2001-07-15","datePrecision":"d","country":"United Kingdom","region":"Wiltshire","coordSource":"rc","source":"cca"}},{"type":"Feature","geometry":{"type":"Point","coordinates":[-2.95,51.09]},"properties":{"id":"a95493b2c741","title":"Seven Acre Wood, Newton St Loe, Somerset (reported 2001-07-17)","date":"2001-07-17","datePrecision":"d","country":"United Kingdom","region":"Somerset","coordSource":"rc","source":"cca"}},{"type":"Feature","geometry":{"type":"Point","coordinates":[-75.53,42.95]},"properties":{"id":"53687cc1b515","title":"Weedsport, Cayuga County (July 19, 2001)","date":"2001-07-19","datePrecision":"d","country":"United States","region":"New York","coordSource":"rc","source":"iccra","tags":["circle"]}},{"type":"Feature","geometry":{"type":"Point","coordinates":[0.73,51.2]},"properties":{"id":"ba09e72f1fd6","title":"Crop Art at Luddingstone Castle, nr Eynsford, Kent (reported 2001-07-19)","date":"2001-07-19","datePrecision":"d","country":"United Kingdom","region":"Kent","coordSource":"rc","source":"cca"}},{"type":"Feature","geometry":{"type":"Point","coordinates":[-1.95,51.32]},"properties":{"id":"9f6ffca6beec","title":"Yatesbury, nr Avebury Trusloe, Wiltshire (reported 2001-07-22)","date":"2001-07-22","datePrecision":"d","country":"United Kingdom","region":"Wiltshire","coordSource":"rc","source":"cca"}},{"type":"Feature","geometry":{"type":"Point","coordinates":[-1.31,51.06]},"properties":{"id":"f888460fabf3","title":"Lane End Down, nr Kilmeston, Hampshire (reported 2001-07-22)","date":"2001-07-22","datePrecision":"d","country":"United Kingdom","region":"Hampshire","coordSource":"rc","source":"cca"}},{"type":"Feature","geometry":{"type":"Point","coordinates":[-1.95,51.32]},"properties":{"id":"af146482f20e","title":"Crop Art at Witcomb Farm, nr Hilmarton, Wiltshire (reported 2001-07-22)","date":"2001-07-22","datePrecision":"d","country":"United Kingdom","region":"Wiltshire","coordSource":"rc","source":"cca"}},{"type":"Feature","geometry":{"type":"Point","coordinates":[-2.95,51.09]},"properties":{"id":"ec7cd8e680f8","title":"Clays End, Newton St Loe, Somerset (reported 2001-07-24)","date":"2001-07-24","datePrecision":"d","country":"United Kingdom","region":"Somerset","coordSource":"rc","source":"cca"}},{"type":"Feature","geometry":{"type":"Point","coordinates":[0.05,52.3]},"properties":{"id":"bea63ce58019","title":"Gog Magog Hills, nr Cambridge, Cambridgeshire (reported 2001-07-25)","date":"2001-07-25","datePrecision":"d","country":"United Kingdom","region":"Cambridgeshire","coordSource":"rc","source":"cca"}},{"type":"Feature","geometry":{"type":"Point","coordinates":[0.25,50.93]},"properties":{"id":"51ecdfc9b8c9","title":"Hollingbury, nr Patcham, Brighton, East Sussex (reported 2001-07-27)","date":"2001-07-27","datePrecision":"d","country":"United Kingdom","region":"East Sussex","coordSource":"rc","source":"cca"}},{"type":"Feature","geometry":{"type":"Point","coordinates":[-3.75,50.75]},"properties":{"id":"d09c198b4bbd","title":"Staddiscombe, nr Plymouth, Devon (reported 2001-07-27)","date":"2001-07-27","datePrecision":"d","country":"United Kingdom","region":"Devon","coordSource":"rc","source":"cca"}},{"type":"Feature","geometry":{"type":"Point","coordinates":[0.25,50.93]},"properties":{"id":"cdbf317ce485","title":"Ditchling Beacon, nr Ditchling, East Sussex (reported 2001-07-27)","date":"2001-07-27","datePrecision":"d","country":"United Kingdom","region":"East Sussex","coordSource":"rc","source":"cca"}},{"type":"Feature","geometry":{"type":"Point","coordinates":[-1.31,51.06]},"properties":{"id":"909f50c9ee4e","title":"Bailey Green, nr Privett, Hampshire (reported 2001-07-28)","date":"2001-07-28","datePrecision":"d","country":"United Kingdom","region":"Hampshire","coordSource":"rc","source":"cca"}},{"type":"Feature","geometry":{"type":"Point","coordinates":[-1.31,51.06]},"properties":{"id":"c5e322d89aee","title":"Riplington, nr West Meon, Hampshire (reported 2001-07-28)","date":"2001-07-28","datePrecision":"d","country":"United Kingdom","region":"Hampshire","coordSource":"rc","source":"cca"}},{"type":"Feature","geometry":{"type":"Point","coordinates":[-0.24,51.81]},"properties":{"id":"d3ee83ceb026","title":"Hunton Bridge, nr Abbotts Langley, Hertfordshire (reported 2001-07-28)","date":"2001-07-28","datePrecision":"d","country":"United Kingdom","region":"Hertfordshire","coordSource":"rc","source":"cca"}},{"type":"Feature","geometry":{"type":"Point","coordinates":[-1.95,51.32]},"properties":{"id":"7c0a53197306","title":"Clifford's Hill, nr Stanton St Bernard, Wiltshire (reported 2001-07-28)","date":"2001-07-28","datePrecision":"d","country":"United Kingdom","region":"Wiltshire","coordSource":"rc","source":"cca"}},{"type":"Feature","geometry":{"type":"Point","coordinates":[-1.95,51.32]},"properties":{"id":"5350f2e08c81","title":"Old Shaw Village, nr Lockeridge, Wiltshire (reported 2001-07-28)","date":"2001-07-28","datePrecision":"d","country":"United Kingdom","region":"Wiltshire","coordSource":"rc","source":"cca"}},{"type":"Feature","geometry":{"type":"Point","coordinates":[-1.95,51.32]},"properties":{"id":"559c346b8b09","title":"Yatesbury, nr Cherhill, Wiltshire (reported 2001-07-29)","date":"2001-07-29","datePrecision":"d","country":"United Kingdom","region":"Wiltshire","coordSource":"rc","source":"cca"}},{"type":"Feature","geometry":{"type":"Point","coordinates":[-0.88,52.27]},"properties":{"id":"5cc6cd5fad6d","title":"Southfield Farm, nr Kettering, Northamptonshire (reported 2001-07-31)","date":"2001-07-31","datePrecision":"d","country":"United Kingdom","region":"Northamptonshire","coordSource":"rc","source":"cca"}},{"type":"Feature","geometry":{"type":"Point","coordinates":[-0.6405,52.58819]},"properties":{"id":"6a20a1700b19","title":"RedHill Lodge, nr Morcott, Leicestershire (reported 2001-07-31)","date":"2001-07-31","datePrecision":"d","country":"United Kingdom","region":"Leicestershire","coordSource":"og","source":"cca"}},{"type":"Feature","geometry":{"type":"Point","coordinates":[-1.95,51.32]},"properties":{"id":"44bcdb912c07","title":"East Field, nr Alton Barnes Wiltshire (reported 2001-08-01)","date":"2001-08-01","datePrecision":"d","country":"United Kingdom","region":"nr Alton Barnes Wiltshire","coordSource":"rc","source":"cca"}},{"type":"Feature","geometry":{"type":"Point","coordinates":[-1.95,51.32]},"properties":{"id":"dea1e6d2c9b7","title":"Woodborough Hill, nr Alton Barnes, Wiltshire (reported 2001-08-01)","date":"2001-08-01","datePrecision":"d","country":"United Kingdom","region":"Wiltshire","coordSource":"rc","source":"cca"}},{"type":"Feature","geometry":{"type":"Point","coordinates":[-1.95,51.32]},"properties":{"id":"5bfe6361e7df","title":"East Field, nr Alton Barnes Wiltshire (reported 2001-08-01)","date":"2001-08-01","datePrecision":"d","country":"United Kingdom","region":"nr Alton Barnes Wiltshire","coordSource":"rc","source":"cca"}},{"type":"Feature","geometry":{"type":"Point","coordinates":[-1.9,52.48]},"properties":{"id":"9236e500c0b0","title":"Sandal Castle, nr Portobello, West Midlands (reported 2001-08-02)","date":"2001-08-02","datePrecision":"d","country":"United Kingdom","region":"West Midlands","coordSource":"rc","source":"cca"}},{"type":"Feature","geometry":{"type":"Point","coordinates":[-1.35,53.45]},"properties":{"id":"51c94c5e8fbd","title":"kexbrough, nr Barnsley, South Yorkshire (reported 2001-08-02)","date":"2001-08-02","datePrecision":"d","country":"United Kingdom","region":"South Yorkshire","coordSource":"rc","source":"cca"}},{"type":"Feature","geometry":{"type":"Point","coordinates":[-0.43,50.95]},"properties":{"id":"37a5b30d447a","title":"Bury Hill, nr Bury, West Sussex (reported 2001-08-05)","date":"2001-08-05","datePrecision":"d","country":"United Kingdom","region":"West Sussex","coordSource":"rc","source":"cca"}},{"type":"Feature","geometry":{"type":"Point","coordinates":[-1.95,51.32]},"properties":{"id":"881cac5608d3","title":"Knap Hill, nr Alton Priors, Wiltshire (reported 2001-08-05)","date":"2001-08-05","datePrecision":"d","country":"United Kingdom","region":"Wiltshire","coordSource":"rc","source":"cca"}},{"type":"Feature","geometry":{"type":"Point","coordinates":[-2.95,51.09]},"properties":{"id":"c47da7412325","title":"Newhouse Farm, nr Acton Turnville, North Somerset (reported 2001-08-05)","date":"2001-08-05","datePrecision":"d","country":"United Kingdom","region":"North Somerset","coordSource":"rc","source":"cca"}},{"type":"Feature","geometry":{"type":"Point","coordinates":[-1.95,51.32]},"properties":{"id":"fc22d4a877a8","title":"Browns Lane, nr Alton Priors, Wiltshire (reported 2001-08-06)","date":"2001-08-06","datePrecision":"d","country":"United Kingdom","region":"Wiltshire","coordSource":"rc","source":"cca"}},{"type":"Feature","geometry":{"type":"Point","coordinates":[-1.6,53.1]},"properties":{"id":"4f60b8ff0ebd","title":"Hardstoft nr Chesterfield, Derbyshire (reported 2001-08-07)","date":"2001-08-07","datePrecision":"d","country":"United Kingdom","region":"Derbyshire","coordSource":"rc","source":"cca"}},{"type":"Feature","geometry":{"type":"Point","coordinates":[-1.95,51.32]},"properties":{"id":"da3af4b6ea36","title":"Woodborough Hill (2), nr Alton Barnes, Wiltshire (reported 2001-08-10)","date":"2001-08-10","datePrecision":"d","country":"United Kingdom","region":"Wiltshire","coordSource":"rc","source":"cca"}},{"type":"Feature","geometry":{"type":"Point","coordinates":[-1.95,51.32]},"properties":{"id":"e515c77a2b43","title":"Milk Hill (2), Nr Alton Barnes, Wiltshire (reported 2001-08-12)","date":"2001-08-12","datePrecision":"d","country":"United Kingdom","region":"Wiltshire","coordSource":"rc","source":"cca"}},{"type":"Feature","geometry":{"type":"Point","coordinates":[-1.35,53.45]},"properties":{"id":"3ba129ba810e","title":"Keresforth Hill, nr Barnsley, South Yorkshire (reported 2001-08-12)","date":"2001-08-12","datePrecision":"d","country":"United Kingdom","region":"South Yorkshire","coordSource":"rc","source":"cca"}},{"type":"Feature","geometry":{"type":"Point","coordinates":[-2.95,51.09]},"properties":{"id":"c7a0cf112d04","title":"Englishcombe, nr Bath, Somerset (reported 2001-08-12)","date":"2001-08-12","datePrecision":"d","country":"United Kingdom","region":"Somerset","coordSource":"rc","source":"cca"}},{"type":"Feature","geometry":{"type":"Point","coordinates":[-1.95,51.32]},"properties":{"id":"5ae4e87df298","title":"Huish (2), nr Draycot Fitzpayne, Wiltshire (reported 2001-08-14)","date":"2001-08-14","datePrecision":"d","country":"United Kingdom","region":"Wiltshire","coordSource":"rc","source":"cca"}},{"type":"Feature","geometry":{"type":"Point","coordinates":[-1.95,51.32]},"properties":{"id":"ae617d9578ff","title":"Huish (1), nr Draycot Fitzpayne, Wiltshire (reported 2001-08-14)","date":"2001-08-14","datePrecision":"d","country":"United Kingdom","region":"Wiltshire","coordSource":"rc","source":"cca"}},{"type":"Feature","geometry":{"type":"Point","coordinates":[-1.95,51.32]},"properties":{"id":"c76e1d7f077f","title":"Wessex Ridgeway (2), nr Avebury, Wiltshire (reported 2001-08-14)","date":"2001-08-14","datePrecision":"d","country":"United Kingdom","region":"Wiltshire","coordSource":"rc","source":"cca"}},{"type":"Feature","geometry":{"type":"Point","coordinates":[-1.31,51.06]},"properties":{"id":"88dc5bd7559c","title":"Chilbolton (1), nr Wherwell, Hampshire (reported 2001-08-19)","date":"2001-08-19","datePrecision":"d","country":"United Kingdom","region":"Hampshire","coordSource":"rc","source":"cca"}},{"type":"Feature","geometry":{"type":"Point","coordinates":[-1.31,51.06]},"properties":{"id":"601e1f6e92ff","title":"Chilbolton (2), nr Wherwell, Hampshire (reported 2001-08-19)","date":"2001-08-19","datePrecision":"d","country":"United Kingdom","region":"Hampshire","coordSource":"rc","source":"cca"}},{"type":"Feature","geometry":{"type":"Point","coordinates":[0.73,51.2]},"properties":{"id":"d7d98e3aaa5b","title":"Shoreham, nr Lullingstone, Kent (reported 2001-08-19)","date":"2001-08-19","datePrecision":"d","country":"United Kingdom","region":"Kent","coordSource":"rc","source":"cca"}},{"type":"Feature","geometry":{"type":"Point","coordinates":[5.94,52.06]},"properties":{"id":"2f47ea8f98ec","title":"Herveld, Gelderland, 22-08-2001","date":"2001-08-22","datePrecision":"d","country":"Netherlands","region":"Gelderland","coordSource":"rc","source":"dcca","tags":[]}},{"type":"Feature","geometry":{"type":"Point","coordinates":[-1.95,51.32]},"properties":{"id":"fbd124e5f012","title":"Milk Hill, Nr Alton Barnes, Wiltshire (reported 2001-08-25)","date":"2001-08-25","datePrecision":"d","country":"United Kingdom","region":"Wiltshire","coordSource":"rc","source":"cca"}},{"type":"Feature","geometry":{"type":"Point","coordinates":[-1.95,51.32]},"properties":{"id":"01ca264a45a7","title":"Avebury Trusloe, nr Avebury, Wiltshire (reported 2001-08-26)","date":"2001-08-26","datePrecision":"d","country":"United Kingdom","region":"Wiltshire","coordSource":"rc","source":"cca"}},{"type":"Feature","geometry":{"type":"Point","coordinates":[-1.95,51.32]},"properties":{"id":"9f0af3400764","title":"Tanhill Penning, nr Allington Down, Wiltshire (reported 2001-08-28)","date":"2001-08-28","datePrecision":"d","country":"United Kingdom","region":"Wiltshire","coordSource":"rc","source":"cca"}},{"type":"Feature","geometry":{"type":"Point","coordinates":[-75.53,42.95]},"properties":{"id":"01de5cf8554b","title":"Fremont, Sullivan County (September 2001)","date":"2001-09","datePrecision":"m","country":"United States","region":"New York","coordSource":"rc","source":"iccra","tags":[]}},{"type":"Feature","geometry":{"type":"Point","coordinates":[-75.53,42.95]},"properties":{"id":"a38e01636f27","title":"[unknown], Steuben County (September 2001)","date":"2001-09","datePrecision":"m","country":"United States","region":"New York","coordSource":"rc","source":"iccra","tags":[]}},{"type":"Feature","geometry":{"type":"Point","coordinates":[-86.35,35.86]},"properties":{"id":"c336b97de9f1","title":"Maryville, Blount County (September 2001)","date":"2001-09","datePrecision":"m","country":"United States","region":"Tennessee","coordSource":"rc","source":"iccra","tags":["circle","ring"]}},{"type":"Feature","geometry":{"type":"Point","coordinates":[-1.95,51.32]},"properties":{"id":"7d2e8180aba6","title":"Wabi Farm, nr Etchilhampton, Wiltshire (reported 2001-09-16)","date":"2001-09-16","datePrecision":"d","country":"United Kingdom","region":"Wiltshire","coordSource":"rc","source":"cca"}},{"type":"Feature","geometry":{"type":"Point","coordinates":[-1.95,51.32]},"properties":{"id":"aec74f878939","title":"Crop circle at Waden Hill, nr Avebury, Wiltshire 2002 (reported 2002)","date":"2002","datePrecision":"y","country":"United Kingdom","region":"Wiltshire 2002","coordSource":"rc","source":"cca"}},{"type":"Feature","geometry":{"type":"Point","coordinates":[-94.31,46.28]},"properties":{"id":"6bab64df77c6","title":"North Long Lake, Crow Wing County (February, 2002)","date":"2002-02","datePrecision":"m","country":"United States","region":"Minnesota","coordSource":"rc","source":"iccra","tags":[]}},{"type":"Feature","geometry":{"type":"Point","coordinates":[-111.67,39.31]},"properties":{"id":"be88a24ae7ef","title":"Bigelow Ranch, Fort Duchesne, Duchesne County, Unitah Basin (February 21, 2002)","date":"2002-02-21","datePrecision":"d","country":"United States","region":"Utah","coordSource":"rc","source":"iccra","tags":["circle"]}},{"type":"Feature","geometry":{"type":"Point","coordinates":[-1.31,51.06]},"properties":{"id":"92386ee0e938","title":"Long Road, nr Soberton, Hampshire (reported 2002-04-12)","date":"2002-04-12","datePrecision":"d","country":"United Kingdom","region":"Hampshire","coordSource":"rc","source":"cca"}},{"type":"Feature","geometry":{"type":"Point","coordinates":[-77.8,40.88]},"properties":{"id":"108eaa7ca36c","title":"Indiana, Indiana County (April 16, 2002)","date":"2002-04-16","datePrecision":"d","country":"United States","region":"Pennsylvania","coordSource":"rc","source":"iccra","tags":["circle"]}},{"type":"Feature","geometry":{"type":"Point","coordinates":[-1.95,51.32]},"properties":{"id":"e15d794aad79","title":"North Down, nr Beckhampton, Wiltshire (reported 2002-05-06)","date":"2002-05-06","datePrecision":"d","country":"United Kingdom","region":"Wiltshire","coordSource":"rc","source":"cca"}},{"type":"Feature","geometry":{"type":"Point","coordinates":[5.94,52.06]},"properties":{"id":"d421669f16aa","title":"Groesbeek, Gelderland, 23-05-2002","date":"2002-05-23","datePrecision":"d","country":"Netherlands","region":"Gelderland","coordSource":"rc","source":"dcca","tags":["circle"]}},{"type":"Feature","geometry":{"type":"Point","coordinates":[-2.95,51.09]},"properties":{"id":"0e661ceb5fe8","title":"Newton St Loe, nr Bath, North Somerset. (reported 2002-05-23)","date":"2002-05-23","datePrecision":"d","country":"United Kingdom","region":"North Somerset.","coordSource":"rc","source":"cca"}},{"type":"Feature","geometry":{"type":"Point","coordinates":[5.2,51.56]},"properties":{"id":"8ab2ca9a70b2","title":"Hoeven (1), Noord Brabant, 25-05-2002","date":"2002-05-25","datePrecision":"d","country":"Netherlands","region":"Noord Brabant","coordSource":"rc","source":"dcca","tags":["circle"]}},{"type":"Feature","geometry":{"type":"Point","coordinates":[-98.38,38.49]},"properties":{"id":"cb3f902fadaa","title":"Unknown (June 2002)","date":"2002-06","datePrecision":"m","country":"United States","region":"Kansas","coordSource":"rc","source":"iccra","tags":["circle"]}},{"type":"Feature","geometry":{"type":"Point","coordinates":[5.16,52.08]},"properties":{"id":"dbda18bbe176","title":"Loosdrechtse Plassen, Utrecht, 01-06-2002","date":"2002-06-01","datePrecision":"d","country":"Netherlands","region":"Utrecht","coordSource":"rc","source":"dcca","tags":["circle","pathway"]}},{"type":"Feature","geometry":{"type":"Point","coordinates":[-0.38075,51.94296]},"properties":{"id":"233f34590d8b","title":"Telegraph Hill, Lilley, nr Luton, Hertfordshire (reported 2002-06-01)","date":"2002-06-01","datePrecision":"d","country":"United Kingdom","region":"Hertfordshire","coordSource":"og","source":"cca"}},{"type":"Feature","geometry":{"type":"Point","coordinates":[-1.87511,51.42381]},"properties":{"id":"aaee3e631bd8","title":"Avebury Trusloe, nr Beckhampton, Wiltshire (reported 2002-06-02)","date":"2002-06-02","datePrecision":"d","country":"United Kingdom","region":"Wiltshire","coordSource":"og","source":"cca"}},{"type":"Feature","geometry":{"type":"Point","coordinates":[-0.33689,50.83897]},"properties":{"id":"6c1090c0d69e","title":"Halewick Lane, Sompting, Nr Worthing, West Sussex (reported 2002-06-03)","date":"2002-06-03","datePrecision":"d","country":"United Kingdom","region":"West Sussex","coordSource":"og","source":"cca"}},{"type":"Feature","geometry":{"type":"Point","coordinates":[-1.86379,51.41166]},"properties":{"id":"b36a8ad9d2ad","title":"Silbury Hill, nr Avebury, Wiltshire (reported 2002-06-04)","date":"2002-06-04","datePrecision":"d","country":"United Kingdom","region":"Wiltshire","coordSource":"og","source":"cca"}},{"type":"Feature","geometry":{"type":"Point","coordinates":[5.94,52.06]},"properties":{"id":"e99f569ec643","title":"Didam (1), Gelderland, 07-06-2002","date":"2002-06-07","datePrecision":"d","country":"Netherlands","region":"Gelderland","coordSource":"rc","source":"dcca","tags":[]}},{"type":"Feature","geometry":{"type":"Point","coordinates":[0.05,52.3]},"properties":{"id":"0472a1347c2e","title":"Great Shelford, nr Cambridge, Cambridgeshire (reported 2002-06-10)","date":"2002-06-10","datePrecision":"d","country":"United Kingdom","region":"Cambridgeshire","coordSource":"rc","source":"cca"}},{"type":"Feature","geometry":{"type":"Point","coordinates":[-72.73,41.62]},"properties":{"id":"63067754f1b1","title":"East Haven, New Haven County (June 11, 2002)","date":"2002-06-11","datePrecision":"d","country":"United States","region":"Connecticut","coordSource":"rc","source":"iccra","tags":["ring"]}},{"type":"Feature","geometry":{"type":"Point","coordinates":[6.74,53.26]},"properties":{"id":"73360cd59cb1","title":"Kolham, Groningen, 15-06-2002","date":"2002-06-15","datePrecision":"d","country":"Netherlands","region":"Groningen","coordSource":"rc","source":"dcca","tags":["circle"]}},{"type":"Feature","geometry":{"type":"Point","coordinates":[5.94,52.06]},"properties":{"id":"812119be4113","title":"Didam (2), Gelderland, 16-06-2002","date":"2002-06-16","datePrecision":"d","country":"Netherlands","region":"Gelderland","coordSource":"rc","source":"dcca","tags":[]}},{"type":"Feature","geometry":{"type":"Point","coordinates":[-0.42432,51.94535]},"properties":{"id":"2fb49ece8a78","title":"Barton Hill Road, Streatley, nr Luton, Bedfordshire (reported 2002-06-17)","date":"2002-06-17","datePrecision":"d","country":"United Kingdom","region":"Bedfordshire","coordSource":"og","source":"cca"}},{"type":"Feature","geometry":{"type":"Point","coordinates":[5.2,51.56]},"properties":{"id":"b0c710424ccf","title":"Hoeven (2), Noord Brabant, 18-06-2002","date":"2002-06-18","datePrecision":"d","country":"Netherlands","region":"Noord Brabant","coordSource":"rc","source":"dcca","tags":["circle"]}},{"type":"Feature","geometry":{"type":"Point","coordinates":[-1.95,51.32]},"properties":{"id":"9a2c19cd6e7f","title":"Avebury Manor, nr Avebury, Wiltshire (reported 2002-06-18)","date":"2002-06-18","datePrecision":"d","country":"United Kingdom","region":"Wiltshire","coordSource":"rc","source":"cca"}},{"type":"Feature","geometry":{"type":"Point","coordinates":[4.5,52]},"properties":{"id":"14364714abeb","title":"Simonshaven, Zuid Holland, 21-06-2002","date":"2002-06-21","datePrecision":"d","country":"Netherlands","region":"Zuid Holland","coordSource":"rc","source":"dcca","tags":["circle"]}},{"type":"Feature","geometry":{"type":"Point","coordinates":[-1.95,51.32]},"properties":{"id":"339d510ce968","title":"Avebury Stone Circle, nr Avebury, Wiltshire (reported 2002-06-21)","date":"2002-06-21","datePrecision":"d","country":"United Kingdom","region":"Wiltshire","coordSource":"rc","source":"cca"}},{"type":"Feature","geometry":{"type":"Point","coordinates":[-1.31,51.06]},"properties":{"id":"4247d5ce88d6","title":"Longwood Warren, Cheesefoot Head, Nr Winchester, Hampshire (reported 2002-06-23)","date":"2002-06-23","datePrecision":"d","country":"United Kingdom","region":"Hampshire","coordSource":"rc","source":"cca"}},{"type":"Feature","geometry":{"type":"Point","coordinates":[-1.56769,51.58439]},"properties":{"id":"5ce0619909f5","title":"Uffington White Horse, nr Woolstone, Oxfordshire (reported 2002-06-23)","date":"2002-06-23","datePrecision":"d","country":"United Kingdom","region":"Oxfordshire","coordSource":"og","source":"cca"}},{"type":"Feature","geometry":{"type":"Point","coordinates":[-1.95,51.32]},"properties":{"id":"aea25603629c","title":"North Farm, nr West Overton, Wiltshire (reported 2002-06-23)","date":"2002-06-23","datePrecision":"d","country":"United Kingdom","region":"Wiltshire","coordSource":"rc","source":"cca"}},{"type":"Feature","geometry":{"type":"Point","coordinates":[-82.79,40.29]},"properties":{"id":"6a1d879a1ca4","title":"Careytown, Highland County (June 24, 2002)","date":"2002-06-24","datePrecision":"d","country":"United States","region":"Ohio","coordSource":"rc","source":"iccra","tags":["circle","dumbbell","triangle"]}},{"type":"Feature","geometry":{"type":"Point","coordinates":[0.72135,51.1078]},"properties":{"id":"88af35c2b6de","title":"High Halden, nr Ashford, Kent, (reported 2002-06-27)","date":"2002-06-27","datePrecision":"d","country":"United Kingdom","region":"Kent","coordSource":"og","source":"cca"}},{"type":"Feature","geometry":{"type":"Point","coordinates":[-0.43,50.95]},"properties":{"id":"1814f2e806fb","title":"Sompting (2), nr Worthing, West Sussex (reported 2002-06-28)","date":"2002-06-28","datePrecision":"d","country":"United Kingdom","region":"West Sussex","coordSource":"rc","source":"cca"}},{"type":"Feature","geometry":{"type":"Point","coordinates":[-0.43,50.95]},"properties":{"id":"ec3c55f83b07","title":"Westhampnet airfield, nr Chichester, West Sussex (reported 2002-06-28)","date":"2002-06-28","datePrecision":"d","country":"United Kingdom","region":"West Sussex","coordSource":"rc","source":"cca"}},{"type":"Feature","geometry":{"type":"Point","coordinates":[-1.35,53.45]},"properties":{"id":"814796d63727","title":"St John The Baptist Church, nr Dodworth, South Yorkshire (reported 2002-06-28)","date":"2002-06-28","datePrecision":"d","country":"United Kingdom","region":"South Yorkshire","coordSource":"rc","source":"cca"}},{"type":"Feature","geometry":{"type":"Point","coordinates":[-82.79,40.29]},"properties":{"id":"2fd70871a991","title":"Sardinia, Brown County (June 30, 2002)","date":"2002-06-30","datePrecision":"d","country":"United States","region":"Ohio","coordSource":"rc","source":"iccra","tags":["circle","key-claw"]}},{"type":"Feature","geometry":{"type":"Point","coordinates":[5.94,52.06]},"properties":{"id":"4a6fad1d1908","title":"Zutphen, Gelderland, Juli 2002","date":"2002-07","datePrecision":"m","country":"Netherlands","region":"Gelderland","coordSource":"rc","source":"dcca","tags":["circle","ring"]}},{"type":"Feature","geometry":{"type":"Point","coordinates":[-0.90378,51.03736]},"properties":{"id":"68cf4f887ee4","title":"Liss, nr Peterfield, Hampshire (reported 2002-07-01)","date":"2002-07-01","datePrecision":"d","country":"United Kingdom","region":"Hampshire","coordSource":"og","source":"cca"}},{"type":"Feature","geometry":{"type":"Point","coordinates":[-1.83175,51.16938]},"properties":{"id":"2d623ccd8588","title":"Normanton Down long barrows, nr Stonehenge, Wiltshire (reported 2002-07-04)","date":"2002-07-04","datePrecision":"d","country":"United Kingdom","region":"Wiltshire","coordSource":"og","source":"cca"}},{"type":"Feature","geometry":{"type":"Point","coordinates":[-2.95,51.09]},"properties":{"id":"ab0232e68244","title":"Englishcombe, nr Bath, North Somerset (reported 2002-07-07)","date":"2002-07-07","datePrecision":"d","country":"United Kingdom","region":"North Somerset","coordSource":"rc","source":"cca"}},{"type":"Feature","geometry":{"type":"Point","coordinates":[5.94,51.21]},"properties":{"id":"5bba7e5234cd","title":"Ubachsberg (1), Limburg, 08-07-2002","date":"2002-07-08","datePrecision":"d","country":"Netherlands","region":"Limburg","coordSource":"rc","source":"dcca","tags":[]}},{"type":"Feature","geometry":{"type":"Point","coordinates":[4.87,52.6]},"properties":{"id":"7c91a4339568","title":"Rustenburg, Noord Holland, 08-07-2002","date":"2002-07-08","datePrecision":"d","country":"Netherlands","region":"Noord Holland","coordSource":"rc","source":"dcca","tags":["circle"]}},{"type":"Feature","geometry":{"type":"Point","coordinates":[5.94,51.21]},"properties":{"id":"2013b36e38ad","title":"Ubachsberg (1), Limburg, 08-07-2002","date":"2002-07-08","datePrecision":"d","country":"Netherlands","region":"Limburg","coordSource":"rc","source":"dcca","tags":[]}},{"type":"Feature","geometry":{"type":"Point","coordinates":[-80.62,38.64]},"properties":{"id":"2fb6627685bf","title":"Point Pleasant, Mason County (July 8, 2002)","date":"2002-07-08","datePrecision":"d","country":"United States","region":"West Virginia","coordSource":"rc","source":"iccra","tags":["circle","pathway","ring"]}},{"type":"Feature","geometry":{"type":"Point","coordinates":[-0.43,50.95]},"properties":{"id":"c3bf7ecad06f","title":"Upper Beeding, nr Steyning, West Sussex (reported 2002-07-08)","date":"2002-07-08","datePrecision":"d","country":"United Kingdom","region":"West Sussex","coordSource":"rc","source":"cca"}},{"type":"Feature","geometry":{"type":"Point","coordinates":[-1.95,51.32]},"properties":{"id":"22339d09882d","title":"North Farm (2), nr West Overton, Wiltshire (reported 2002-07-09)","date":"2002-07-09","datePrecision":"d","country":"United Kingdom","region":"Wiltshire","coordSource":"rc","source":"cca"}},{"type":"Feature","geometry":{"type":"Point","coordinates":[-1.95,51.32]},"properties":{"id":"ce9baea168a9","title":"East field, nr Alton Barnes. Wiltshire (reported 2002-07-12)","date":"2002-07-12","datePrecision":"d","country":"United Kingdom","region":"nr Alton Barnes. Wiltshire","coordSource":"rc","source":"cca"}},{"type":"Feature","geometry":{"type":"Point","coordinates":[-1.95,51.32]},"properties":{"id":"691bfc14ec52","title":"East field, nr Alton Barnes. Wiltshire (reported 2002-07-12)","date":"2002-07-12","datePrecision":"d","country":"United Kingdom","region":"nr Alton Barnes. Wiltshire","coordSource":"rc","source":"cca"}},{"type":"Feature","geometry":{"type":"Point","coordinates":[-1.95,51.32]},"properties":{"id":"cec61a67d2c6","title":"Bourton, nr Bishop Cannings, Wiltshire (reported 2002-07-12)","date":"2002-07-12","datePrecision":"d","country":"United Kingdom","region":"Wiltshire","coordSource":"rc","source":"cca"}},{"type":"Feature","geometry":{"type":"Point","coordinates":[-0.42,52.08]},"properties":{"id":"8eb430e1f5c6","title":"Sharpenhoe Clappers, nr Luton, Bedfordshire (reported 2002-07-15)","date":"2002-07-15","datePrecision":"d","country":"United Kingdom","region":"Bedfordshire","coordSource":"rc","source":"cca"}},{"type":"Feature","geometry":{"type":"Point","coordinates":[4.5,52]},"properties":{"id":"547c24ce8be2","title":"heinenoord, Zuid Holland, 16-07-2002","date":"2002-07-16","datePrecision":"d","country":"Netherlands","region":"Zuid Holland","coordSource":"rc","source":"dcca","tags":[]}},{"type":"Feature","geometry":{"type":"Point","coordinates":[-1.76086,51.325]},"properties":{"id":"29af89298c75","title":"Pewsey White Horse, nr Pewsey, Wiltshire (reported 2002-07-17)","date":"2002-07-17","datePrecision":"d","country":"United Kingdom","region":"Wiltshire","coordSource":"og","source":"cca"}},{"type":"Feature","geometry":{"type":"Point","coordinates":[-1.95,51.32]},"properties":{"id":"bc1c1db0685d","title":"Woodborough Hill, nr Alton Priors, Wiltshire (reported 2002-07-18)","date":"2002-07-18","datePrecision":"d","country":"United Kingdom","region":"Wiltshire","coordSource":"rc","source":"cca"}},{"type":"Feature","geometry":{"type":"Point","coordinates":[-1.95,51.32]},"properties":{"id":"cada782a15d2","title":"North Down (2), nr Beckhampton, Wiltshire (reported 2002-07-18)","date":"2002-07-18","datePrecision":"d","country":"United Kingdom","region":"Wiltshire","coordSource":"rc","source":"cca"}},{"type":"Feature","geometry":{"type":"Point","coordinates":[-1.95,51.32]},"properties":{"id":"ec001c12432c","title":"Windmill Hill, nr Avebury, Wiltshire (reported 2002-07-18)","date":"2002-07-18","datePrecision":"d","country":"United Kingdom","region":"Wiltshire","coordSource":"rc","source":"cca"}},{"type":"Feature","geometry":{"type":"Point","coordinates":[-1.35,53.45]},"properties":{"id":"720e756f0943","title":"Cathill, nr Barnsley, South Yorkshire (reported 2002-07-19)","date":"2002-07-19","datePrecision":"d","country":"United Kingdom","region":"South Yorkshire","coordSource":"rc","source":"cca"}},{"type":"Feature","geometry":{"type":"Point","coordinates":[5.6,52.53]},"properties":{"id":"793fcb456f2c","title":"Biddinghuizen, Flevoland, 20-07-2002","date":"2002-07-20","datePrecision":"d","country":"Netherlands","region":"Flevoland","coordSource":"rc","source":"dcca","tags":[]}},{"type":"Feature","geometry":{"type":"Point","coordinates":[0.95,52.67]},"properties":{"id":"90ba375f6643","title":"Aylsham, nr Norwich, Norfolk (reported 2002-07-21)","date":"2002-07-21","datePrecision":"d","country":"United Kingdom","region":"Norfolk","coordSource":"rc","source":"cca"}},{"type":"Feature","geometry":{"type":"Point","coordinates":[-0.85667,51.01428]},"properties":{"id":"44e690abdd0f","title":"Rogate, nr Petersfield, West Sussex (reported 2002-07-21)","date":"2002-07-21","datePrecision":"d","country":"United Kingdom","region":"West Sussex","coordSource":"og","source":"cca"}},{"type":"Feature","geometry":{"type":"Point","coordinates":[-1.31,51.06]},"properties":{"id":"3d106004990d","title":"Beacon Hill, nr Highclere, Hampshire (reported 2002-07-21)","date":"2002-07-21","datePrecision":"d","country":"United Kingdom","region":"Hampshire","coordSource":"rc","source":"cca"}},{"type":"Feature","geometry":{"type":"Point","coordinates":[0.73,51.2]},"properties":{"id":"29420579a6c9","title":"Charing, nr Ashford, Kent (reported 2002-07-21)","date":"2002-07-21","datePrecision":"d","country":"United Kingdom","region":"Kent","coordSource":"rc","source":"cca"}},{"type":"Feature","geometry":{"type":"Point","coordinates":[-0.39197,51.9548]},"properties":{"id":"feb5abb5f92e","title":"Barton Hills, nr Hexton, Hertfordshire (reported 2002-07-22)","date":"2002-07-22","datePrecision":"d","country":"United Kingdom","region":"Hertfordshire","coordSource":"og","source":"cca"}},{"type":"Feature","geometry":{"type":"Point","coordinates":[-1.95,51.32]},"properties":{"id":"3dd52fcf3d48","title":"South Field, nr Alton Priors, Wiltshire (reported 2002-07-22)","date":"2002-07-22","datePrecision":"d","country":"United Kingdom","region":"Wiltshire","coordSource":"rc","source":"cca"}},{"type":"Feature","geometry":{"type":"Point","coordinates":[-2.78276,53.76649]},"properties":{"id":"1af03c094bd9","title":"Lea, Preston, Lancashire (reported 2002-07-23)","date":"2002-07-23","datePrecision":"d","country":"United Kingdom","region":"Lancashire","coordSource":"og","source":"cca"}},{"type":"Feature","geometry":{"type":"Point","coordinates":[-0.24,51.81]},"properties":{"id":"1edfb75f43ef","title":"Latton Park, nr Harlow, Hertfordshire (reported 2002-07-23)","date":"2002-07-23","datePrecision":"d","country":"United Kingdom","region":"Hertfordshire","coordSource":"rc","source":"cca"}},{"type":"Feature","geometry":{"type":"Point","coordinates":[4.87,52.6]},"properties":{"id":"d77da66271ad","title":"Groote Keeten, Noord Holland, 24-07-2002","date":"2002-07-24","datePrecision":"d","country":"Netherlands","region":"Noord Holland","coordSource":"rc","source":"dcca","tags":["circle"]}},{"type":"Feature","geometry":{"type":"Point","coordinates":[-1.95,51.32]},"properties":{"id":"14f8180df9d5","title":"Barbury Castle, nr Wroughton, Wiltshire (reported 2002-07-24)","date":"2002-07-24","datePrecision":"d","country":"United Kingdom","region":"Wiltshire","coordSource":"rc","source":"cca"}},{"type":"Feature","geometry":{"type":"Point","coordinates":[-89.2,40.04]},"properties":{"id":"209f162e1144","title":"Naperville, Du Page County (July 26, 2002)","date":"2002-07-26","datePrecision":"d","country":"United States","region":"Illinois","coordSource":"rc","source":"iccra","tags":["ring"]}},{"type":"Feature","geometry":{"type":"Point","coordinates":[-0.59926,51.84056]},"properties":{"id":"cf2cef7bd69b","title":"Ivinghoe Beacon, nr Dunstable, Buckinghamshire (reported 2002-07-26)","date":"2002-07-26","datePrecision":"d","country":"United Kingdom","region":"Buckinghamshire","coordSource":"og","source":"cca"}},{"type":"Feature","geometry":{"type":"Point","coordinates":[-1.95,51.32]},"properties":{"id":"d83612adfd68","title":"Stanton Bridge, nr Honey Street, Wiltshire (reported 2002-07-26)","date":"2002-07-26","datePrecision":"d","country":"United Kingdom","region":"Wiltshire","coordSource":"rc","source":"cca"}},{"type":"Feature","geometry":{"type":"Point","coordinates":[-1.35,53.45]},"properties":{"id":"9d100e01b11f","title":"Gilroyd, nr Dodworth, South Yorkshire (reported 2002-07-27)","date":"2002-07-27","datePrecision":"d","country":"United Kingdom","region":"South Yorkshire","coordSource":"rc","source":"cca"}},{"type":"Feature","geometry":{"type":"Point","coordinates":[-1.35,53.45]},"properties":{"id":"7f931d8e61b7","title":"Gilroyd, nr Dodworth, South Yorkshire (reported 2002-07-27)","date":"2002-07-27","datePrecision":"d","country":"United Kingdom","region":"South Yorkshire","coordSource":"rc","source":"cca"}},{"type":"Feature","geometry":{"type":"Point","coordinates":[-1.95,51.32]},"properties":{"id":"5675a183696e","title":"West Overton Village, nr Avebury, Wiltshire (reported 2002-07-28)","date":"2002-07-28","datePrecision":"d","country":"United Kingdom","region":"Wiltshire","coordSource":"rc","source":"cca"}},{"type":"Feature","geometry":{"type":"Point","coordinates":[-1.95,51.32]},"properties":{"id":"8971da293e1e","title":"Etchilhampton Hill, nr Devizes, Wiltshire (reported 2002-07-28)","date":"2002-07-28","datePrecision":"d","country":"United Kingdom","region":"Wiltshire","coordSource":"rc","source":"cca"}},{"type":"Feature","geometry":{"type":"Point","coordinates":[-1.31,51.06]},"properties":{"id":"38fee8aae435","title":"A303 Andover By-Pass, Hampshire (reported 2002-07-28)","date":"2002-07-28","datePrecision":"d","country":"United Kingdom","region":"Hampshire","coordSource":"rc","source":"cca"}},{"type":"Feature","geometry":{"type":"Point","coordinates":[-1.95,51.32]},"properties":{"id":"d8ae1904c54a","title":"The Gallops, nr Beckhampton, Wiltshire (reported 2002-07-28)","date":"2002-07-28","datePrecision":"d","country":"United Kingdom","region":"Wiltshire","coordSource":"rc","source":"cca"}},{"type":"Feature","geometry":{"type":"Point","coordinates":[-1.95,51.32]},"properties":{"id":"46dc6c9aa2f2","title":"Avebury Stone Circle (2), nr Avebury, Wiltshire (reported 2002-07-28)","date":"2002-07-28","datePrecision":"d","country":"United Kingdom","region":"Wiltshire","coordSource":"rc","source":"cca"}},{"type":"Feature","geometry":{"type":"Point","coordinates":[6.74,53.26]},"properties":{"id":"d9e671a89cd7","title":"Stadskanaal (1), Groningen, 30-07-2002","date":"2002-07-30","datePrecision":"d","country":"Netherlands","region":"Groningen","coordSource":"rc","source":"dcca","tags":["circle","pathway","ring"]}},{"type":"Feature","geometry":{"type":"Point","coordinates":[6.74,53.26]},"properties":{"id":"404d9db08543","title":"Veenhuizen, Groningen, 31-07-2002","date":"2002-07-31","datePrecision":"d","country":"Netherlands","region":"Groningen","coordSource":"rc","source":"dcca","tags":[]}},{"type":"Feature","geometry":{"type":"Point","coordinates":[-75.53,42.95]},"properties":{"id":"b395057031ee","title":"Amherst, Erie County (July 31, 2002)","date":"2002-07-31","datePrecision":"d","country":"United States","region":"New York","coordSource":"rc","source":"iccra","tags":["circle"]}},{"type":"Feature","geometry":{"type":"Point","coordinates":[-109.63,47.05]},"properties":{"id":"08b63c36ce90","title":"USDA Fort Keogh Livestock and Range Research Laboratory, Miles City, Custer County (August 2002)","date":"2002-08","datePrecision":"m","country":"United States","region":"Montana","coordSource":"rc","source":"iccra","tags":["pictogram"]}},{"type":"Feature","geometry":{"type":"Point","coordinates":[-1.95,51.32]},"properties":{"id":"3e9804b506d6","title":"Windmill Hill (2), nr Avebury, Wiltshire (reported 2002-08-02)","date":"2002-08-02","datePrecision":"d","country":"United Kingdom","region":"Wiltshire","coordSource":"rc","source":"cca"}},{"type":"Feature","geometry":{"type":"Point","coordinates":[-1.27,51.76]},"properties":{"id":"ca0092244763","title":"Uffington White Horse (2), nr Woolstone, Oxfordshire (reported 2002-08-03)","date":"2002-08-03","datePrecision":"d","country":"United Kingdom","region":"Oxfordshire","coordSource":"rc","source":"cca"}},{"type":"Feature","geometry":{"type":"Point","coordinates":[5.94,52.06]},"properties":{"id":"8f02603572f9","title":"Terwolde, Gelderland, 04-08-2002","date":"2002-08-04","datePrecision":"d","country":"Netherlands","region":"Gelderland","coordSource":"rc","source":"dcca","tags":["circle"]}},{"type":"Feature","geometry":{"type":"Point","coordinates":[6.62,52.86]},"properties":{"id":"42b7f8911eb7","title":"Emmen, Drenthe, 04-08-2002","date":"2002-08-04","datePrecision":"d","country":"Netherlands","region":"Drenthe","coordSource":"rc","source":"dcca","tags":[]}},{"type":"Feature","geometry":{"type":"Point","coordinates":[-69.24,45.37]},"properties":{"id":"dd2812b13151","title":"Pittston / Gardiner, Kennebec County (August 4, 2002)","date":"2002-08-04","datePrecision":"d","country":"United States","region":"Maine","coordSource":"rc","source":"iccra","tags":["circle"]}},{"type":"Feature","geometry":{"type":"Point","coordinates":[-2.15,51.85]},"properties":{"id":"ad46ea783811","title":"Avon Walkway, nr Bitton, South Gloucestershire (reported 2002-08-04)","date":"2002-08-04","datePrecision":"d","country":"United Kingdom","region":"South Gloucestershire","coordSource":"rc","source":"cca"}},{"type":"Feature","geometry":{"type":"Point","coordinates":[-1.95,51.32]},"properties":{"id":"671945dfa319","title":"Chirton, Nr Devizes, Wiltshire (reported 2002-08-07)","date":"2002-08-07","datePrecision":"d","country":"United Kingdom","region":"Wiltshire","coordSource":"rc","source":"cca"}},{"type":"Feature","geometry":{"type":"Point","coordinates":[5.94,51.21]},"properties":{"id":"a34d97fb40c6","title":"Wittem, Limburg, 09-08-2002","date":"2002-08-09","datePrecision":"d","country":"Netherlands","region":"Limburg","coordSource":"rc","source":"dcca","tags":["circle","ring"]}},{"type":"Feature","geometry":{"type":"Point","coordinates":[5.6,52.53]},"properties":{"id":"a057ecc8caef","title":"Lelystad, Flevoland, 09-08-2002","date":"2002-08-09","datePrecision":"d","country":"Netherlands","region":"Flevoland","coordSource":"rc","source":"dcca","tags":[]}},{"type":"Feature","geometry":{"type":"Point","coordinates":[-93.5,42.08]},"properties":{"id":"a560a25d1751","title":"Montour, Tama County (August 9, 2002)","date":"2002-08-09","datePrecision":"d","country":"United States","region":"Iowa","coordSource":"rc","source":"iccra","tags":["circle","pathway"]}},{"type":"Feature","geometry":{"type":"Point","coordinates":[-75.53,42.95]},"properties":{"id":"a95122eea4b8","title":"[unknown], Steuben County (August 9, 2002)","date":"2002-08-09","datePrecision":"d","country":"United States","region":"New York","coordSource":"rc","source":"iccra","tags":["circle","ring"]}},{"type":"Feature","geometry":{"type":"Point","coordinates":[-114.61,44.35]},"properties":{"id":"39a9c9708b2f","title":"Teton, Teton County (August 10, 2002)","date":"2002-08-10","datePrecision":"d","country":"United States","region":"Idaho","coordSource":"rc","source":"iccra","tags":["circle","cross"]}},{"type":"Feature","geometry":{"type":"Point","coordinates":[-119.47,37.18]},"properties":{"id":"1f326e627115","title":"Fresno, Fresno County (August 11, 2002)","date":"2002-08-11","datePrecision":"d","country":"United States","region":"California","coordSource":"rc","source":"iccra","tags":[]}},{"type":"Feature","geometry":{"type":"Point","coordinates":[-1.95,51.32]},"properties":{"id":"3e2c2f562d57","title":"Wabi Farm, nr Etchilhampton, Wiltshire (reported 2002-08-11)","date":"2002-08-11","datePrecision":"d","country":"United Kingdom","region":"Wiltshire","coordSource":"rc","source":"cca"}},{"type":"Feature","geometry":{"type":"Point","coordinates":[-1.95,51.32]},"properties":{"id":"1c131452207c","title":"Nursteed, nr Devizes, Wiltshire (reported 2002-08-11)","date":"2002-08-11","datePrecision":"d","country":"United Kingdom","region":"Wiltshire","coordSource":"rc","source":"cca"}},{"type":"Feature","geometry":{"type":"Point","coordinates":[0.55,51.77]},"properties":{"id":"9beedb19b8dd","title":"Layer de la Haye, nr Colchester, Essex (reported 2002-08-11)","date":"2002-08-11","datePrecision":"d","country":"United Kingdom","region":"Essex","coordSource":"rc","source":"cca"}},{"type":"Feature","geometry":{"type":"Point","coordinates":[-1.95,51.32]},"properties":{"id":"44caaa7a7a5b","title":"East field(3), nr Alton Barnes. Wiltshire (reported 2002-08-14)","date":"2002-08-14","datePrecision":"d","country":"United Kingdom","region":"nr Alton Barnes. Wiltshire","coordSource":"rc","source":"cca"}},{"type":"Feature","geometry":{"type":"Point","coordinates":[-1.31,51.06]},"properties":{"id":"46021b6c47d2","title":"Crabwood Farm House, nr Winchester, Hampshire (reported 2002-08-15)","date":"2002-08-15","datePrecision":"d","country":"United Kingdom","region":"Hampshire","coordSource":"rc","source":"cca"}},{"type":"Feature","geometry":{"type":"Point","coordinates":[-1.95,51.32]},"properties":{"id":"d8e65824deb5","title":"West Stowell, nr Pewsey, Wiltshire (reported 2002-08-15)","date":"2002-08-15","datePrecision":"d","country":"United Kingdom","region":"Wiltshire","coordSource":"rc","source":"cca"}},{"type":"Feature","geometry":{"type":"Point","coordinates":[-1.31,51.06]},"properties":{"id":"2c8650bacc96","title":"Winchester, Hampshire (reported 2002-08-15)","date":"2002-08-15","datePrecision":"d","country":"United Kingdom","region":"Hampshire","coordSource":"rc","source":"cca"}},{"type":"Feature","geometry":{"type":"Point","coordinates":[-74.67,40.19]},"properties":{"id":"fbda2581f5a1","title":"Colts Neck, Monmouth County (August 16, 2002)","date":"2002-08-16","datePrecision":"d","country":"United States","region":"New Jersey","coordSource":"rc","source":"iccra","tags":["circle","dumbbell","ring"]}},{"type":"Feature","geometry":{"type":"Point","coordinates":[-1.95,51.32]},"properties":{"id":"73512aa8662f","title":"The Ridgeway(2), nr Avebury, Wiltshire (reported 2002-08-18)","date":"2002-08-18","datePrecision":"d","country":"United Kingdom","region":"Wiltshire","coordSource":"rc","source":"cca"}},{"type":"Feature","geometry":{"type":"Point","coordinates":[-1.95,51.32]},"properties":{"id":"a0362a974350","title":"The Ridgeway(1), nr Avebury, Wiltshire (reported 2002-08-18)","date":"2002-08-18","datePrecision":"d","country":"United Kingdom","region":"Wiltshire","coordSource":"rc","source":"cca"}},{"type":"Feature","geometry":{"type":"Point","coordinates":[0.25,50.93]},"properties":{"id":"cc54a742b2c2","title":"Woodingdean, nr Brighton, East Sussex (reported 2002-08-21)","date":"2002-08-21","datePrecision":"d","country":"United Kingdom","region":"East Sussex","coordSource":"rc","source":"cca"}},{"type":"Feature","geometry":{"type":"Point","coordinates":[-1.95,51.32]},"properties":{"id":"dc4545ce029d","title":"Beckhampton, nr Avebury, Wiltshire (reported 2002-08-26)","date":"2002-08-26","datePrecision":"d","country":"United Kingdom","region":"Wiltshire","coordSource":"rc","source":"cca"}},{"type":"Feature","geometry":{"type":"Point","coordinates":[-85.41,44.35]},"properties":{"id":"f06c5dc7f58d","title":"Eaton Rapids, Eaton County (August 27, 2002)","date":"2002-08-27","datePrecision":"d","country":"United States","region":"Michigan","coordSource":"rc","source":"iccra","tags":["circle","dumbbell","pathway"]}},{"type":"Feature","geometry":{"type":"Point","coordinates":[-1.95,51.32]},"properties":{"id":"469d475fa20a","title":"atCrooked Soley, nr Hungerford, Wiltshire (reported 2002-08-28)","date":"2002-08-28","datePrecision":"d","country":"United Kingdom","region":"Wiltshire","coordSource":"rc","source":"cca"}},{"type":"Feature","geometry":{"type":"Point","coordinates":[-114.61,44.35]},"properties":{"id":"261d33411a62","title":"Tyhee, BannockCounty (September 3, 2002)","date":"2002-09-03","datePrecision":"d","country":"United States","region":"Idaho","coordSource":"rc","source":"iccra","tags":["circle","pictogram"]}},{"type":"Feature","geometry":{"type":"Point","coordinates":[-85.41,44.35]},"properties":{"id":"baf6d697d0f2","title":"Albion, Calhoun County (September 29, 2002)","date":"2002-09-29","datePrecision":"d","country":"United States","region":"Michigan","coordSource":"rc","source":"iccra","tags":[]}},{"type":"Feature","geometry":{"type":"Point","coordinates":[-99.8,41.54]},"properties":{"id":"52340c4b60ef","title":"Lincoln, Lancaster County (October 3, 2002)","date":"2002-10-03","datePrecision":"d","country":"United States","region":"Nebraska","coordSource":"rc","source":"iccra","tags":["circle","cross"]}},{"type":"Feature","geometry":{"type":"Point","coordinates":[-85.41,44.35]},"properties":{"id":"7a58ed40e352","title":"Freemont Township / Hemlock, Saginaw County (October 9, 2002)","date":"2002-10-09","datePrecision":"d","country":"United States","region":"Michigan","coordSource":"rc","source":"iccra","tags":["circle"]}},{"type":"Feature","geometry":{"type":"Point","coordinates":[-120.45,47.38]},"properties":{"id":"b3128ff96067","title":"Snohomish County (Fall, 2003)","date":"2003","datePrecision":"y","country":"United States","region":"Washington","coordSource":"rc","source":"iccra","tags":[]}},{"type":"Feature","geometry":{"type":"Point","coordinates":[-72.73,41.62]},"properties":{"id":"98999d5e16c9","title":"Norwalk, Fairfield County (March 11, 2003)","date":"2003-03-11","datePrecision":"d","country":"United States","region":"Connecticut","coordSource":"rc","source":"iccra","tags":["ring"]}},{"type":"Feature","geometry":{"type":"Point","coordinates":[-92.46,38.35]},"properties":{"id":"c7943cd03961","title":"Defiance, Charles County (April 15, 2003)","date":"2003-04-15","datePrecision":"d","country":"United States","region":"Missouri","coordSource":"rc","source":"iccra","tags":[]}},{"type":"Feature","geometry":{"type":"Point","coordinates":[-1.05729,51.03316]},"properties":{"id":"f62e4c397010","title":"Privett, nr West Meon, Hampshire (reported 2003-04-20)","date":"2003-04-20","datePrecision":"d","country":"United Kingdom","region":"Hampshire","coordSource":"og","source":"cca"}},{"type":"Feature","geometry":{"type":"Point","coordinates":[-1.95,51.32]},"properties":{"id":"6bbfa2fff49a","title":"Woodway Bridge, nr All Cannings, Wiltshire (reported 2003-04-26)","date":"2003-04-26","datePrecision":"d","country":"United Kingdom","region":"Wiltshire","coordSource":"rc","source":"cca"}},{"type":"Feature","geometry":{"type":"Point","coordinates":[0.25,50.93]},"properties":{"id":"bc45157c02cc","title":"Cliffe Hill, Nr Lewes, East Sussex (reported 2003-04-26)","date":"2003-04-26","datePrecision":"d","country":"United Kingdom","region":"East Sussex","coordSource":"rc","source":"cca"}},{"type":"Feature","geometry":{"type":"Point","coordinates":[-1.95,51.32]},"properties":{"id":"faeb5968ecf0","title":"Woodway Bridge, nr All Cannings, Wiltshire (reported 2003-04-26)","date":"2003-04-26","datePrecision":"d","country":"United Kingdom","region":"Wiltshire","coordSource":"rc","source":"cca"}},{"type":"Feature","geometry":{"type":"Point","coordinates":[-92.44,34.89]},"properties":{"id":"b2fad5d6a684","title":"[Unknown], (May 2003)","date":"2003-05","datePrecision":"m","country":"United States","region":"Arkansas","coordSource":"rc","source":"iccra","tags":["circle","ring"]}},{"type":"Feature","geometry":{"type":"Point","coordinates":[-85.3,37.53]},"properties":{"id":"b707b58aabad","title":"Hill Top / Flemingsburg, Fleming County (May, 2003)","date":"2003-05","datePrecision":"m","country":"United States","region":"Kentucky","coordSource":"rc","source":"iccra","tags":["circle"]}},{"type":"Feature","geometry":{"type":"Point","coordinates":[-80.9,33.92]},"properties":{"id":"6338bdad8d44","title":"Anderson, Anderson County (May 5, 2003)","date":"2003-05-05","datePrecision":"d","country":"United States","region":"South Carolina","coordSource":"rc","source":"iccra","tags":[]}},{"type":"Feature","geometry":{"type":"Point","coordinates":[5.2,51.56]},"properties":{"id":"9342208d5335","title":"Hoeven, Noord Brabant, 06-05-2003","date":"2003-05-06","datePrecision":"d","country":"Netherlands","region":"Noord Brabant","coordSource":"rc","source":"dcca","tags":["circle"]}},{"type":"Feature","geometry":{"type":"Point","coordinates":[0.25,50.93]},"properties":{"id":"57e5f8bab229","title":"Newmarket Hill, nr Woodingdean, East Sussex (reported 2003-05-14)","date":"2003-05-14","datePrecision":"d","country":"United Kingdom","region":"East Sussex","coordSource":"rc","source":"cca"}},{"type":"Feature","geometry":{"type":"Point","coordinates":[-71.81,42.26]},"properties":{"id":"287addb0ef19","title":"Northfield, Franklin County (May 19, 2003)","date":"2003-05-19","datePrecision":"d","country":"United States","region":"Massachusetts","coordSource":"rc","source":"iccra","tags":["circle"]}},{"type":"Feature","geometry":{"type":"Point","coordinates":[-76.8,39.06]},"properties":{"id":"026e62134227","title":"Easton / Hills Point/ Roe, Talbot County (May 20, 2003)","date":"2003-05-20","datePrecision":"d","country":"United States","region":"Maryland","coordSource":"rc","source":"iccra","tags":[]}},{"type":"Feature","geometry":{"type":"Point","coordinates":[-1.82312,51.40639]},"properties":{"id":"da332d8d5d63","title":"West Overton, nr Avebury, Wiltshire (reported 2003-05-21)","date":"2003-05-21","datePrecision":"d","country":"United Kingdom","region":"Wiltshire","coordSource":"og","source":"cca"}},{"type":"Feature","geometry":{"type":"Point","coordinates":[-98.38,38.49]},"properties":{"id":"fd6d3d8d37ea","title":"Haysville / Viola / Conway Springs, Sedgewick / Sumner Counties (May 23, 2003)","date":"2003-05-23","datePrecision":"d","country":"United States","region":"Kansas","coordSource":"rc","source":"iccra","tags":[]}},{"type":"Feature","geometry":{"type":"Point","coordinates":[-99.33,31.48]},"properties":{"id":"2cbe78ef5abf","title":"Lone Star, Morris County (May 24, 2003)","date":"2003-05-24","datePrecision":"d","country":"United States","region":"Texas","coordSource":"rc","source":"iccra","tags":["circle","star"]}},{"type":"Feature","geometry":{"type":"Point","coordinates":[-77.8,40.88]},"properties":{"id":"ea255ef07b1f","title":"Lancaster County (May 25, 2003)","date":"2003-05-25","datePrecision":"d","country":"United States","region":"Pennsylvania","coordSource":"rc","source":"iccra","tags":[]}},{"type":"Feature","geometry":{"type":"Point","coordinates":[0.25,50.93]},"properties":{"id":"e5df5bdb8144","title":"Newmarket Hill (2), nr Woodingdean, East Sussex (reported 2003-05-25)","date":"2003-05-25","datePrecision":"d","country":"United Kingdom","region":"East Sussex","coordSource":"rc","source":"cca"}},{"type":"Feature","geometry":{"type":"Point","coordinates":[-92,31.07]},"properties":{"id":"48d69f44bae9","title":"Shreveport, Caddo County (May 26, 2003)","date":"2003-05-26","datePrecision":"d","country":"United States","region":"Louisiana","coordSource":"rc","source":"iccra","tags":["circle"]}},{"type":"Feature","geometry":{"type":"Point","coordinates":[-74.67,40.19]},"properties":{"id":"0b64d1f5ad59","title":"Upper/Lower Mount Bethel Township, Northampton County (May 26, 2003)","date":"2003-05-26","datePrecision":"d","country":"United States","region":"New Jersey","coordSource":"rc","source":"iccra","tags":[]}},{"type":"Feature","geometry":{"type":"Point","coordinates":[-78.85,37.52]},"properties":{"id":"f8f8bc385e4a","title":"Virginia Tech University, Blacksburg, Montgomery County (May 27, 2003)","date":"2003-05-27","datePrecision":"d","country":"United States","region":"Virgina","coordSource":"rc","source":"iccra","tags":[]}},{"type":"Feature","geometry":{"type":"Point","coordinates":[-0.33689,50.83897]},"properties":{"id":"ea2048ab7664","title":"Halewick Lane, Sompting, Nr Worthing, West Sussex (reported 2003-06-01)","date":"2003-06-01","datePrecision":"d","country":"United Kingdom","region":"West Sussex","coordSource":"og","source":"cca"}},{"type":"Feature","geometry":{"type":"Point","coordinates":[0.25,50.93]},"properties":{"id":"d7b627c94c93","title":"Ringmer, nr Lewes, East Sussex (reported 2003-06-02)","date":"2003-06-02","datePrecision":"d","country":"United Kingdom","region":"East Sussex","coordSource":"rc","source":"cca"}},{"type":"Feature","geometry":{"type":"Point","coordinates":[-0.35851,51.95434]},"properties":{"id":"64de0c478a10","title":"Deacon Hill, nr Pegsdon, Hertfordshire (reported 2003-06-05)","date":"2003-06-05","datePrecision":"d","country":"United Kingdom","region":"Hertfordshire","coordSource":"og","source":"cca"}},{"type":"Feature","geometry":{"type":"Point","coordinates":[-1.95,51.32]},"properties":{"id":"af662a685065","title":"Windmill Hill, nr Avebury, Wiltshire (reported 2003-06-07)","date":"2003-06-07","datePrecision":"d","country":"United Kingdom","region":"Wiltshire","coordSource":"rc","source":"cca"}},{"type":"Feature","geometry":{"type":"Point","coordinates":[-92.44,34.89]},"properties":{"id":"fea6f14fe471","title":"Knobel, Clay County (June 8, 2003)","date":"2003-06-08","datePrecision":"d","country":"United States","region":"Arkansas","coordSource":"rc","source":"iccra","tags":["circle","fractal"]}},{"type":"Feature","geometry":{"type":"Point","coordinates":[-1.58,52.28]},"properties":{"id":"1a936d2959b3","title":"kenilworth castle, nr kenilworth, Warwickshire (reported 2003-06-08)","date":"2003-06-08","datePrecision":"d","country":"United Kingdom","region":"Warwickshire","coordSource":"rc","source":"cca"}},{"type":"Feature","geometry":{"type":"Point","coordinates":[5.2,51.56]},"properties":{"id":"57453a731e37","title":"Hoeven (2), Noord Brabant, 12-06-2003","date":"2003-06-12","datePrecision":"d","country":"Netherlands","region":"Noord Brabant","coordSource":"rc","source":"dcca","tags":["circle"]}},{"type":"Feature","geometry":{"type":"Point","coordinates":[-75.53,42.95]},"properties":{"id":"a70f7d1f080e","title":"Saratoga Springs, Saratoga County (June 12, 2003)","date":"2003-06-12","datePrecision":"d","country":"United States","region":"New York","coordSource":"rc","source":"iccra","tags":[]}},{"type":"Feature","geometry":{"type":"Point","coordinates":[-78.85,37.52]},"properties":{"id":"77953c633389","title":"Prince George County (June 12, 2003)","date":"2003-06-12","datePrecision":"d","country":"United States","region":"Virgina","coordSource":"rc","source":"iccra","tags":["circle","key-claw"]}},{"type":"Feature","geometry":{"type":"Point","coordinates":[0.25,50.93]},"properties":{"id":"4f72f13b082b","title":"Houndean Bottom, nr Lewes, East Sussex (reported 2003-06-14)","date":"2003-06-14","datePrecision":"d","country":"United Kingdom","region":"East Sussex","coordSource":"rc","source":"cca"}},{"type":"Feature","geometry":{"type":"Point","coordinates":[-1.87728,51.36609]},"properties":{"id":"e552a813680c","title":"Clifford's Hill, All Cannings, Wiltshire (reported 2003-06-15)","date":"2003-06-15","datePrecision":"d","country":"United Kingdom","region":"Wiltshire","coordSource":"og","source":"cca"}},{"type":"Feature","geometry":{"type":"Point","coordinates":[-1.95,51.32]},"properties":{"id":"d7ab132e8295","title":"Ogbourne St George, Nr Marlborough, Wiltshire (reported 2003-06-15)","date":"2003-06-15","datePrecision":"d","country":"United Kingdom","region":"Wiltshire","coordSource":"rc","source":"cca"}},{"type":"Feature","geometry":{"type":"Point","coordinates":[5.2,51.56]},"properties":{"id":"9783ec9ce934","title":"Hoeven (3), Noord Brabant, 17-06-2003","date":"2003-06-17","datePrecision":"d","country":"Netherlands","region":"Noord Brabant","coordSource":"rc","source":"dcca","tags":["circle"]}},{"type":"Feature","geometry":{"type":"Point","coordinates":[-0.32178,51.96371]},"properties":{"id":"2f57a7eb7f09","title":"Highdown Farm, nr Pirton, Hertfordshire (reported 2003-06-17)","date":"2003-06-17","datePrecision":"d","country":"United Kingdom","region":"Hertfordshire","coordSource":"og","source":"cca"}},{"type":"Feature","geometry":{"type":"Point","coordinates":[-1.95,51.32]},"properties":{"id":"64ca32b82c87","title":"Milk Hill, nr Alton Barnes, Wiltshire (reported 2003-06-17)","date":"2003-06-17","datePrecision":"d","country":"United Kingdom","region":"Wiltshire","coordSource":"rc","source":"cca"}},{"type":"Feature","geometry":{"type":"Point","coordinates":[-1.87335,51.43784]},"properties":{"id":"618ad9772b79","title":"Windmill Hill (2), nr Avebury, Wiltshire (reported 2003-06-19)","date":"2003-06-19","datePrecision":"d","country":"United Kingdom","region":"Wiltshire","coordSource":"og","source":"cca"}},{"type":"Feature","geometry":{"type":"Point","coordinates":[-1.88328,51.43578]},"properties":{"id":"2ed936d03935","title":"Windmill Hill (2), nr Avebury, Wiltshire (reported 2003-06-19)","date":"2003-06-19","datePrecision":"d","country":"United Kingdom","region":"Wiltshire","coordSource":"og","source":"cca"}},{"type":"Feature","geometry":{"type":"Point","coordinates":[0.73,51.2]},"properties":{"id":"8021e5ab1264","title":"Coldrum Stones, nr Trottiscliffe, Kent (reported 2003-06-21)","date":"2003-06-21","datePrecision":"d","country":"United Kingdom","region":"Kent","coordSource":"rc","source":"cca"}},{"type":"Feature","geometry":{"type":"Point","coordinates":[-1.5,54.13]},"properties":{"id":"338e17afa864","title":"Thornborough Henge, nr Ripon, North Yorkshire (reported 2003-06-21)","date":"2003-06-21","datePrecision":"d","country":"United Kingdom","region":"North Yorkshire","coordSource":"rc","source":"cca"}},{"type":"Feature","geometry":{"type":"Point","coordinates":[-1.95,51.32]},"properties":{"id":"87d506741e72","title":"Waden Hill, Avebury, Wiltshire (reported 2003-06-21)","date":"2003-06-21","datePrecision":"d","country":"United Kingdom","region":"Wiltshire","coordSource":"rc","source":"cca"}},{"type":"Feature","geometry":{"type":"Point","coordinates":[-1.95,51.32]},"properties":{"id":"3674ed4409fb","title":"West Overton (2), nr Avebury, Wiltshire (reported 2003-06-22)","date":"2003-06-22","datePrecision":"d","country":"United Kingdom","region":"Wiltshire","coordSource":"rc","source":"cca"}},{"type":"Feature","geometry":{"type":"Point","coordinates":[-1.85989,51.36994]},"properties":{"id":"3563d90ee9d7","title":"Tan Hill, nr Stanton St Bernard, Wiltshire (reported 2003-06-24)","date":"2003-06-24","datePrecision":"d","country":"United Kingdom","region":"Wiltshire","coordSource":"og","source":"cca"}},{"type":"Feature","geometry":{"type":"Point","coordinates":[-1.65,53.75]},"properties":{"id":"050baf8531e9","title":"Sandal Castle, nr Wakefield, West Yorkshire (reported 2003-06-25)","date":"2003-06-25","datePrecision":"d","country":"United Kingdom","region":"West Yorkshire","coordSource":"rc","source":"cca"}},{"type":"Feature","geometry":{"type":"Point","coordinates":[-1.35,53.45]},"properties":{"id":"86c1dfbe4fa7","title":"Ulley, nr Aughton, South Yorkshire (reported 2003-06-26)","date":"2003-06-26","datePrecision":"d","country":"United Kingdom","region":"South Yorkshire","coordSource":"rc","source":"cca"}},{"type":"Feature","geometry":{"type":"Point","coordinates":[-1.95,51.32]},"properties":{"id":"201b6bd02f13","title":"Avebury Manor, nr Avebury, Wiltshire (reported 2003-06-26)","date":"2003-06-26","datePrecision":"d","country":"United Kingdom","region":"Wiltshire","coordSource":"rc","source":"cca"}},{"type":"Feature","geometry":{"type":"Point","coordinates":[-1.35,53.45]},"properties":{"id":"be4b40cc934a","title":"Ulley, nr Aughton, South Yorkshire (reported 2003-06-26)","date":"2003-06-26","datePrecision":"d","country":"United Kingdom","region":"South Yorkshire","coordSource":"rc","source":"cca"}},{"type":"Feature","geometry":{"type":"Point","coordinates":[4.5,52]},"properties":{"id":"48153e4eec08","title":"Krimpen a/d IJssel, Zuid Holland, 28-06-2003","date":"2003-06-28","datePrecision":"d","country":"Netherlands","region":"Zuid Holland","coordSource":"rc","source":"dcca","tags":["circle","cross","pathway"]}},{"type":"Feature","geometry":{"type":"Point","coordinates":[-119.47,37.18]},"properties":{"id":"3064239f6556","title":"Rockville (1), Solano County (June 28, 2003)","date":"2003-06-28","datePrecision":"d","country":"United States","region":"California","coordSource":"rc","source":"iccra","tags":["circle"]}},{"type":"Feature","geometry":{"type":"Point","coordinates":[-119.47,37.18]},"properties":{"id":"c0f266ba203b","title":"Rockville (2), Solano County (June 28, 2003)","date":"2003-06-28","datePrecision":"d","country":"United States","region":"California","coordSource":"rc","source":"iccra","tags":["circle","pathway"]}},{"type":"Feature","geometry":{"type":"Point","coordinates":[-0.42,52.08]},"properties":{"id":"68953a6cabd4","title":"Sharpenhoe, nr Barton Le Clay, Bedfordshire (reported 2003-06-29)","date":"2003-06-29","datePrecision":"d","country":"United Kingdom","region":"Bedfordshire","coordSource":"rc","source":"cca"}},{"type":"Feature","geometry":{"type":"Point","coordinates":[3.85,51.49]},"properties":{"id":"1f0f52d8b5c7","title":"Kapelle (2), Zeeland, Juli 2003","date":"2003-07","datePrecision":"m","country":"Netherlands","region":"Zeeland","coordSource":"rc","source":"dcca","tags":["circle"]}},{"type":"Feature","geometry":{"type":"Point","coordinates":[-89.99,44.62]},"properties":{"id":"6f2aabcaed8e","title":"Mayville, Dodge County (July 2003)","date":"2003-07","datePrecision":"m","country":"United States","region":"Wisconsin","coordSource":"rc","source":"iccra","tags":[]}},{"type":"Feature","geometry":{"type":"Point","coordinates":[-1.95,51.32]},"properties":{"id":"303cbe3568cc","title":"Marlborough, Wiltshire (reported 2003-07-01)","date":"2003-07-01","datePrecision":"d","country":"United Kingdom","region":"Wiltshire","coordSource":"rc","source":"cca"}},{"type":"Feature","geometry":{"type":"Point","coordinates":[-3.75,50.75]},"properties":{"id":"dea4820edb27","title":"Colaton Raleigh, near Exmouth, Devon (reported 2003-07-02)","date":"2003-07-02","datePrecision":"d","country":"United Kingdom","region":"Devon","coordSource":"rc","source":"cca"}},{"type":"Feature","geometry":{"type":"Point","coordinates":[-85.41,44.35]},"properties":{"id":"ade3790da16d","title":"Dexter, Washtenaw County (July 3, 2003)","date":"2003-07-03","datePrecision":"d","country":"United States","region":"Michigan","coordSource":"rc","source":"iccra","tags":["circle"]}},{"type":"Feature","geometry":{"type":"Point","coordinates":[-89.99,44.62]},"properties":{"id":"abca28ee84a2","title":"Mayville / Kekoskee, Dodge County (July 4, 2003)","date":"2003-07-04","datePrecision":"d","country":"United States","region":"Wisconsin","coordSource":"rc","source":"iccra","tags":["circle","crescent"]}},{"type":"Feature","geometry":{"type":"Point","coordinates":[-1.31,51.06]},"properties":{"id":"fc42f52bde84","title":"A34, nr Litchfield, Hampshire (reported 2003-07-04)","date":"2003-07-04","datePrecision":"d","country":"United Kingdom","region":"Hampshire","coordSource":"rc","source":"cca"}},{"type":"Feature","geometry":{"type":"Point","coordinates":[-1.95,51.32]},"properties":{"id":"adb6d62b243b","title":"North Down, nr Beckhampton, Wiltshire (reported 2003-07-06)","date":"2003-07-06","datePrecision":"d","country":"United Kingdom","region":"Wiltshire","coordSource":"rc","source":"cca"}},{"type":"Feature","geometry":{"type":"Point","coordinates":[-119.47,37.18]},"properties":{"id":"423a1a09bc95","title":"Vacaville, Solano County (July 8, 2003)","date":"2003-07-08","datePrecision":"d","country":"United States","region":"California","coordSource":"rc","source":"iccra","tags":[]}},{"type":"Feature","geometry":{"type":"Point","coordinates":[5.2,51.56]},"properties":{"id":"7dcaf5533a7e","title":"Standaardbuiten, Noord Brabant, 09-07-2003","date":"2003-07-09","datePrecision":"d","country":"Netherlands","region":"Noord Brabant","coordSource":"rc","source":"dcca","tags":["circle"]}},{"type":"Feature","geometry":{"type":"Point","coordinates":[-0.86768,53.73044]},"properties":{"id":"2adb5260ee5e","title":"Howdendyke, nr Howden, Yorkshire (reported 2003-07-09)","date":"2003-07-09","datePrecision":"d","country":"United Kingdom","region":"Yorkshire","coordSource":"og","source":"cca"}},{"type":"Feature","geometry":{"type":"Point","coordinates":[-1.31,51.06]},"properties":{"id":"0af0c678e2f3","title":"Dunley, nr Litchfield, Hampshire (reported 2003-07-09)","date":"2003-07-09","datePrecision":"d","country":"United Kingdom","region":"Hampshire","coordSource":"rc","source":"cca"}},{"type":"Feature","geometry":{"type":"Point","coordinates":[-1.31,51.06]},"properties":{"id":"aef11ebb39ec","title":"Litchfield, Hampshire (reported 2003-07-09)","date":"2003-07-09","datePrecision":"d","country":"United Kingdom","region":"Hampshire","coordSource":"rc","source":"cca"}},{"type":"Feature","geometry":{"type":"Point","coordinates":[5.2,51.56]},"properties":{"id":"5627b79aaae1","title":"Oss, Noord Brabant, 10-07-2003","date":"2003-07-10","datePrecision":"d","country":"Netherlands","region":"Noord Brabant","coordSource":"rc","source":"dcca","tags":["circle","ring"]}},{"type":"Feature","geometry":{"type":"Point","coordinates":[-119.47,37.18]},"properties":{"id":"3a6cfb200d50","title":"Fairfield, Solano County (July 11, 2003)","date":"2003-07-11","datePrecision":"d","country":"United States","region":"California","coordSource":"rc","source":"iccra","tags":["circle"]}},{"type":"Feature","geometry":{"type":"Point","coordinates":[-89.99,44.62]},"properties":{"id":"6bf3704d209f","title":"Theresa, Dodge County (July 11, 2003)","date":"2003-07-11","datePrecision":"d","country":"United States","region":"Wisconsin","coordSource":"rc","source":"iccra","tags":[]}},{"type":"Feature","geometry":{"type":"Point","coordinates":[0.47603,51.3291]},"properties":{"id":"f092735c53be","title":"The Pilgrims Way, nr Burham, kent (reported 2003-07-12)","date":"2003-07-12","datePrecision":"d","country":"United Kingdom","region":"kent","coordSource":"og","source":"cca"}},{"type":"Feature","geometry":{"type":"Point","coordinates":[-1.89136,51.42716]},"properties":{"id":"0f29df6f96b2","title":"Avebury Trusloe, Wiltshire (reported 2003-07-13)","date":"2003-07-13","datePrecision":"d","country":"United Kingdom","region":"Wiltshire","coordSource":"og","source":"cca"}},{"type":"Feature","geometry":{"type":"Point","coordinates":[5.6,52.53]},"properties":{"id":"7582577ed8a6","title":"Dronten, Flevoland, 14-07-2003","date":"2003-07-14","datePrecision":"d","country":"Netherlands","region":"Flevoland","coordSource":"rc","source":"dcca","tags":["circle","ring"]}},{"type":"Feature","geometry":{"type":"Point","coordinates":[-1.83541,51.34707]},"properties":{"id":"8cecfea0f6f0","title":"Woodborough Hill, nr Alton Barnes, Wiltshire (reported 2003-07-14)","date":"2003-07-14","datePrecision":"d","country":"United Kingdom","region":"Wiltshire","coordSource":"og","source":"cca"}},{"type":"Feature","geometry":{"type":"Point","coordinates":[-1.85816,51.13893]},"properties":{"id":"6bf058e1ee18","title":"Camp Field (2), Middle Woodford, Wiltshire (reported 2003-07-15)","date":"2003-07-15","datePrecision":"d","country":"United Kingdom","region":"Wiltshire","coordSource":"og","source":"cca"}},{"type":"Feature","geometry":{"type":"Point","coordinates":[6.62,52.86]},"properties":{"id":"d8e5862bda16","title":"Wilhelminaoord (1), Drenthe, 16-07-2003","date":"2003-07-16","datePrecision":"d","country":"Netherlands","region":"Drenthe","coordSource":"rc","source":"dcca","tags":["circle","ring"]}},{"type":"Feature","geometry":{"type":"Point","coordinates":[0.55,51.77]},"properties":{"id":"5afd6fc3c362","title":"East Wick, nr Harlow, Essex (reported 2003-07-16)","date":"2003-07-16","datePrecision":"d","country":"United Kingdom","region":"Essex","coordSource":"rc","source":"cca"}},{"type":"Feature","geometry":{"type":"Point","coordinates":[-2.95,51.09]},"properties":{"id":"a13504cf3f1d","title":"Newbridge, nr Bath, Somerset (reported 2003-07-18)","date":"2003-07-18","datePrecision":"d","country":"United Kingdom","region":"Somerset","coordSource":"rc","source":"cca"}},{"type":"Feature","geometry":{"type":"Point","coordinates":[-1.31,51.06]},"properties":{"id":"ed16ce1e2cd4","title":"Weyhill, nr Andover, Hampshire (reported 2003-07-18)","date":"2003-07-18","datePrecision":"d","country":"United Kingdom","region":"Hampshire","coordSource":"rc","source":"cca"}},{"type":"Feature","geometry":{"type":"Point","coordinates":[-1.95,51.32]},"properties":{"id":"f3886c19e961","title":"Firs Farm, nr Beckhampton, Wiltshire (reported 2003-07-19)","date":"2003-07-19","datePrecision":"d","country":"United Kingdom","region":"Wiltshire","coordSource":"rc","source":"cca"}},{"type":"Feature","geometry":{"type":"Point","coordinates":[-1.31,51.06]},"properties":{"id":"47bd28ff342c","title":"West Tisted, nr The Meon Hut, Hampshire (reported 2003-07-20)","date":"2003-07-20","datePrecision":"d","country":"United Kingdom","region":"Hampshire","coordSource":"rc","source":"cca"}},{"type":"Feature","geometry":{"type":"Point","coordinates":[-1.95,51.32]},"properties":{"id":"eda8a9440177","title":"West Stowell, nr Huish, Wiltshire (reported 2003-07-20)","date":"2003-07-20","datePrecision":"d","country":"United Kingdom","region":"Wiltshire","coordSource":"rc","source":"cca"}},{"type":"Feature","geometry":{"type":"Point","coordinates":[-1.95,51.32]},"properties":{"id":"a29d46559b8c","title":"Hackpen Hill, nr Winterbourne Bassett, Wilshire (reported 2003-07-20)","date":"2003-07-20","datePrecision":"d","country":"United Kingdom","region":"Wilshire","coordSource":"rc","source":"cca"}},{"type":"Feature","geometry":{"type":"Point","coordinates":[6.62,52.86]},"properties":{"id":"c50d9dd0e633","title":"Wilhelminaoord (2), Drenthe, 22-07-2003","date":"2003-07-22","datePrecision":"d","country":"Netherlands","region":"Drenthe","coordSource":"rc","source":"dcca","tags":["circle","ring"]}},{"type":"Feature","geometry":{"type":"Point","coordinates":[-1.95,51.32]},"properties":{"id":"fbccd63470cc","title":"Lurkeley Hill, nr West Overton, Wiltshire (reported 2003-07-22)","date":"2003-07-22","datePrecision":"d","country":"United Kingdom","region":"Wiltshire","coordSource":"rc","source":"cca"}},{"type":"Feature","geometry":{"type":"Point","coordinates":[0.25,50.93]},"properties":{"id":"d41d2094b8cd","title":"Tegdown Hill, Patcham, nr Brighton, East Sussex (reported 2003-07-22)","date":"2003-07-22","datePrecision":"d","country":"United Kingdom","region":"East Sussex","coordSource":"rc","source":"cca"}},{"type":"Feature","geometry":{"type":"Point","coordinates":[-1.82027,51.3992]},"properties":{"id":"4cd7046fac47","title":"Lurkeley Hill, nr West Overton, Wiltshire (reported 2003-07-22)","date":"2003-07-22","datePrecision":"d","country":"United Kingdom","region":"Wiltshire","coordSource":"og","source":"cca"}},{"type":"Feature","geometry":{"type":"Point","coordinates":[-1.95,51.32]},"properties":{"id":"37e853ba68ed","title":"Scrope Wood, nr Marlborough, Wiltshire (reported 2003-07-22)","date":"2003-07-22","datePrecision":"d","country":"United Kingdom","region":"Wiltshire","coordSource":"rc","source":"cca"}},{"type":"Feature","geometry":{"type":"Point","coordinates":[-1.31,51.06]},"properties":{"id":"78ccf39a74d2","title":"Stephen's Castle Down, Nr Chorhampton, Hampshire (reported 2003-07-23)","date":"2003-07-23","datePrecision":"d","country":"United Kingdom","region":"Hampshire","coordSource":"rc","source":"cca"}},{"type":"Feature","geometry":{"type":"Point","coordinates":[-1.80734,51.39738]},"properties":{"id":"e4ba26f73422","title":"West Woods, nr West Overton, Wiltshire (reported 2003-07-23)","date":"2003-07-23","datePrecision":"d","country":"United Kingdom","region":"Wiltshire","coordSource":"og","source":"cca"}},{"type":"Feature","geometry":{"type":"Point","coordinates":[-85.41,44.35]},"properties":{"id":"a6c02c0ed6d3","title":"Howell Township, Livingston County (July 24, 2003)","date":"2003-07-24","datePrecision":"d","country":"United States","region":"Michigan","coordSource":"rc","source":"iccra","tags":["circle"]}},{"type":"Feature","geometry":{"type":"Point","coordinates":[-1.95,51.32]},"properties":{"id":"4d9444aaef28","title":"Woodborough Hill (2), nr Alton Barnes, Wiltshire (reported 2003-07-24)","date":"2003-07-24","datePrecision":"d","country":"United Kingdom","region":"Wiltshire","coordSource":"rc","source":"cca"}},{"type":"Feature","geometry":{"type":"Point","coordinates":[-1.95,51.32]},"properties":{"id":"72ad545ebcb8","title":"Field Barn, nr Berwick Bassett, Wiltshire (reported 2003-07-24)","date":"2003-07-24","datePrecision":"d","country":"United Kingdom","region":"Wiltshire","coordSource":"rc","source":"cca"}},{"type":"Feature","geometry":{"type":"Point","coordinates":[-1.95,51.32]},"properties":{"id":"5a25e62dbecc","title":"Broad Hinton, nr Winterbourne Bassett, Wiltshire (reported 2003-07-24)","date":"2003-07-24","datePrecision":"d","country":"United Kingdom","region":"Wiltshire","coordSource":"rc","source":"cca"}},{"type":"Feature","geometry":{"type":"Point","coordinates":[0.49591,51.32509]},"properties":{"id":"82d474f57ceb","title":"Kit's Coty, nr Burham, Kent (reported 2003-07-26)","date":"2003-07-26","datePrecision":"d","country":"United Kingdom","region":"Kent","coordSource":"og","source":"cca"}},{"type":"Feature","geometry":{"type":"Point","coordinates":[5.2,51.56]},"properties":{"id":"adc14083399e","title":"Uppel, Noord Brabant, 27-07-2003","date":"2003-07-27","datePrecision":"d","country":"Netherlands","region":"Noord Brabant","coordSource":"rc","source":"dcca","tags":["circle"]}},{"type":"Feature","geometry":{"type":"Point","coordinates":[3.85,51.49]},"properties":{"id":"5f606b06e26c","title":"Kapelle, Zeeland, 28-07-2003","date":"2003-07-28","datePrecision":"d","country":"Netherlands","region":"Zeeland","coordSource":"rc","source":"dcca","tags":["circle","ring"]}},{"type":"Feature","geometry":{"type":"Point","coordinates":[-0.43,50.95]},"properties":{"id":"355c6311c73e","title":"North Marden, nr Harting Down, West Sussex (reported 2003-07-28)","date":"2003-07-28","datePrecision":"d","country":"United Kingdom","region":"West Sussex","coordSource":"rc","source":"cca"}},{"type":"Feature","geometry":{"type":"Point","coordinates":[-1.95,51.32]},"properties":{"id":"3b6cbb93a0ea","title":"Burderop Down, nr Barbury Castle, Wiltshire (reported 2003-07-28)","date":"2003-07-28","datePrecision":"d","country":"United Kingdom","region":"Wiltshire","coordSource":"rc","source":"cca"}},{"type":"Feature","geometry":{"type":"Point","coordinates":[-0.43,50.95]},"properties":{"id":"4cd06dcda66d","title":"Goodwood, nr Chichester, West Sussex (reported 2003-07-29)","date":"2003-07-29","datePrecision":"d","country":"United Kingdom","region":"West Sussex","coordSource":"rc","source":"cca"}},{"type":"Feature","geometry":{"type":"Point","coordinates":[5.94,52.06]},"properties":{"id":"a56e49a8c926","title":"Nederasselt, Gelderland, 30-07-2003","date":"2003-07-30","datePrecision":"d","country":"Netherlands","region":"Gelderland","coordSource":"rc","source":"dcca","tags":["circle"]}},{"type":"Feature","geometry":{"type":"Point","coordinates":[-1.95,51.32]},"properties":{"id":"e6077310d318","title":"West Overton, nr East Kennett, Wiltshire (reported 2003-07-31)","date":"2003-07-31","datePrecision":"d","country":"United Kingdom","region":"Wiltshire","coordSource":"rc","source":"cca"}},{"type":"Feature","geometry":{"type":"Point","coordinates":[-1.83332,51.36684]},"properties":{"id":"a7c29af7dd9e","title":"East Field, nr Alton Barnes, Wiltshire (reported 2003-08-02)","date":"2003-08-02","datePrecision":"d","country":"United Kingdom","region":"Wiltshire","coordSource":"og","source":"cca"}},{"type":"Feature","geometry":{"type":"Point","coordinates":[-1.5,54.13]},"properties":{"id":"3f82e8368202","title":"Devils Arrows, nr Boroughbridge, North Yorkshire (reported 2003-08-03)","date":"2003-08-03","datePrecision":"d","country":"United Kingdom","region":"North Yorkshire","coordSource":"rc","source":"cca"}},{"type":"Feature","geometry":{"type":"Point","coordinates":[-1.95,51.32]},"properties":{"id":"0d7b3ed66aae","title":"Morgan's Hill, nr Bishop Cannings, Wiltshire (reported 2003-08-03)","date":"2003-08-03","datePrecision":"d","country":"United Kingdom","region":"Wiltshire","coordSource":"rc","source":"cca"}},{"type":"Feature","geometry":{"type":"Point","coordinates":[-1.95,51.32]},"properties":{"id":"e58fdba52394","title":"Morgans Hill (2), nr Bishop Cannings, Wiltshire (reported 2003-08-04)","date":"2003-08-04","datePrecision":"d","country":"United Kingdom","region":"Wiltshire","coordSource":"rc","source":"cca"}},{"type":"Feature","geometry":{"type":"Point","coordinates":[-1.95,51.32]},"properties":{"id":"d6ca108158d1","title":"Walkers Hill, nr Alton Barnes, Wiltshire (reported 2003-08-04)","date":"2003-08-04","datePrecision":"d","country":"United Kingdom","region":"Wiltshire","coordSource":"rc","source":"cca"}},{"type":"Feature","geometry":{"type":"Point","coordinates":[0.25,50.93]},"properties":{"id":"3c3f14595275","title":"Tegdown Hil (2)l, Patcham, nr Brighton, East Sussex (reported 2003-08-06)","date":"2003-08-06","datePrecision":"d","country":"United Kingdom","region":"East Sussex","coordSource":"rc","source":"cca"}},{"type":"Feature","geometry":{"type":"Point","coordinates":[-1.95,51.32]},"properties":{"id":"6af34dc00195","title":"West Overton, nr East Kennett, Wiltshire (reported 2003-08-07)","date":"2003-08-07","datePrecision":"d","country":"United Kingdom","region":"Wiltshire","coordSource":"rc","source":"cca"}},{"type":"Feature","geometry":{"type":"Point","coordinates":[-89.99,44.62]},"properties":{"id":"b830d1f31fdb","title":"Mayville, Dodge County (August 8, 2003)","date":"2003-08-08","datePrecision":"d","country":"United States","region":"Wisconsin","coordSource":"rc","source":"iccra","tags":[]}},{"type":"Feature","geometry":{"type":"Point","coordinates":[-89.99,44.62]},"properties":{"id":"269b9119e76f","title":"Clyman, Dodge County (August 8, 2003)","date":"2003-08-08","datePrecision":"d","country":"United States","region":"Wisconsin","coordSource":"rc","source":"iccra","tags":["circle","pathway"]}},{"type":"Feature","geometry":{"type":"Point","coordinates":[-1.95,51.32]},"properties":{"id":"d790007bfb64","title":"Everleigh, nr Pewsey, Wiltshire (reported 2003-08-08)","date":"2003-08-08","datePrecision":"d","country":"United Kingdom","region":"Wiltshire","coordSource":"rc","source":"cca"}},{"type":"Feature","geometry":{"type":"Point","coordinates":[-1.95,51.32]},"properties":{"id":"253a7158dc55","title":"South Field, nr Alton Priors, Wiltshire (reported 2003-08-08)","date":"2003-08-08","datePrecision":"d","country":"United Kingdom","region":"Wiltshire","coordSource":"rc","source":"cca"}},{"type":"Feature","geometry":{"type":"Point","coordinates":[-89.99,44.62]},"properties":{"id":"19a7b89a2a99","title":"Mayville, Dodge County (August 9, 2003)","date":"2003-08-09","datePrecision":"d","country":"United States","region":"Wisconsin","coordSource":"rc","source":"iccra","tags":["dumbbell","key-claw"]}},{"type":"Feature","geometry":{"type":"Point","coordinates":[-1.95,51.32]},"properties":{"id":"71034f1975a4","title":"Avebury Stone Avenue, nr West Kennett, Wiltshire (reported 2003-08-09)","date":"2003-08-09","datePrecision":"d","country":"United Kingdom","region":"Wiltshire","coordSource":"rc","source":"cca"}},{"type":"Feature","geometry":{"type":"Point","coordinates":[-1.95,51.32]},"properties":{"id":"60615d3d5302","title":"North Down (2), nr Beckhampton, Wiltshire (reported 2003-08-10)","date":"2003-08-10","datePrecision":"d","country":"United Kingdom","region":"Wiltshire","coordSource":"rc","source":"cca"}},{"type":"Feature","geometry":{"type":"Point","coordinates":[-100.47,47.45]},"properties":{"id":"71463ded16b2","title":"Burlington, Ward County (August 11, 2003)","date":"2003-08-11","datePrecision":"d","country":"United States","region":"North Dakota","coordSource":"rc","source":"iccra","tags":["cross"]}},{"type":"Feature","geometry":{"type":"Point","coordinates":[-82.79,40.29]},"properties":{"id":"fb11eb0a4542","title":"Locust Grove, Adams County (August 24, 2003)","date":"2003-08-24","datePrecision":"d","country":"United States","region":"Ohio","coordSource":"rc","source":"iccra","tags":["serpent"]}},{"type":"Feature","geometry":{"type":"Point","coordinates":[-82.79,40.29]},"properties":{"id":"03aeedd689ac","title":"Bourneville, Ross County (September 6, 2003)","date":"2003-09-06","datePrecision":"d","country":"United States","region":"Ohio","coordSource":"rc","source":"iccra","tags":[]}},{"type":"Feature","geometry":{"type":"Point","coordinates":[-82.79,40.29]},"properties":{"id":"8299928de677","title":"Paint Creek Island, Bainbridge, Ross County (September 25, 2003)","date":"2003-09-25","datePrecision":"d","country":"United States","region":"Ohio","coordSource":"rc","source":"iccra","tags":[]}},{"type":"Feature","geometry":{"type":"Point","coordinates":[-93.5,42.08]},"properties":{"id":"21fe6a5c12fc","title":"St. Ansgar, Mitchell County (October 2003)","date":"2003-10","datePrecision":"m","country":"United States","region":"Iowa","coordSource":"rc","source":"iccra","tags":[]}},{"type":"Feature","geometry":{"type":"Point","coordinates":[-109.63,47.05]},"properties":{"id":"57dcecf255e7","title":"USDA Fort Keogh Livestock and Range Research Laboratory, Miles City, Custer County (October 2003)","date":"2003-10","datePrecision":"m","country":"United States","region":"Montana","coordSource":"rc","source":"iccra","tags":["pictogram"]}},{"type":"Feature","geometry":{"type":"Point","coordinates":[-89.2,40.04]},"properties":{"id":"36cdeb7beda9","title":"University of Illinois � Urbana-Champaign, Champaign County (October 3, 2003)","date":"2003-10-03","datePrecision":"d","country":"United States","region":"Illinois","coordSource":"rc","source":"iccra","tags":["circle"]}},{"type":"Feature","geometry":{"type":"Point","coordinates":[-82.79,40.29]},"properties":{"id":"83b9e71d8e53","title":"West Union, Adams County (October 25, 2003)","date":"2003-10-25","datePrecision":"d","country":"United States","region":"Ohio","coordSource":"rc","source":"iccra","tags":["circle","pathway","ring"]}},{"type":"Feature","geometry":{"type":"Point","coordinates":[-85.41,44.35]},"properties":{"id":"fa46c7b3754c","title":"Mason Township, Livingston County (November 2003)","date":"2003-11","datePrecision":"m","country":"United States","region":"Michigan","coordSource":"rc","source":"iccra","tags":["dumbbell"]}},{"type":"Feature","geometry":{"type":"Point","coordinates":[-92.46,38.35]},"properties":{"id":"685c5743e1b1","title":"Louisburg, Miami County (December 15, 2003)","date":"2003-12-15","datePrecision":"d","country":"United States","region":"Missouri","coordSource":"rc","source":"iccra","tags":["ring"]}},{"type":"Feature","geometry":{"type":"Point","coordinates":[-85.41,44.35]},"properties":{"id":"7dde25932de8","title":"Mud Lake, Liberty Township, Jackson County (December 17, 2003)","date":"2003-12-17","datePrecision":"d","country":"United States","region":"Michigan","coordSource":"rc","source":"iccra","tags":["circle","ring"]}},{"type":"Feature","geometry":{"type":"Point","coordinates":[-1.51057,51.1897]},"properties":{"id":"ced8734cb909","title":"Crop Circle at Bury Hill, nr Andover, Hampshire 2004 (reported 2004)","date":"2004","datePrecision":"y","country":"United Kingdom","region":"Hampshire 2004","coordSource":"og","source":"cca"}},{"type":"Feature","geometry":{"type":"Point","coordinates":[0.25,50.93]},"properties":{"id":"0e7c090839f0","title":"Crop Circle at Woodingdean (2), East Sussex 2004 (reported 2004)","date":"2004","datePrecision":"y","country":"United Kingdom","region":"East Sussex 2004","coordSource":"rc","source":"cca"}},{"type":"Feature","geometry":{"type":"Point","coordinates":[-80.62,38.64]},"properties":{"id":"01ac719d20f2","title":"Oakvale, Mercer County (April, 2004)","date":"2004-04","datePrecision":"m","country":"United States","region":"West Virginia","coordSource":"rc","source":"iccra","tags":["circle"]}},{"type":"Feature","geometry":{"type":"Point","coordinates":[-1.95,51.32]},"properties":{"id":"201e5dd6bb50","title":"West Stowell, nr Huish, Wiltshire (reported 2004-04-22)","date":"2004-04-22","datePrecision":"d","country":"United Kingdom","region":"Wiltshire","coordSource":"rc","source":"cca"}},{"type":"Feature","geometry":{"type":"Point","coordinates":[-0.35706,51.95432]},"properties":{"id":"74a269f9cdf9","title":"Icknield Way, Nr Pegsdon. Hertfordshire (reported 2004-05-03)","date":"2004-05-03","datePrecision":"d","country":"United Kingdom","region":"Nr Pegsdon. Hertfordshire","coordSource":"og","source":"cca"}},{"type":"Feature","geometry":{"type":"Point","coordinates":[5.2,51.56]},"properties":{"id":"06ca63d9126f","title":"Hoeven, Noord Brabant, 07-05-2004","date":"2004-05-07","datePrecision":"d","country":"Netherlands","region":"Noord Brabant","coordSource":"rc","source":"dcca","tags":["circle"]}},{"type":"Feature","geometry":{"type":"Point","coordinates":[0.25,50.93]},"properties":{"id":"9058dc6a6a99","title":"Tegdown Hill, Patcham, nr Brighton, East Sussex (reported 2004-05-09)","date":"2004-05-09","datePrecision":"d","country":"United Kingdom","region":"East Sussex","coordSource":"rc","source":"cca"}},{"type":"Feature","geometry":{"type":"Point","coordinates":[-1.25523,51.05167]},"properties":{"id":"30df508f06c5","title":"Telegraph Hill, Nr no man's Land, Hampshire (reported 2004-05-15)","date":"2004-05-15","datePrecision":"d","country":"United Kingdom","region":"Hampshire","coordSource":"og","source":"cca"}},{"type":"Feature","geometry":{"type":"Point","coordinates":[-1.76174,51.32176]},"properties":{"id":"ce871e3d96c1","title":"Pewsey White Horse, nr Pewsey, Wiltshire (reported 2004-05-25)","date":"2004-05-25","datePrecision":"d","country":"United Kingdom","region":"Wiltshire","coordSource":"og","source":"cca"}},{"type":"Feature","geometry":{"type":"Point","coordinates":[-92.44,34.89]},"properties":{"id":"6d6de8877383","title":"Peach Orchard, Clay County (May 26, 2004)","date":"2004-05-26","datePrecision":"d","country":"United States","region":"Arkansas","coordSource":"rc","source":"iccra","tags":["ring"]}},{"type":"Feature","geometry":{"type":"Point","coordinates":[-79.39,35.55]},"properties":{"id":"b4984e1d5847","title":"Dudley, Wayne County (May 26, 2004)","date":"2004-05-26","datePrecision":"d","country":"United States","region":"North Carolina","coordSource":"rc","source":"iccra","tags":[]}},{"type":"Feature","geometry":{"type":"Point","coordinates":[0.25,50.93]},"properties":{"id":"e3b84974dd1b","title":"Falmer, East Sussex (reported 2004-05-28)","date":"2004-05-28","datePrecision":"d","country":"United Kingdom","region":"East Sussex","coordSource":"rc","source":"cca"}},{"type":"Feature","geometry":{"type":"Point","coordinates":[-1.83228,51.41648]},"properties":{"id":"2565acc966cd","title":"The Ridgeway, Nr West Overton, Wiltshire (reported 2004-05-30)","date":"2004-05-30","datePrecision":"d","country":"United Kingdom","region":"Wiltshire","coordSource":"og","source":"cca"}},{"type":"Feature","geometry":{"type":"Point","coordinates":[-77.8,40.88]},"properties":{"id":"7bc8d6f9f818","title":"New Park, York County (June, 2004)","date":"2004-06","datePrecision":"m","country":"United States","region":"Pennsylvania","coordSource":"rc","source":"iccra","tags":["circle","ring"]}},{"type":"Feature","geometry":{"type":"Point","coordinates":[-1.86512,51.29945]},"properties":{"id":"af63f6aa75e4","title":"Broadbury Banks, Nr Wilsford, Wiltshire (reported 2004-06-02)","date":"2004-06-02","datePrecision":"d","country":"United Kingdom","region":"Wiltshire","coordSource":"og","source":"cca"}},{"type":"Feature","geometry":{"type":"Point","coordinates":[-80.9,33.92]},"properties":{"id":"67c91ad37d7d","title":"Branchville, Orangeburg County (June 11, 2004)","date":"2004-06-11","datePrecision":"d","country":"United States","region":"South Carolina","coordSource":"rc","source":"iccra","tags":["circle"]}},{"type":"Feature","geometry":{"type":"Point","coordinates":[-1.14027,50.86474]},"properties":{"id":"fb86308b228d","title":"Fort Nelson, nr Portchester, Hampshire (reported 2004-06-11)","date":"2004-06-11","datePrecision":"d","country":"United Kingdom","region":"Hampshire","coordSource":"og","source":"cca"}},{"type":"Feature","geometry":{"type":"Point","coordinates":[-0.38353,51.94659]},"properties":{"id":"2b366a90f496","title":"Telegraph Hill, nr The Icknield Way, Hertfordshire (reported 2004-06-11)","date":"2004-06-11","datePrecision":"d","country":"United Kingdom","region":"Hertfordshire","coordSource":"og","source":"cca"}},{"type":"Feature","geometry":{"type":"Point","coordinates":[5.94,52.06]},"properties":{"id":"7e89ef3c5ca8","title":"Wageningen, Gelderland, 12-06-2004","date":"2004-06-12","datePrecision":"d","country":"Netherlands","region":"Gelderland","coordSource":"rc","source":"dcca","tags":["circle"]}},{"type":"Feature","geometry":{"type":"Point","coordinates":[5.94,52.06]},"properties":{"id":"d37eb6172897","title":"Wijchen (1), Gelderland, 13-06-2004","date":"2004-06-13","datePrecision":"d","country":"Netherlands","region":"Gelderland","coordSource":"rc","source":"dcca","tags":["circle","pathway","ring"]}},{"type":"Feature","geometry":{"type":"Point","coordinates":[-92.46,38.35]},"properties":{"id":"66b8637555f4","title":"Sedalia, Pettis County (June 15, 2004)","date":"2004-06-15","datePrecision":"d","country":"United States","region":"Missouri","coordSource":"rc","source":"iccra","tags":["ring"]}},{"type":"Feature","geometry":{"type":"Point","coordinates":[-82.79,40.29]},"properties":{"id":"1bae5f259e80","title":"Cuba, Clinton County (June 15, 2004)","date":"2004-06-15","datePrecision":"d","country":"United States","region":"Ohio","coordSource":"rc","source":"iccra","tags":["dumbbell"]}},{"type":"Feature","geometry":{"type":"Point","coordinates":[0.25,50.93]},"properties":{"id":"a77fbcbf8fdb","title":"Ringmer, Nr Lewes, East Sussex, (reported 2004-06-15)","date":"2004-06-15","datePrecision":"d","country":"United Kingdom","region":"East Sussex","coordSource":"rc","source":"cca"}},{"type":"Feature","geometry":{"type":"Point","coordinates":[0.25,50.93]},"properties":{"id":"86d7c045cde9","title":"Woodingdean, East Sussex (reported 2004-06-15)","date":"2004-06-15","datePrecision":"d","country":"United Kingdom","region":"East Sussex","coordSource":"rc","source":"cca"}},{"type":"Feature","geometry":{"type":"Point","coordinates":[-1.86051,51.35429]},"properties":{"id":"3db40f70c5a2","title":"Honey Street, nr Alton Barnes, Wiltshire (reported 2004-06-16)","date":"2004-06-16","datePrecision":"d","country":"United Kingdom","region":"Wiltshire","coordSource":"og","source":"cca"}},{"type":"Feature","geometry":{"type":"Point","coordinates":[5.94,52.06]},"properties":{"id":"69cbfdafca07","title":"Wijchen (2), Gelderland, 18-06-2004","date":"2004-06-18","datePrecision":"d","country":"Netherlands","region":"Gelderland","coordSource":"rc","source":"dcca","tags":["ring"]}},{"type":"Feature","geometry":{"type":"Point","coordinates":[-1.83333,51.36505]},"properties":{"id":"45123bfd2976","title":"East Field, nr Alton Barnes, Wiltshire (reported 2004-06-20)","date":"2004-06-20","datePrecision":"d","country":"United Kingdom","region":"Wiltshire","coordSource":"og","source":"cca"}},{"type":"Feature","geometry":{"type":"Point","coordinates":[-1.79016,51.38206]},"properties":{"id":"8edb1491daa2","title":"Gopher Wood, nr Huish, Wiltshire (reported 2004-06-21)","date":"2004-06-21","datePrecision":"d","country":"United Kingdom","region":"Wiltshire","coordSource":"og","source":"cca"}},{"type":"Feature","geometry":{"type":"Point","coordinates":[5.94,52.06]},"properties":{"id":"77e4b869c0b5","title":"Berg en Dal, Gelderland, 24-06-2004","date":"2004-06-24","datePrecision":"d","country":"Netherlands","region":"Gelderland","coordSource":"rc","source":"dcca","tags":["circle","oval"]}},{"type":"Feature","geometry":{"type":"Point","coordinates":[-1.852,51.36687]},"properties":{"id":"097e093f92f1","title":"Milk Hill, Nr Alton Barnes, Wiltshire (reported 2004-06-26)","date":"2004-06-26","datePrecision":"d","country":"United Kingdom","region":"Wiltshire","coordSource":"og","source":"cca"}},{"type":"Feature","geometry":{"type":"Point","coordinates":[5.94,51.21]},"properties":{"id":"9bff4dd6d4ee","title":"Valkenburg, Limburg, 27-06-2004","date":"2004-06-27","datePrecision":"d","country":"Netherlands","region":"Limburg","coordSource":"rc","source":"dcca","tags":[]}},{"type":"Feature","geometry":{"type":"Point","coordinates":[-85.3,37.53]},"properties":{"id":"23f3166bb1d8","title":"Versailles, Woodford County (June 27, 2004)","date":"2004-06-27","datePrecision":"d","country":"United States","region":"Kentucky","coordSource":"rc","source":"iccra","tags":["circle","pathway","serpent"]}},{"type":"Feature","geometry":{"type":"Point","coordinates":[-111.67,39.31]},"properties":{"id":"d99e811baa5d","title":"Spanish Fork, Utah County (June 27, 2004)","date":"2004-06-27","datePrecision":"d","country":"United States","region":"Utah","coordSource":"rc","source":"iccra","tags":["circle","oval"]}},{"type":"Feature","geometry":{"type":"Point","coordinates":[-0.35518,52.00554]},"properties":{"id":"409267a52612","title":"Meppershall Road, Shillington, Bedfordshire (reported 2004-06-30)","date":"2004-06-30","datePrecision":"d","country":"United Kingdom","region":"Bedfordshire","coordSource":"og","source":"cca"}},{"type":"Feature","geometry":{"type":"Point","coordinates":[-1.72376,51.43318]},"properties":{"id":"46f5c4955c6e","title":"Rabley Wood, nr Marlborough, Wiltshire (reported 2004-06-30)","date":"2004-06-30","datePrecision":"d","country":"United Kingdom","region":"Wiltshire","coordSource":"og","source":"cca"}},{"type":"Feature","geometry":{"type":"Point","coordinates":[0.25,50.93]},"properties":{"id":"2e73f250d426","title":"Tegdown Hill, Hollingbury, Nr Brighton, East Sussex (reported 2004-06-30)","date":"2004-06-30","datePrecision":"d","country":"United Kingdom","region":"East Sussex","coordSource":"rc","source":"cca"}},{"type":"Feature","geometry":{"type":"Point","coordinates":[-120.45,47.38]},"properties":{"id":"22422081608e","title":"St. John, Whitman County (July, 2004)","date":"2004-07","datePrecision":"m","country":"United States","region":"Washington","coordSource":"rc","source":"iccra","tags":["circle","ring"]}},{"type":"Feature","geometry":{"type":"Point","coordinates":[-93.5,42.08]},"properties":{"id":"71eb7e4c54a2","title":"Eagle Grove, Humboldt County (July 3, 2004)","date":"2004-07-03","datePrecision":"d","country":"United States","region":"Iowa","coordSource":"rc","source":"iccra","tags":["circle"]}},{"type":"Feature","geometry":{"type":"Point","coordinates":[-94.31,46.28]},"properties":{"id":"fb3b244d7fa9","title":"Litchfield, Meeker County (July 4, 2004)","date":"2004-07-04","datePrecision":"d","country":"United States","region":"Minnesota","coordSource":"rc","source":"iccra","tags":[]}},{"type":"Feature","geometry":{"type":"Point","coordinates":[-1.41927,52.41028]},"properties":{"id":"d13821194d77","title":"Coombe Abbey, nr Coventry, Warwickshire (reported 2004-07-04)","date":"2004-07-04","datePrecision":"d","country":"United Kingdom","region":"Warwickshire","coordSource":"og","source":"cca"}},{"type":"Feature","geometry":{"type":"Point","coordinates":[-82.79,40.29]},"properties":{"id":"0939d888c3ed","title":"Hillsboro, Highland County (July 5, 2004)","date":"2004-07-05","datePrecision":"d","country":"United States","region":"Ohio","coordSource":"rc","source":"iccra","tags":[]}},{"type":"Feature","geometry":{"type":"Point","coordinates":[-1.96697,51.28333]},"properties":{"id":"fc9007cb2161","title":"Market Lavington, nr Devizes, Wiltshire (reported 2004-07-05)","date":"2004-07-05","datePrecision":"d","country":"United Kingdom","region":"Wiltshire","coordSource":"og","source":"cca"}},{"type":"Feature","geometry":{"type":"Point","coordinates":[-89.2,40.04]},"properties":{"id":"29dfc955f226","title":"Rockford, Winnebago County (July 10, 2004)","date":"2004-07-10","datePrecision":"d","country":"United States","region":"Illinois","coordSource":"rc","source":"iccra","tags":[]}},{"type":"Feature","geometry":{"type":"Point","coordinates":[-0.37412,51.96534]},"properties":{"id":"f224509420ed","title":"Bury Farm, Nr Pegsdon, Hertfordshire (reported 2004-07-10)","date":"2004-07-10","datePrecision":"d","country":"United Kingdom","region":"Hertfordshire","coordSource":"og","source":"cca"}},{"type":"Feature","geometry":{"type":"Point","coordinates":[-86.35,35.86]},"properties":{"id":"c5acebc93b48","title":"Chuckey, Greene County (July 11, 2004)","date":"2004-07-11","datePrecision":"d","country":"United States","region":"Tennessee","coordSource":"rc","source":"iccra","tags":["circle"]}},{"type":"Feature","geometry":{"type":"Point","coordinates":[-0.43,50.95]},"properties":{"id":"2af0d8d4ebe1","title":"Steep Down, nr Sompting, nr West Sussex (reported 2004-07-11)","date":"2004-07-11","datePrecision":"d","country":"United Kingdom","region":"nr West Sussex","coordSource":"rc","source":"cca"}},{"type":"Feature","geometry":{"type":"Point","coordinates":[-1.81487,51.31197]},"properties":{"id":"76df04ed5703","title":"Wood Bridge, nr North Newton, Wiltshire (reported 2004-07-13)","date":"2004-07-13","datePrecision":"d","country":"United Kingdom","region":"Wiltshire","coordSource":"og","source":"cca"}},{"type":"Feature","geometry":{"type":"Point","coordinates":[-1.84928,51.40832]},"properties":{"id":"3ff716ad8fa6","title":"West Kennett Longbarrow, Nr Silbury Hill, Wiltshire (reported 2004-07-13)","date":"2004-07-13","datePrecision":"d","country":"United Kingdom","region":"Wiltshire","coordSource":"og","source":"cca"}},{"type":"Feature","geometry":{"type":"Point","coordinates":[-72.73,41.62]},"properties":{"id":"5c8ef7775c56","title":"New Milford, Litchfield County (July 14, 2004)","date":"2004-07-14","datePrecision":"d","country":"United States","region":"Connecticut","coordSource":"rc","source":"iccra","tags":[]}},{"type":"Feature","geometry":{"type":"Point","coordinates":[0.49052,51.3315]},"properties":{"id":"ccaf44a4ca2b","title":"The Pilgrim's Way, Burham, nr Maidstone Kent (reported 2004-07-14)","date":"2004-07-14","datePrecision":"d","country":"United Kingdom","region":"nr Maidstone Kent","coordSource":"og","source":"cca"}},{"type":"Feature","geometry":{"type":"Point","coordinates":[-1.83336,51.35605]},"properties":{"id":"e596642b5c4e","title":"South Field, nr Alton Priors, Wiltshire (reported 2004-07-15)","date":"2004-07-15","datePrecision":"d","country":"United Kingdom","region":"Wiltshire","coordSource":"og","source":"cca"}},{"type":"Feature","geometry":{"type":"Point","coordinates":[-1.9295,51.4101]},"properties":{"id":"818df97c5799","title":"North Down, nr Beckhampton, Wiltshire (reported 2004-07-15)","date":"2004-07-15","datePrecision":"d","country":"United Kingdom","region":"Wiltshire","coordSource":"og","source":"cca"}},{"type":"Feature","geometry":{"type":"Point","coordinates":[-119.47,37.18]},"properties":{"id":"7bc6c991aa5e","title":"Cordelia / Fairfield, Solano County (July 16, 2004)","date":"2004-07-16","datePrecision":"d","country":"United States","region":"California","coordSource":"rc","source":"iccra","tags":[]}},{"type":"Feature","geometry":{"type":"Point","coordinates":[-2.1495,51.85509]},"properties":{"id":"067ec45206cd","title":"Brockworth, nr Gloucester, Gloucestershire (reported 2004-07-16)","date":"2004-07-16","datePrecision":"d","country":"United Kingdom","region":"Gloucestershire","coordSource":"og","source":"cca"}},{"type":"Feature","geometry":{"type":"Point","coordinates":[-1.95,51.32]},"properties":{"id":"f20cb27c05ce","title":"Windmill Hill, Nr Avebury Trusloe, Wiltshire (reported 2004-07-17)","date":"2004-07-17","datePrecision":"d","country":"United Kingdom","region":"Wiltshire","coordSource":"rc","source":"cca"}},{"type":"Feature","geometry":{"type":"Point","coordinates":[-2.57054,51.27745]},"properties":{"id":"aeee587b408a","title":"Chewton Mendip, nr Glastonbury, Somerset (reported 2004-07-17)","date":"2004-07-17","datePrecision":"d","country":"United Kingdom","region":"Somerset","coordSource":"og","source":"cca"}},{"type":"Feature","geometry":{"type":"Point","coordinates":[5.2,51.56]},"properties":{"id":"00f5fdec08f3","title":"Mill, Noord Brabant, 18-07-2004","date":"2004-07-18","datePrecision":"d","country":"Netherlands","region":"Noord Brabant","coordSource":"rc","source":"dcca","tags":["circle","pathway"]}},{"type":"Feature","geometry":{"type":"Point","coordinates":[-0.20283,51.25876]},"properties":{"id":"3160383ef584","title":"Margery, nr Reigate Hill, Surry (reported 2004-07-18)","date":"2004-07-18","datePrecision":"d","country":"United Kingdom","region":"Surry","coordSource":"og","source":"cca"}},{"type":"Feature","geometry":{"type":"Point","coordinates":[-89.99,44.62]},"properties":{"id":"53e86b01c9aa","title":"Tilden / Chippewa Falls, Chippewa County (July 19, 2004)","date":"2004-07-19","datePrecision":"d","country":"United States","region":"Wisconsin","coordSource":"rc","source":"iccra","tags":["circle","pathway"]}},{"type":"Feature","geometry":{"type":"Point","coordinates":[-1.7613,51.32284]},"properties":{"id":"2c0644960369","title":"Pewsey White Horse (2), nr Pewsey, Wiltshire (reported 2004-07-20)","date":"2004-07-20","datePrecision":"d","country":"United Kingdom","region":"Wiltshire","coordSource":"og","source":"cca"}},{"type":"Feature","geometry":{"type":"Point","coordinates":[-1.86336,51.41184]},"properties":{"id":"5464687ee7c7","title":"Silbury Hill, nr Avebury, Wiltshire (reported 2004-07-21)","date":"2004-07-21","datePrecision":"d","country":"United Kingdom","region":"Wiltshire","coordSource":"og","source":"cca"}},{"type":"Feature","geometry":{"type":"Point","coordinates":[-1.95,51.32]},"properties":{"id":"eed5dcf87f36","title":"Woodborough Hill, nr Alton Barnes,Wiltshire (reported 2004-07-21)","date":"2004-07-21","datePrecision":"d","country":"United Kingdom","region":"Wiltshire","coordSource":"rc","source":"cca"}},{"type":"Feature","geometry":{"type":"Point","coordinates":[-1.95,51.32]},"properties":{"id":"430677e503a6","title":"Silbury Hill, nr Avebury, Wiltshire (reported 2004-07-21)","date":"2004-07-21","datePrecision":"d","country":"United Kingdom","region":"Wiltshire","coordSource":"rc","source":"cca"}},{"type":"Feature","geometry":{"type":"Point","coordinates":[-1.75957,51.32347]},"properties":{"id":"23e7e2199620","title":"Pewsey White Horse (3), nr Pewsey, Wiltshire (reported 2004-07-22)","date":"2004-07-22","datePrecision":"d","country":"United Kingdom","region":"Wiltshire","coordSource":"og","source":"cca"}},{"type":"Feature","geometry":{"type":"Point","coordinates":[5.2,51.56]},"properties":{"id":"303a093c1946","title":"Hoeven, Noord Brabant, 23-07-2004","date":"2004-07-23","datePrecision":"d","country":"Netherlands","region":"Noord Brabant","coordSource":"rc","source":"dcca","tags":["circle"]}},{"type":"Feature","geometry":{"type":"Point","coordinates":[-94.31,46.28]},"properties":{"id":"da58200a7f17","title":"Cottage Grove, Washington County (July 24, 2004)","date":"2004-07-24","datePrecision":"d","country":"United States","region":"Minnesota","coordSource":"rc","source":"iccra","tags":["circle"]}},{"type":"Feature","geometry":{"type":"Point","coordinates":[-0.24,51.81]},"properties":{"id":"d3c443f6b7b5","title":"Watton Road, nr Knebworth, Hertfordshire (reported 2004-07-25)","date":"2004-07-25","datePrecision":"d","country":"United Kingdom","region":"Hertfordshire","coordSource":"rc","source":"cca"}},{"type":"Feature","geometry":{"type":"Point","coordinates":[-2.12014,51.18617]},"properties":{"id":"216cc4bf8774","title":"Scratchbury Hill, nr Warminster, Wiltshire (reported 2004-07-25)","date":"2004-07-25","datePrecision":"d","country":"United Kingdom","region":"Wiltshire","coordSource":"og","source":"cca"}},{"type":"Feature","geometry":{"type":"Point","coordinates":[-1.95832,51.34268]},"properties":{"id":"f2b8613be0f5","title":"Etchilhampton Hill, nr Devizes, Wiltshire (reported 2004-07-25)","date":"2004-07-25","datePrecision":"d","country":"United Kingdom","region":"Wiltshire","coordSource":"og","source":"cca"}},{"type":"Feature","geometry":{"type":"Point","coordinates":[5.2,51.56]},"properties":{"id":"16e042f9ee00","title":"Vlijmen, Noord Brabant, 26-07-2004","date":"2004-07-26","datePrecision":"d","country":"Netherlands","region":"Noord Brabant","coordSource":"rc","source":"dcca","tags":["circle","pathway","ring"]}},{"type":"Feature","geometry":{"type":"Point","coordinates":[-1.95,51.32]},"properties":{"id":"9f322a0d135d","title":"Avebury Down, nr Avebury, Wiltshire (reported 2004-07-26)","date":"2004-07-26","datePrecision":"d","country":"United Kingdom","region":"Wiltshire","coordSource":"rc","source":"cca"}},{"type":"Feature","geometry":{"type":"Point","coordinates":[-1.95,51.32]},"properties":{"id":"7267138b7370","title":"Golden Ball Hill, nr Alton Barnes, Wiltshire (reported 2004-07-26)","date":"2004-07-26","datePrecision":"d","country":"United Kingdom","region":"Wiltshire","coordSource":"rc","source":"cca"}},{"type":"Feature","geometry":{"type":"Point","coordinates":[-1.34003,51.30846]},"properties":{"id":"1a54a3910091","title":"Beacon hill, near Burghclere, Newbury, Berkshire (reported 2004-07-28)","date":"2004-07-28","datePrecision":"d","country":"United Kingdom","region":"Berkshire","coordSource":"og","source":"cca"}},{"type":"Feature","geometry":{"type":"Point","coordinates":[-1.95,51.32]},"properties":{"id":"e35a06fa07c9","title":"Patney, nr Chirton, Wiltshire (reported 2004-07-28)","date":"2004-07-28","datePrecision":"d","country":"United Kingdom","region":"Wiltshire","coordSource":"rc","source":"cca"}},{"type":"Feature","geometry":{"type":"Point","coordinates":[-1.95,51.32]},"properties":{"id":"156ad71b4bee","title":"Pewsey White Horse (4), nr Pewsey, Wiltshire (reported 2004-07-28)","date":"2004-07-28","datePrecision":"d","country":"United Kingdom","region":"Wiltshire","coordSource":"rc","source":"cca"}},{"type":"Feature","geometry":{"type":"Point","coordinates":[-1.67928,51.41598]},"properties":{"id":"7cc21a5ba8ed","title":"Savernake Forest, nr Marlborough, Wiltshire (reported 2004-07-28)","date":"2004-07-28","datePrecision":"d","country":"United Kingdom","region":"Wiltshire","coordSource":"og","source":"cca"}},{"type":"Feature","geometry":{"type":"Point","coordinates":[-1.95,51.32]},"properties":{"id":"df398eb35b8b","title":"Tan Hill, nr Stanton St Bernard, Wiltshire (reported 2004-07-28)","date":"2004-07-28","datePrecision":"d","country":"United Kingdom","region":"Wiltshire","coordSource":"rc","source":"cca"}},{"type":"Feature","geometry":{"type":"Point","coordinates":[-1.82025,51.40369]},"properties":{"id":"043cf4f2b08e","title":"West Overton, nr Avebury, Wiltshire (reported 2004-07-29)","date":"2004-07-29","datePrecision":"d","country":"United Kingdom","region":"Wiltshire","coordSource":"og","source":"cca"}},{"type":"Feature","geometry":{"type":"Point","coordinates":[0.48213,51.36225]},"properties":{"id":"49495c183ba3","title":"Nashenden Farm, Wouldham, nr Rochester, Kent (reported 2004-07-30)","date":"2004-07-30","datePrecision":"d","country":"United Kingdom","region":"Kent","coordSource":"og","source":"cca"}},{"type":"Feature","geometry":{"type":"Point","coordinates":[-1.95,51.32]},"properties":{"id":"22aea66a339a","title":"West Kennett (2), Nr Silbury Hill, Wiltshire (reported 2004-07-30)","date":"2004-07-30","datePrecision":"d","country":"United Kingdom","region":"Wiltshire","coordSource":"rc","source":"cca"}},{"type":"Feature","geometry":{"type":"Point","coordinates":[1.28925,52.76704]},"properties":{"id":"29b3b3963f39","title":"Brampton, nr Aylsham, Norfolk (reported 2004-07-30)","date":"2004-07-30","datePrecision":"d","country":"United Kingdom","region":"Norfolk","coordSource":"og","source":"cca"}},{"type":"Feature","geometry":{"type":"Point","coordinates":[-1.07369,51.01562]},"properties":{"id":"2d8c0882f35c","title":"Westbury House, East End, West Meon, Hampshire (reported 2004-08-01)","date":"2004-08-01","datePrecision":"d","country":"United Kingdom","region":"Hampshire","coordSource":"og","source":"cca"}},{"type":"Feature","geometry":{"type":"Point","coordinates":[-1.95,51.32]},"properties":{"id":"3b2f7ca8eae1","title":"Blacklands Golf Course, nr Calne, Wiltshire (reported 2004-08-03)","date":"2004-08-03","datePrecision":"d","country":"United Kingdom","region":"Wiltshire","coordSource":"rc","source":"cca"}},{"type":"Feature","geometry":{"type":"Point","coordinates":[-1.95,51.32]},"properties":{"id":"bf6cc404c368","title":"Etchilhampton Hill (2), nr Devizes, Wiltshire (reported 2004-08-03)","date":"2004-08-03","datePrecision":"d","country":"United Kingdom","region":"Wiltshire","coordSource":"rc","source":"cca"}},{"type":"Feature","geometry":{"type":"Point","coordinates":[-1.95,51.32]},"properties":{"id":"fee7304ccca3","title":"Blacklands Golf Course (2), nr Calne, Wiltshire (reported 2004-08-06)","date":"2004-08-06","datePrecision":"d","country":"United Kingdom","region":"Wiltshire","coordSource":"rc","source":"cca"}},{"type":"Feature","geometry":{"type":"Point","coordinates":[-1.64732,51.45905]},"properties":{"id":"b156ef37ce8c","title":"Lewisham Castle, Aldbourne, Wiltshire (reported 2004-08-06)","date":"2004-08-06","datePrecision":"d","country":"United Kingdom","region":"Wiltshire","coordSource":"og","source":"cca"}},{"type":"Feature","geometry":{"type":"Point","coordinates":[-1.95,51.32]},"properties":{"id":"3154aa2dd374","title":"Wilton Windmill, nr Wilton, Wiltshire (reported 2004-08-07)","date":"2004-08-07","datePrecision":"d","country":"United Kingdom","region":"Wiltshire","coordSource":"rc","source":"cca"}},{"type":"Feature","geometry":{"type":"Point","coordinates":[-93.5,42.08]},"properties":{"id":"9f58df564578","title":"Charles City, Floyd County (August 8, 2004)","date":"2004-08-08","datePrecision":"d","country":"United States","region":"Iowa","coordSource":"rc","source":"iccra","tags":[]}},{"type":"Feature","geometry":{"type":"Point","coordinates":[-1.95,51.32]},"properties":{"id":"433083721ebe","title":"Shalbourne, nr Hungerford, Wiltshire (reported 2004-08-08)","date":"2004-08-08","datePrecision":"d","country":"United Kingdom","region":"Wiltshire","coordSource":"rc","source":"cca"}},{"type":"Feature","geometry":{"type":"Point","coordinates":[-1.27,51.76]},"properties":{"id":"48118da0d8b7","title":"Garsington, nr Oxford, Oxfordshire (reported 2004-08-14)","date":"2004-08-14","datePrecision":"d","country":"United Kingdom","region":"Oxfordshire","coordSource":"rc","source":"cca"}},{"type":"Feature","geometry":{"type":"Point","coordinates":[-92.46,38.35]},"properties":{"id":"2c22492414c8","title":"Eureka Springs / Branson / Ozark, Carroll County (August 16, 2004)","date":"2004-08-16","datePrecision":"d","country":"United States","region":"Missouri","coordSource":"rc","source":"iccra","tags":["circle"]}},{"type":"Feature","geometry":{"type":"Point","coordinates":[-82.79,40.29]},"properties":{"id":"dcc3ac153907","title":"West Union, Adams County (August 16, 2004)","date":"2004-08-16","datePrecision":"d","country":"United States","region":"Ohio","coordSource":"rc","source":"iccra","tags":["pathway"]}},{"type":"Feature","geometry":{"type":"Point","coordinates":[-1.97265,51.37775]},"properties":{"id":"0f927a10c2f4","title":"Roundway Hill, nr Devizes, Wiltshire (reported 2004-08-16)","date":"2004-08-16","datePrecision":"d","country":"United Kingdom","region":"Wiltshire","coordSource":"og","source":"cca"}},{"type":"Feature","geometry":{"type":"Point","coordinates":[5.94,52.06]},"properties":{"id":"89a2430f2a22","title":"Arnhem, Gelderland, 17-08-2004","date":"2004-08-17","datePrecision":"d","country":"Netherlands","region":"Gelderland","coordSource":"rc","source":"dcca","tags":["circle"]}},{"type":"Feature","geometry":{"type":"Point","coordinates":[-86.35,35.86]},"properties":{"id":"458f1b4bdcc4","title":"Spring Hill, Maury County (August 22, 2004)","date":"2004-08-22","datePrecision":"d","country":"United States","region":"Tennessee","coordSource":"rc","source":"iccra","tags":["circle"]}},{"type":"Feature","geometry":{"type":"Point","coordinates":[-85.41,44.35]},"properties":{"id":"2d9a8e4b970f","title":"Lawton, Van Buren County (August 24, 2004)","date":"2004-08-24","datePrecision":"d","country":"United States","region":"Michigan","coordSource":"rc","source":"iccra","tags":["oval"]}},{"type":"Feature","geometry":{"type":"Point","coordinates":[-82.79,40.29]},"properties":{"id":"155da2b2f176","title":"Miamisburg, Montgomery County (August 24, 2004)","date":"2004-08-24","datePrecision":"d","country":"United States","region":"Ohio","coordSource":"rc","source":"iccra","tags":["fractal"]}},{"type":"Feature","geometry":{"type":"Point","coordinates":[-89.99,44.62]},"properties":{"id":"a37eeabaab38","title":"Wausau, Marathon County (August 27, 2004)","date":"2004-08-27","datePrecision":"d","country":"United States","region":"Wisconsin","coordSource":"rc","source":"iccra","tags":["circle"]}},{"type":"Feature","geometry":{"type":"Point","coordinates":[6.62,52.86]},"properties":{"id":"18272872ac0b","title":"Assen, Drenthe, 28-08-2004","date":"2004-08-28","datePrecision":"d","country":"Netherlands","region":"Drenthe","coordSource":"rc","source":"dcca","tags":["circle"]}},{"type":"Feature","geometry":{"type":"Point","coordinates":[-82.79,40.29]},"properties":{"id":"c6ca54f37671","title":"Rarden, Scioto County (September 15, 2004)","date":"2004-09-15","datePrecision":"d","country":"United States","region":"Ohio","coordSource":"rc","source":"iccra","tags":[]}},{"type":"Feature","geometry":{"type":"Point","coordinates":[-77.8,40.88]},"properties":{"id":"d89d976b53ad","title":"Circleville Farm / Rockey Farm, Penn State University, State College, Centre County (September 27, 2004)","date":"2004-09-27","datePrecision":"d","country":"United States","region":"Pennsylvania","coordSource":"rc","source":"iccra","tags":[]}},{"type":"Feature","geometry":{"type":"Point","coordinates":[-99.33,31.48]},"properties":{"id":"ae1ad066cfe6","title":"Clint, El Paso County (September 27, 2004)","date":"2004-09-27","datePrecision":"d","country":"United States","region":"Texas","coordSource":"rc","source":"iccra","tags":[]}},{"type":"Feature","geometry":{"type":"Point","coordinates":[-92,31.07]},"properties":{"id":"a77f0aaeed01","title":"Grand Coteau, Saint Landry County (October 14, 2004)","date":"2004-10-14","datePrecision":"d","country":"United States","region":"Louisiana","coordSource":"rc","source":"iccra","tags":["figure","ring"]}},{"type":"Feature","geometry":{"type":"Point","coordinates":[-94.31,46.28]},"properties":{"id":"df291760af7d","title":"Lake Elmo, Washington County (October 18, 2004)","date":"2004-10-18","datePrecision":"d","country":"United States","region":"Minnesota","coordSource":"rc","source":"iccra","tags":["circle"]}},{"type":"Feature","geometry":{"type":"Point","coordinates":[-86.28,39.89]},"properties":{"id":"058dca81a2bc","title":"Bedford, Lawrence County (December 12, 2004)","date":"2004-12-12","datePrecision":"d","country":"United States","region":"Indiana","coordSource":"rc","source":"iccra","tags":["circle","oval","ring"]}},{"type":"Feature","geometry":{"type":"Point","coordinates":[-71.58,43.68]},"properties":{"id":"2e326ef1881e","title":"Surrey, Cheshire County (December 17, 2004)","date":"2004-12-17","datePrecision":"d","country":"United States","region":"New Hampshire","coordSource":"rc","source":"iccra","tags":["circle"]}},{"type":"Feature","geometry":{"type":"Point","coordinates":[-85.41,44.35]},"properties":{"id":"75ebf428975b","title":"(Southeastern) * (October (late) 2005)","date":"2005","datePrecision":"y","country":"United States","region":"Michigan","coordSource":"rc","source":"iccra","tags":["circle","oval","pathway"]}},{"type":"Feature","geometry":{"type":"Point","coordinates":[-120.56,43.93]},"properties":{"id":"b8b09033044e","title":"McMinnville, Willamette Valley, Yamhill County (May 5-8, 2005)","date":"2005","datePrecision":"y","country":"United States","region":"Oregon","coordSource":"rc","source":"iccra","tags":["pathway"]}},{"type":"Feature","geometry":{"type":"Point","coordinates":[-86.28,39.89]},"properties":{"id":"12a7bddd103c","title":"Noble County (January 31, 2005)","date":"2005-01-31","datePrecision":"d","country":"United States","region":"Indiana","coordSource":"rc","source":"iccra","tags":["circle"]}},{"type":"Feature","geometry":{"type":"Point","coordinates":[-86.28,39.89]},"properties":{"id":"5b059a526a24","title":"Albion, Noble County (April, 2005)","date":"2005-04","datePrecision":"m","country":"United States","region":"Indiana","coordSource":"rc","source":"iccra","tags":[]}},{"type":"Feature","geometry":{"type":"Point","coordinates":[5.2,51.56]},"properties":{"id":"d8969896ce74","title":"Hoeven, Noord Brabant, 06-04-2005","date":"2005-04-06","datePrecision":"d","country":"Netherlands","region":"Noord Brabant","coordSource":"rc","source":"dcca","tags":["circle"]}},{"type":"Feature","geometry":{"type":"Point","coordinates":[-1.77726,50.78046]},"properties":{"id":"9aafa6a46ce6","title":"Ripley, nr Bournemouth, Dorset (reported 2005-04-17)","date":"2005-04-17","datePrecision":"d","country":"United Kingdom","region":"Dorset","coordSource":"og","source":"cca"}},{"type":"Feature","geometry":{"type":"Point","coordinates":[-1.15173,53.47482]},"properties":{"id":"6178f2b56907","title":"St Catherine's Well, Loversall nr Doncaster (reported 2005-04-19)","date":"2005-04-19","datePrecision":"d","country":"United Kingdom","region":"Loversall nr Doncaster","coordSource":"og","source":"cca"}},{"type":"Feature","geometry":{"type":"Point","coordinates":[-1.16661,51.69399]},"properties":{"id":"310df27e44be","title":"Gotham Farm, nr Toot Baldon Nr Oxford. Oxfordshire (reported 2005-04-21)","date":"2005-04-21","datePrecision":"d","country":"United Kingdom","region":"nr Toot Baldon Nr Oxford. Oxfordshire","coordSource":"og","source":"cca"}},{"type":"Feature","geometry":{"type":"Point","coordinates":[0.25,50.93]},"properties":{"id":"acf323fc8bb4","title":"Earwig Hill, Ringmer, Nr Lewes, East Sussex (reported 2005-04-23)","date":"2005-04-23","datePrecision":"d","country":"United Kingdom","region":"East Sussex","coordSource":"rc","source":"cca"}},{"type":"Feature","geometry":{"type":"Point","coordinates":[5.94,52.06]},"properties":{"id":"12948088809e","title":"Doetinchem, Gelderland, 01-05-2005","date":"2005-05-01","datePrecision":"d","country":"Netherlands","region":"Gelderland","coordSource":"rc","source":"dcca"}},{"type":"Feature","geometry":{"type":"Point","coordinates":[-1.82757,51.36953]},"properties":{"id":"3ab3ee56438c","title":"Golden Ball Hill, nr Alton Barnes, Wiltshire (reported 2005-05-01)","date":"2005-05-01","datePrecision":"d","country":"United Kingdom","region":"Wiltshire","coordSource":"og","source":"cca"}},{"type":"Feature","geometry":{"type":"Point","coordinates":[-79.39,35.55]},"properties":{"id":"fd056bf917bb","title":"Hickory, Catawba County (May 3, 2005)","date":"2005-05-03","datePrecision":"d","country":"United States","region":"North Carolina","coordSource":"rc","source":"iccra","tags":[]}},{"type":"Feature","geometry":{"type":"Point","coordinates":[-1.14893,51.71095]},"properties":{"id":"1a24d2649a1f","title":"The Platt, Nr Garsington, Oxfordshire (reported 2005-05-03)","date":"2005-05-03","datePrecision":"d","country":"United Kingdom","region":"Oxfordshire","coordSource":"og","source":"cca"}},{"type":"Feature","geometry":{"type":"Point","coordinates":[-1.14487,51.07879]},"properties":{"id":"756e5dad7b17","title":"Bishop's Sutton, Nr Winchester, Hampshire (reported 2005-05-09)","date":"2005-05-09","datePrecision":"d","country":"United Kingdom","region":"Hampshire","coordSource":"og","source":"cca"}},{"type":"Feature","geometry":{"type":"Point","coordinates":[-92.44,34.89]},"properties":{"id":"74b12e8ffe47","title":"Tolleson, Maricopa County (May 18, 2005)","date":"2005-05-18","datePrecision":"d","country":"United States","region":"Arkansas","coordSource":"rc","source":"iccra","tags":[]}},{"type":"Feature","geometry":{"type":"Point","coordinates":[-1.16342,51.71016]},"properties":{"id":"23d211e66baa","title":"Southend, Nr Garsington, Oxfordshire (reported 2005-05-28)","date":"2005-05-28","datePrecision":"d","country":"United Kingdom","region":"Oxfordshire","coordSource":"og","source":"cca"}},{"type":"Feature","geometry":{"type":"Point","coordinates":[-1.95,51.32]},"properties":{"id":"089e80726c03","title":"Milk Hill, Nr Stanton St Bernard, Wiltshire (reported 2005-05-29)","date":"2005-05-29","datePrecision":"d","country":"United Kingdom","region":"Wiltshire","coordSource":"rc","source":"cca"}},{"type":"Feature","geometry":{"type":"Point","coordinates":[-1.88962,51.41239]},"properties":{"id":"83938303bbef","title":"The Firs, Nr Beckhampton, Wiltshire (reported 2005-06-05)","date":"2005-06-05","datePrecision":"d","country":"United Kingdom","region":"Wiltshire","coordSource":"og","source":"cca"}},{"type":"Feature","geometry":{"type":"Point","coordinates":[-79.39,35.55]},"properties":{"id":"5aba210617d4","title":"Green Mountain, Yancey County (June 11, 2005)","date":"2005-06-11","datePrecision":"d","country":"United States","region":"North Carolina","coordSource":"rc","source":"iccra","tags":["circle"]}},{"type":"Feature","geometry":{"type":"Point","coordinates":[-1.95,51.32]},"properties":{"id":"30870ca60f6c","title":"Milk Hill (2), Nr Stanton St Bernard, Wiltshire (reported 2005-06-11)","date":"2005-06-11","datePrecision":"d","country":"United Kingdom","region":"Wiltshire","coordSource":"rc","source":"cca"}},{"type":"Feature","geometry":{"type":"Point","coordinates":[-1.95,51.32]},"properties":{"id":"eb77eb59b1e8","title":"Clatford Bottom, nr Marlborough, Wilshire (reported 2005-06-12)","date":"2005-06-12","datePrecision":"d","country":"United Kingdom","region":"Wilshire","coordSource":"rc","source":"cca"}},{"type":"Feature","geometry":{"type":"Point","coordinates":[-1.16342,51.71016]},"properties":{"id":"1cb5f4cb42d1","title":"Southend, Nr Garsington, Oxfordshire (reported 2005-06-12)","date":"2005-06-12","datePrecision":"d","country":"United Kingdom","region":"Oxfordshire","coordSource":"og","source":"cca"}},{"type":"Feature","geometry":{"type":"Point","coordinates":[-2.95,51.09]},"properties":{"id":"331e0010fa14","title":"Stantonbury Hill, Marksbury, North East Somerset (reported 2005-06-12)","date":"2005-06-12","datePrecision":"d","country":"United Kingdom","region":"North East Somerset","coordSource":"rc","source":"cca"}},{"type":"Feature","geometry":{"type":"Point","coordinates":[-72.67,44.07]},"properties":{"id":"80ce750a0d3f","title":"West Topsham, Orange County (June 15, 2005)","date":"2005-06-15","datePrecision":"d","country":"United States","region":"Vermont","coordSource":"rc","source":"iccra","tags":[]}},{"type":"Feature","geometry":{"type":"Point","coordinates":[0.03001,53.29427]},"properties":{"id":"94ba7e31636d","title":"Burwell, nr Louth, Lincolnshire (reported 2005-06-18)","date":"2005-06-18","datePrecision":"d","country":"United Kingdom","region":"Lincolnshire","coordSource":"og","source":"cca"}},{"type":"Feature","geometry":{"type":"Point","coordinates":[-79.39,35.55]},"properties":{"id":"4e196474e4f2","title":"Green Mountain, Yancey County (June 20, 2005)","date":"2005-06-20","datePrecision":"d","country":"United States","region":"North Carolina","coordSource":"rc","source":"iccra","tags":["circle","dumbbell"]}},{"type":"Feature","geometry":{"type":"Point","coordinates":[-1.20343,50.99378]},"properties":{"id":"a7380102164e","title":"Stephen's Castle Down, nr Corhampton, Hampshire (reported 2005-06-20)","date":"2005-06-20","datePrecision":"d","country":"United Kingdom","region":"Hampshire","coordSource":"og","source":"cca"}},{"type":"Feature","geometry":{"type":"Point","coordinates":[-1.82871,51.44776]},"properties":{"id":"31253314b0d3","title":"Monkton Down, nr Winterbourne Monkton, Wiltshire (reported 2005-06-20)","date":"2005-06-20","datePrecision":"d","country":"United Kingdom","region":"Wiltshire","coordSource":"og","source":"cca"}},{"type":"Feature","geometry":{"type":"Point","coordinates":[0.4973,51.32416]},"properties":{"id":"02361cd65d10","title":"Bluebell Hill, nr Maidstone, Kent (reported 2005-06-20)","date":"2005-06-20","datePrecision":"d","country":"United Kingdom","region":"Kent","coordSource":"og","source":"cca"}},{"type":"Feature","geometry":{"type":"Point","coordinates":[-79.39,35.55]},"properties":{"id":"beb693738362","title":"Leicester, Buncombe County #1 (June 21, 2005)","date":"2005-06-21","datePrecision":"d","country":"United States","region":"North Carolina","coordSource":"rc","source":"iccra","tags":["circle","triangle"]}},{"type":"Feature","geometry":{"type":"Point","coordinates":[-79.39,35.55]},"properties":{"id":"9b74de3949d4","title":"Leicester, Buncombe County #2 (June 21, 2005)","date":"2005-06-21","datePrecision":"d","country":"United States","region":"North Carolina","coordSource":"rc","source":"iccra","tags":["circle","triangle"]}},{"type":"Feature","geometry":{"type":"Point","coordinates":[-79.39,35.55]},"properties":{"id":"386628017cdb","title":"Jupiter, Madison County (June 21, 2005)","date":"2005-06-21","datePrecision":"d","country":"United States","region":"North Carolina","coordSource":"rc","source":"iccra","tags":["circle","cross","oval"]}},{"type":"Feature","geometry":{"type":"Point","coordinates":[-89.99,44.62]},"properties":{"id":"e573f5eac5bc","title":"Trevor, Kenosha County (June 21, 2005)","date":"2005-06-21","datePrecision":"d","country":"United States","region":"Wisconsin","coordSource":"rc","source":"iccra","tags":["circle","lattice","ring"]}},{"type":"Feature","geometry":{"type":"Point","coordinates":[-1.27,51.76]},"properties":{"id":"57112f50fe75","title":"Toot Baldon, nr Southend, Oxfordshire (reported 2005-06-21)","date":"2005-06-21","datePrecision":"d","country":"United Kingdom","region":"Oxfordshire","coordSource":"rc","source":"cca"}},{"type":"Feature","geometry":{"type":"Point","coordinates":[-1.83179,51.39292]},"properties":{"id":"7ff67d388897","title":"Lurkley Hill. nr Lockeridge, Wiltshire (reported 2005-06-22)","date":"2005-06-22","datePrecision":"d","country":"United Kingdom","region":"Wiltshire","coordSource":"og","source":"cca"}},{"type":"Feature","geometry":{"type":"Point","coordinates":[-1.80447,51.39557]},"properties":{"id":"2949a1cbd057","title":"Boreham Down, nr Lockeridge, wiltshire (reported 2005-06-22)","date":"2005-06-22","datePrecision":"d","country":"United Kingdom","region":"wiltshire","coordSource":"og","source":"cca"}},{"type":"Feature","geometry":{"type":"Point","coordinates":[-1.95,51.32]},"properties":{"id":"f75aa067bcf4","title":"a Rockley Down, nr Marlborough, Wiltshire (reported 2005-06-23)","date":"2005-06-23","datePrecision":"d","country":"United Kingdom","region":"Wiltshire","coordSource":"rc","source":"cca"}},{"type":"Feature","geometry":{"type":"Point","coordinates":[-1.87164,51.4328]},"properties":{"id":"44498eaaebc6","title":"Avebury Trusloe, nr Beckhampton, Wiltshire (reported 2005-06-23)","date":"2005-06-23","datePrecision":"d","country":"United Kingdom","region":"Wiltshire","coordSource":"og","source":"cca"}},{"type":"Feature","geometry":{"type":"Point","coordinates":[-77.8,40.88]},"properties":{"id":"03f2687af047","title":"Carmichaels, Greene County (June 25, 2005)","date":"2005-06-25","datePrecision":"d","country":"United States","region":"Pennsylvania","coordSource":"rc","source":"iccra","tags":[]}},{"type":"Feature","geometry":{"type":"Point","coordinates":[-0.43,50.95]},"properties":{"id":"edf3909aacb5","title":"Sompting, Nr Worthing, West Sussex (reported 2005-06-26)","date":"2005-06-26","datePrecision":"d","country":"United Kingdom","region":"West Sussex","coordSource":"rc","source":"cca"}},{"type":"Feature","geometry":{"type":"Point","coordinates":[-1.31,51.06]},"properties":{"id":"7df55e90a4c4","title":"Telegraph Hill, nr Winchester, Hampshire (reported 2005-06-26)","date":"2005-06-26","datePrecision":"d","country":"United Kingdom","region":"Hampshire","coordSource":"rc","source":"cca"}},{"type":"Feature","geometry":{"type":"Point","coordinates":[-1.86047,51.41382]},"properties":{"id":"14544d9f7652","title":"Silbury Hill, nr Avebury,Wiltshire (reported 2005-06-26)","date":"2005-06-26","datePrecision":"d","country":"United Kingdom","region":"Wiltshire","coordSource":"og","source":"cca"}},{"type":"Feature","geometry":{"type":"Point","coordinates":[-1.05295,51.66346]},"properties":{"id":"883865c3402c","title":"Cuxham, nr Watlington ,Oxfordshire, (reported 2005-06-28)","date":"2005-06-28","datePrecision":"d","country":"United Kingdom","region":"Oxfordshire","coordSource":"og","source":"cca"}},{"type":"Feature","geometry":{"type":"Point","coordinates":[-1.31,51.06]},"properties":{"id":"988ef9bf7482","title":"a Hannington, nr Kingsclere, Hampshire (reported 2005-06-28)","date":"2005-06-28","datePrecision":"d","country":"United Kingdom","region":"Hampshire","coordSource":"rc","source":"cca"}},{"type":"Feature","geometry":{"type":"Point","coordinates":[5.2,51.56]},"properties":{"id":"10c4fe714f86","title":"Hoeven (2), Noord Brabant, 30-06-2005","date":"2005-06-30","datePrecision":"d","country":"Netherlands","region":"Noord Brabant","coordSource":"rc","source":"dcca","tags":["circle"]}},{"type":"Feature","geometry":{"type":"Point","coordinates":[5.2,51.56]},"properties":{"id":"201c541a6b51","title":"Hoeven (3), Noord Brabant, 30-06-2005","date":"2005-06-30","datePrecision":"d","country":"Netherlands","region":"Noord Brabant","coordSource":"rc","source":"dcca","tags":["circle","pathway","ring"]}},{"type":"Feature","geometry":{"type":"Point","coordinates":[4.87,52.6]},"properties":{"id":"1c8a0dec66e5","title":"Texel, Noord Holland, juli 2005","date":"2005-07","datePrecision":"m","country":"Netherlands","region":"Noord Holland","coordSource":"rc","source":"dcca","tags":["circle"]}},{"type":"Feature","geometry":{"type":"Point","coordinates":[-79.39,35.55]},"properties":{"id":"385c089993de","title":"Burnsville, Yancey County (July 2, 2005)","date":"2005-07-02","datePrecision":"d","country":"United States","region":"North Carolina","coordSource":"rc","source":"iccra","tags":["circle","pathway","ring"]}},{"type":"Feature","geometry":{"type":"Point","coordinates":[-1.91807,51.36873]},"properties":{"id":"69967d394eaf","title":"Horton, nr Devizes, Wiltshire (reported 2005-07-03)","date":"2005-07-03","datePrecision":"d","country":"United Kingdom","region":"Wiltshire","coordSource":"og","source":"cca"}},{"type":"Feature","geometry":{"type":"Point","coordinates":[-1.82786,51.3672]},"properties":{"id":"7c316bc6c1df","title":"Hundred Acres (East Field), Alton Priors, Wiltshire (reported 2005-07-03)","date":"2005-07-03","datePrecision":"d","country":"United Kingdom","region":"Wiltshire","coordSource":"og","source":"cca"}},{"type":"Feature","geometry":{"type":"Point","coordinates":[-1.58,52.28]},"properties":{"id":"e6a471e6c2d3","title":"Coombe Abbey, nr Coventry, Warwickshire (reported 2005-07-04)","date":"2005-07-04","datePrecision":"d","country":"United Kingdom","region":"Warwickshire","coordSource":"rc","source":"cca"}},{"type":"Feature","geometry":{"type":"Point","coordinates":[-79.39,35.55]},"properties":{"id":"1054f9f5a1c6","title":"Leicester, Buncombe County (July 5, 2005)","date":"2005-07-05","datePrecision":"d","country":"United States","region":"North Carolina","coordSource":"rc","source":"iccra","tags":["circle","triangle"]}},{"type":"Feature","geometry":{"type":"Point","coordinates":[-82.79,40.29]},"properties":{"id":"564a0b29c71f","title":"Patterson�s Corner, Greene County (July 5, 2005)","date":"2005-07-05","datePrecision":"d","country":"United States","region":"Ohio","coordSource":"rc","source":"iccra","tags":["lattice"]}},{"type":"Feature","geometry":{"type":"Point","coordinates":[-89.99,44.62]},"properties":{"id":"aad61e9c27df","title":"Mayville, Dodge County (July 6, 2005)","date":"2005-07-06","datePrecision":"d","country":"United States","region":"Wisconsin","coordSource":"rc","source":"iccra","tags":["circle","pathway"]}},{"type":"Feature","geometry":{"type":"Point","coordinates":[0.35144,51.39103]},"properties":{"id":"ae58969067ec","title":"Meopham Station, nr Sole Stree, Kent (reported 2005-07-06)","date":"2005-07-06","datePrecision":"d","country":"United Kingdom","region":"Kent","coordSource":"og","source":"cca"}},{"type":"Feature","geometry":{"type":"Point","coordinates":[-79.39,35.55]},"properties":{"id":"6e8bfc124531","title":"Mars Hill, Madison County (July 9, 2005)","date":"2005-07-09","datePrecision":"d","country":"United States","region":"North Carolina","coordSource":"rc","source":"iccra","tags":["circle"]}},{"type":"Feature","geometry":{"type":"Point","coordinates":[-1.86046,51.41813]},"properties":{"id":"136c06d01877","title":"Silbury Hill (2), nr Avebury, Wiltshire (reported 2005-07-09)","date":"2005-07-09","datePrecision":"d","country":"United Kingdom","region":"Wiltshire","coordSource":"og","source":"cca"}},{"type":"Feature","geometry":{"type":"Point","coordinates":[-1.21556,51.03523]},"properties":{"id":"a1e6d891f266","title":"atLane End Down, nr Winchester, Hampshire (reported 2005-07-10)","date":"2005-07-10","datePrecision":"d","country":"United Kingdom","region":"Hampshire","coordSource":"og","source":"cca"}},{"type":"Feature","geometry":{"type":"Point","coordinates":[-0.24,51.81]},"properties":{"id":"03f575cfb6f4","title":"Maple Cross, nr Rickmanworth, Hertfordshire (reported 2005-07-10)","date":"2005-07-10","datePrecision":"d","country":"United Kingdom","region":"Hertfordshire","coordSource":"rc","source":"cca"}},{"type":"Feature","geometry":{"type":"Point","coordinates":[-0.81,51.75]},"properties":{"id":"fbff362338e8","title":"Chalfont St Peter, nr Rickmansworth, Buckinghamshire (reported 2005-07-10)","date":"2005-07-10","datePrecision":"d","country":"United Kingdom","region":"Buckinghamshire","coordSource":"rc","source":"cca"}},{"type":"Feature","geometry":{"type":"Point","coordinates":[-2.41592,51.38025]},"properties":{"id":"2aea02079e35","title":"Clays End, Nr Twerton, North Somerset (reported 2005-07-12)","date":"2005-07-12","datePrecision":"d","country":"United Kingdom","region":"North Somerset","coordSource":"og","source":"cca"}},{"type":"Feature","geometry":{"type":"Point","coordinates":[-1.27,51.76]},"properties":{"id":"17cade00a9ba","title":"Garsington (3), Oxfordshire (reported 2005-07-15)","date":"2005-07-15","datePrecision":"d","country":"United Kingdom","region":"Oxfordshire","coordSource":"rc","source":"cca"}},{"type":"Feature","geometry":{"type":"Point","coordinates":[-1.15167,51.71906]},"properties":{"id":"48e678c4d41d","title":"Garsington (2), Oxfordshire (reported 2005-07-15)","date":"2005-07-15","datePrecision":"d","country":"United Kingdom","region":"Oxfordshire","coordSource":"og","source":"cca"}},{"type":"Feature","geometry":{"type":"Point","coordinates":[-1.15909,51.70923]},"properties":{"id":"6881f6e5c26b","title":"Garsington, Oxfordshire (reported 2005-07-15)","date":"2005-07-15","datePrecision":"d","country":"United Kingdom","region":"Oxfordshire","coordSource":"og","source":"cca"}},{"type":"Feature","geometry":{"type":"Point","coordinates":[-1.85326,51.42262]},"properties":{"id":"61a6ef5dc00d","title":"Waden Hill, Nr Avebury, Wiltshire (reported 2005-07-16)","date":"2005-07-16","datePrecision":"d","country":"United Kingdom","region":"Wiltshire","coordSource":"og","source":"cca"}},{"type":"Feature","geometry":{"type":"Point","coordinates":[0.53309,51.29641]},"properties":{"id":"12dadb9540a2","title":"Boxley, near Maidstone, Kent (reported 2005-07-17)","date":"2005-07-17","datePrecision":"d","country":"United Kingdom","region":"Kent","coordSource":"og","source":"cca"}},{"type":"Feature","geometry":{"type":"Point","coordinates":[-0.43,50.95]},"properties":{"id":"81b373040359","title":"Sompting, Nr Worthing, West Sussex (reported 2005-07-17)","date":"2005-07-17","datePrecision":"d","country":"United Kingdom","region":"West Sussex","coordSource":"rc","source":"cca"}},{"type":"Feature","geometry":{"type":"Point","coordinates":[-1.95,51.32]},"properties":{"id":"156c633b813f","title":"Milk Hill (3), Nr Stanton St Bernard, Wiltshire (reported 2005-07-17)","date":"2005-07-17","datePrecision":"d","country":"United Kingdom","region":"Wiltshire","coordSource":"rc","source":"cca"}},{"type":"Feature","geometry":{"type":"Point","coordinates":[-1.15262,50.96734]},"properties":{"id":"b316426d5047","title":"Sheep Pond Lane, Nr Droxford, Hampshire (reported 2005-07-17)","date":"2005-07-17","datePrecision":"d","country":"United Kingdom","region":"Hampshire","coordSource":"og","source":"cca"}},{"type":"Feature","geometry":{"type":"Point","coordinates":[-1.95,51.32]},"properties":{"id":"61c870dba5fd","title":"East Field, nr Alton Priors, Wiltshire (reported 2005-07-18)","date":"2005-07-18","datePrecision":"d","country":"United Kingdom","region":"Wiltshire","coordSource":"rc","source":"cca"}},{"type":"Feature","geometry":{"type":"Point","coordinates":[-1.95,51.32]},"properties":{"id":"6eb45e6ceb0e","title":"Savernake Forest, nr Marlborough, Wiltshire (reported 2005-07-19)","date":"2005-07-19","datePrecision":"d","country":"United Kingdom","region":"Wiltshire","coordSource":"rc","source":"cca"}},{"type":"Feature","geometry":{"type":"Point","coordinates":[0.55,51.77]},"properties":{"id":"88ba4f212f32","title":"Hadleigh Castle, near Southend-on-Sea, Essex (reported 2005-07-19)","date":"2005-07-19","datePrecision":"d","country":"United Kingdom","region":"Essex","coordSource":"rc","source":"cca"}},{"type":"Feature","geometry":{"type":"Point","coordinates":[-1.30594,51.09515]},"properties":{"id":"7f035eb7ad2d","title":"Kings Worthy, near Winchester, Hampshire (reported 2005-07-20)","date":"2005-07-20","datePrecision":"d","country":"United Kingdom","region":"Hampshire","coordSource":"og","source":"cca"}},{"type":"Feature","geometry":{"type":"Point","coordinates":[-1.27,51.76]},"properties":{"id":"c04a127f141c","title":"Watlington Road, near Chalgrove, Oxfordshire (reported 2005-07-22)","date":"2005-07-22","datePrecision":"d","country":"United Kingdom","region":"Oxfordshire","coordSource":"rc","source":"cca"}},{"type":"Feature","geometry":{"type":"Point","coordinates":[-1.95,51.32]},"properties":{"id":"c88f3612a260","title":"Aldbourne (2), nr Swindon, Wiltshire (reported 2005-07-24)","date":"2005-07-24","datePrecision":"d","country":"United Kingdom","region":"Wiltshire","coordSource":"rc","source":"cca"}},{"type":"Feature","geometry":{"type":"Point","coordinates":[-1.95,51.32]},"properties":{"id":"079b2c8f4019","title":"Aldbourne (1), nr Swindon, Wiltshire (reported 2005-07-24)","date":"2005-07-24","datePrecision":"d","country":"United Kingdom","region":"Wiltshire","coordSource":"rc","source":"cca"}},{"type":"Feature","geometry":{"type":"Point","coordinates":[-1.95,51.32]},"properties":{"id":"9ee8dc38cbce","title":"East Kennett, nr Avebury, Wiltshire (reported 2005-07-24)","date":"2005-07-24","datePrecision":"d","country":"United Kingdom","region":"Wiltshire","coordSource":"rc","source":"cca"}},{"type":"Feature","geometry":{"type":"Point","coordinates":[-1.95,51.32]},"properties":{"id":"c9d91f9bcedc","title":"Avebury Henge, Nr Avebury, Wiltshire (reported 2005-07-24)","date":"2005-07-24","datePrecision":"d","country":"United Kingdom","region":"Wiltshire","coordSource":"rc","source":"cca"}},{"type":"Feature","geometry":{"type":"Point","coordinates":[0.25,50.93]},"properties":{"id":"72792bf66a7d","title":"Houndean Bottom, Nr Lewes, east Sussex (reported 2005-07-26)","date":"2005-07-26","datePrecision":"d","country":"United Kingdom","region":"east Sussex","coordSource":"rc","source":"cca"}},{"type":"Feature","geometry":{"type":"Point","coordinates":[-1.95,51.32]},"properties":{"id":"0ded4138fa64","title":"Avebury Manor, nr Avebury, Wiltshire (reported 2005-07-27)","date":"2005-07-27","datePrecision":"d","country":"United Kingdom","region":"Wiltshire","coordSource":"rc","source":"cca"}},{"type":"Feature","geometry":{"type":"Point","coordinates":[-1.95,51.32]},"properties":{"id":"f3d2e5cc63c8","title":"Avebury Stone Avenue, nr Avebury, Wiltshire (reported 2005-07-29)","date":"2005-07-29","datePrecision":"d","country":"United Kingdom","region":"Wiltshire","coordSource":"rc","source":"cca"}},{"type":"Feature","geometry":{"type":"Point","coordinates":[-1.83313,51.42079]},"properties":{"id":"f8c264f89524","title":"The Ridgeway, nr Avebury, Wiltshire (reported 2005-07-31)","date":"2005-07-31","datePrecision":"d","country":"United Kingdom","region":"Wiltshire","coordSource":"og","source":"cca"}},{"type":"Feature","geometry":{"type":"Point","coordinates":[-1.95,51.32]},"properties":{"id":"35f8fe43d42c","title":"Collingbourne Kingston, nr Ludgershall, Wiltshire (reported 2005-08-03)","date":"2005-08-03","datePrecision":"d","country":"United Kingdom","region":"Wiltshire","coordSource":"rc","source":"cca"}},{"type":"Feature","geometry":{"type":"Point","coordinates":[-1.95,51.32]},"properties":{"id":"e95cbdc3a455","title":"Savernake Forest, nr Marlborough, Wiltshire (reported 2005-08-03)","date":"2005-08-03","datePrecision":"d","country":"United Kingdom","region":"Wiltshire","coordSource":"rc","source":"cca"}},{"type":"Feature","geometry":{"type":"Point","coordinates":[-1.95,51.32]},"properties":{"id":"d68c64a2830c","title":"Shalbourne, nr Oxenwood, Wiltshire (reported 2005-08-07)","date":"2005-08-07","datePrecision":"d","country":"United Kingdom","region":"Wiltshire","coordSource":"rc","source":"cca"}},{"type":"Feature","geometry":{"type":"Point","coordinates":[-1.88231,51.31116]},"properties":{"id":"8f6050b0ed5e","title":"Marden, Nr Chirton, Wiltshire (reported 2005-08-09)","date":"2005-08-09","datePrecision":"d","country":"United Kingdom","region":"Wiltshire","coordSource":"og","source":"cca"}},{"type":"Feature","geometry":{"type":"Point","coordinates":[-1.59009,51.56823]},"properties":{"id":"774d153e5ea6","title":"Wayland's Smithy, nr Ashbury, Oxfordshire (reported 2005-08-09)","date":"2005-08-09","datePrecision":"d","country":"United Kingdom","region":"Oxfordshire","coordSource":"og","source":"cca"}},{"type":"Feature","geometry":{"type":"Point","coordinates":[-0.43,50.95]},"properties":{"id":"4e1aa1f211b8","title":"Lancing, nr Worthing, West Sussex (reported 2005-08-09)","date":"2005-08-09","datePrecision":"d","country":"United Kingdom","region":"West Sussex","coordSource":"rc","source":"cca"}},{"type":"Feature","geometry":{"type":"Point","coordinates":[-75.53,42.95]},"properties":{"id":"c294e5b70e5e","title":"Canisteo, Steuben County (August 12, 2005)","date":"2005-08-12","datePrecision":"d","country":"United States","region":"New York","coordSource":"rc","source":"iccra","tags":[]}},{"type":"Feature","geometry":{"type":"Point","coordinates":[-82.79,40.29]},"properties":{"id":"ea2a9c92817a","title":"Yellow Springs, Greene County (August 12, 2005)","date":"2005-08-12","datePrecision":"d","country":"United States","region":"Ohio","coordSource":"rc","source":"iccra","tags":[]}},{"type":"Feature","geometry":{"type":"Point","coordinates":[0.73,51.2]},"properties":{"id":"6a78fe259e61","title":"Bluebell Hill, nr Maidstone, Kent (reported 2005-08-12)","date":"2005-08-12","datePrecision":"d","country":"United Kingdom","region":"Kent","coordSource":"rc","source":"cca"}},{"type":"Feature","geometry":{"type":"Point","coordinates":[-1.27,51.76]},"properties":{"id":"5f4eed77ed9f","title":"Woolstone Hill, nr Uffington, Oxfordshire (reported 2005-08-13)","date":"2005-08-13","datePrecision":"d","country":"United Kingdom","region":"Oxfordshire","coordSource":"rc","source":"cca"}},{"type":"Feature","geometry":{"type":"Point","coordinates":[-3.06521,56.37042]},"properties":{"id":"a8d904126428","title":"Luthrie, Nr Dundee, North East Fife, Scotland (reported 2005-08-14)","date":"2005-08-14","datePrecision":"d","country":"United Kingdom","region":"Scotland","coordSource":"og","source":"cca"}},{"type":"Feature","geometry":{"type":"Point","coordinates":[-0.75869,51.79649]},"properties":{"id":"b8388185cdaf","title":"Weston Turville, nr Aylesbury, Buckinghamshire (reported 2005-08-15)","date":"2005-08-15","datePrecision":"d","country":"United Kingdom","region":"Buckinghamshire","coordSource":"og","source":"cca"}},{"type":"Feature","geometry":{"type":"Point","coordinates":[-105.55,38.99]},"properties":{"id":"7da5c6bc183f","title":"[Northern] (August 18, 2005)","date":"2005-08-18","datePrecision":"d","country":"United States","region":"Colorado","coordSource":"rc","source":"iccra","tags":["pathway","ring"]}},{"type":"Feature","geometry":{"type":"Point","coordinates":[-100.47,47.45]},"properties":{"id":"dfca6c03041e","title":"Northwood, Grand Forks County (August 19, 2005)","date":"2005-08-19","datePrecision":"d","country":"United States","region":"North Dakota","coordSource":"rc","source":"iccra","tags":["circle"]}},{"type":"Feature","geometry":{"type":"Point","coordinates":[-1.88231,51.31116]},"properties":{"id":"62d814c530a0","title":"Marden (2), Nr Chirton, Wiltshire (reported 2005-08-20)","date":"2005-08-20","datePrecision":"d","country":"United Kingdom","region":"Wiltshire","coordSource":"og","source":"cca"}},{"type":"Feature","geometry":{"type":"Point","coordinates":[0.35144,51.39103]},"properties":{"id":"6a7a4e7232dd","title":"Meopham Station (2), nr Sole Stree, Kent (reported 2005-08-20)","date":"2005-08-20","datePrecision":"d","country":"United Kingdom","region":"Kent","coordSource":"og","source":"cca"}},{"type":"Feature","geometry":{"type":"Point","coordinates":[-89.2,40.04]},"properties":{"id":"66c4eb7271b8","title":"Coles County * (August 21, 2005)","date":"2005-08-21","datePrecision":"d","country":"United States","region":"Illinois","coordSource":"rc","source":"iccra","tags":["circle","crescent","star"]}},{"type":"Feature","geometry":{"type":"Point","coordinates":[-1.93377,51.43978]},"properties":{"id":"01d003290264","title":"Juggler's Lane, Nr Cherhill, Wiltshire (reported 2005-08-21)","date":"2005-08-21","datePrecision":"d","country":"United Kingdom","region":"Wiltshire","coordSource":"og","source":"cca"}},{"type":"Feature","geometry":{"type":"Point","coordinates":[-1.95,51.32]},"properties":{"id":"f02e7f8a2498","title":"East Field (2), nr Alton Priors, Wiltshire (reported 2005-08-21)","date":"2005-08-21","datePrecision":"d","country":"United Kingdom","region":"Wiltshire","coordSource":"rc","source":"cca"}},{"type":"Feature","geometry":{"type":"Point","coordinates":[6.62,52.86]},"properties":{"id":"1b0c08432229","title":"Diever, Drenthe, 28-08-2005","date":"2005-08-28","datePrecision":"d","country":"Netherlands","region":"Drenthe","coordSource":"rc","source":"dcca","tags":["circle"]}},{"type":"Feature","geometry":{"type":"Point","coordinates":[-1.94097,51.43528]},"properties":{"id":"d16867ab4412","title":"Juggler's Lane (2), Nr Cherhill, Wiltshire (reported 2005-08-28)","date":"2005-08-28","datePrecision":"d","country":"United Kingdom","region":"Wiltshire","coordSource":"og","source":"cca"}},{"type":"Feature","geometry":{"type":"Point","coordinates":[-92.46,38.35]},"properties":{"id":"e32059789dcb","title":"St. Joseph, Buchanan County (October 14, 2005)","date":"2005-10-14","datePrecision":"d","country":"United States","region":"Missouri","coordSource":"rc","source":"iccra","tags":["circle"]}},{"type":"Feature","geometry":{"type":"Point","coordinates":[-75.53,42.95]},"properties":{"id":"b705de250e3e","title":"Mendon, Monroe County (October 14, 2005)","date":"2005-10-14","datePrecision":"d","country":"United States","region":"New York","coordSource":"rc","source":"iccra","tags":["circle","oval"]}},{"type":"Feature","geometry":{"type":"Point","coordinates":[-99.33,31.48]},"properties":{"id":"f58a30cd1ac3","title":"Sabine Pass, Jefferson County (November 30, 2005)","date":"2005-11-30","datePrecision":"d","country":"United States","region":"Texas","coordSource":"rc","source":"iccra","tags":["circle","serpent"]}},{"type":"Feature","geometry":{"type":"Point","coordinates":[-69.24,45.37]},"properties":{"id":"56bf5db848f4","title":"Waldo County (December 26, 2005)","date":"2005-12-26","datePrecision":"d","country":"United States","region":"Maine","coordSource":"rc","source":"iccra"}},{"type":"Feature","geometry":{"type":"Point","coordinates":[-86.35,35.86]},"properties":{"id":"0bb6e7371d8f","title":"[South-Central TN], (Fall 2006)","date":"2006","datePrecision":"y","country":"United States","region":"Tennessee","coordSource":"rc","source":"iccra"}},{"type":"Feature","geometry":{"type":"Point","coordinates":[-82.79,40.29]},"properties":{"id":"9326c5d12c3b","title":"Fairfax, Highland County (April 21, 2006)","date":"2006-04-21","datePrecision":"d","country":"United States","region":"Ohio","coordSource":"rc","source":"iccra"}},{"type":"Feature","geometry":{"type":"Point","coordinates":[-82.79,40.29]},"properties":{"id":"7e7a31053510","title":"Eagle Township, Brown County (May 21, 2006)","date":"2006-05-21","datePrecision":"d","country":"United States","region":"Ohio","coordSource":"rc","source":"iccra"}},{"type":"Feature","geometry":{"type":"Point","coordinates":[-86.28,39.89]},"properties":{"id":"e61b54bd4d26","title":"Huntingburg, Dubois County (June 26, 2006)","date":"2006-06-26","datePrecision":"d","country":"United States","region":"Indiana","coordSource":"rc","source":"iccra"}},{"type":"Feature","geometry":{"type":"Point","coordinates":[-85.41,44.35]},"properties":{"id":"943af855c728","title":"New Lothrop, Shiawassee County (June 28, 2006)","date":"2006-06-28","datePrecision":"d","country":"United States","region":"Michigan","coordSource":"rc","source":"iccra"}},{"type":"Feature","geometry":{"type":"Point","coordinates":[-85.41,44.35]},"properties":{"id":"e68799661cff","title":"Holt, Ingham County (June 28, 2006)","date":"2006-06-28","datePrecision":"d","country":"United States","region":"Michigan","coordSource":"rc","source":"iccra"}},{"type":"Feature","geometry":{"type":"Point","coordinates":[-85.41,44.35]},"properties":{"id":"f9c5b995d93f","title":"Hartland, Livingston County (June 28, 2006)","date":"2006-06-28","datePrecision":"d","country":"United States","region":"Michigan","coordSource":"rc","source":"iccra"}},{"type":"Feature","geometry":{"type":"Point","coordinates":[-1.95,51.32]},"properties":{"id":"bdcef0500771","title":"Avebury Trusloe, Nr Beckhampton, Wiltshire (reported 2006-06-30)","date":"2006-06-30","datePrecision":"d","country":"United Kingdom","region":"Wiltshire","coordSource":"rc","source":"cca"}},{"type":"Feature","geometry":{"type":"Point","coordinates":[5.94,52.06]},"properties":{"id":"742088e57e75","title":"Berg en Dal, Gelderland, 06-07-2006","date":"2006-07-06","datePrecision":"d","country":"Netherlands","region":"Gelderland","coordSource":"rc","source":"dcca","tags":["circle","ring"]}},{"type":"Feature","geometry":{"type":"Point","coordinates":[-82.79,40.29]},"properties":{"id":"87cb0bd2b604","title":"Newbury, Geauga County (July 7, 2006)","date":"2006-07-07","datePrecision":"d","country":"United States","region":"Ohio","coordSource":"rc","source":"iccra"}},{"type":"Feature","geometry":{"type":"Point","coordinates":[5.2,51.56]},"properties":{"id":"f1940caad69a","title":"Hoeven, Noord Brabant, 08-07-2006","date":"2006-07-08","datePrecision":"d","country":"Netherlands","region":"Noord Brabant","coordSource":"rc","source":"dcca","tags":["circle","ring"]}},{"type":"Feature","geometry":{"type":"Point","coordinates":[-1.59314,51.56227]},"properties":{"id":"41c4bea81e4e","title":"Wayland Smithy, nr Ashbury, Oxfordshire (reported 2006-07-08)","date":"2006-07-08","datePrecision":"d","country":"United Kingdom","region":"Oxfordshire","coordSource":"og","source":"cca"}},{"type":"Feature","geometry":{"type":"Point","coordinates":[5.2,51.56]},"properties":{"id":"430a11e1f61b","title":"Zevenbergen, Noord Brabant, 13-07-2006","date":"2006-07-13","datePrecision":"d","country":"Netherlands","region":"Noord Brabant","coordSource":"rc","source":"dcca","tags":["circle","cross","ring"]}},{"type":"Feature","geometry":{"type":"Point","coordinates":[3.85,51.49]},"properties":{"id":"466c64330e18","title":"Dreischor, Zeeland, 16-07-2006","date":"2006-07-16","datePrecision":"d","country":"Netherlands","region":"Zeeland","coordSource":"rc","source":"dcca","tags":[]}},{"type":"Feature","geometry":{"type":"Point","coordinates":[5.2,51.56]},"properties":{"id":"bdaa377aabac","title":"Etten-Leur, Noord Brabant, 16-07-2006","date":"2006-07-16","datePrecision":"d","country":"Netherlands","region":"Noord Brabant","coordSource":"rc","source":"dcca","tags":["circle","cross"]}},{"type":"Feature","geometry":{"type":"Point","coordinates":[-82.79,40.29]},"properties":{"id":"6d8b6e44ed4d","title":"Sandyville, Tuscarawas County (July 22, 2006)","date":"2006-07-22","datePrecision":"d","country":"United States","region":"Ohio","coordSource":"rc","source":"iccra"}},{"type":"Feature","geometry":{"type":"Point","coordinates":[3.85,51.49]},"properties":{"id":"859c6cd3dddc","title":"Wilhelminadorp, Zeeland, 25-07-2006","date":"2006-07-25","datePrecision":"d","country":"Netherlands","region":"Zeeland","coordSource":"rc","source":"dcca","tags":["circle"]}},{"type":"Feature","geometry":{"type":"Point","coordinates":[-89.2,40.04]},"properties":{"id":"9bef8505de32","title":"Belleville, St. Clair County (July 29, 2006)","date":"2006-07-29","datePrecision":"d","country":"United States","region":"Illinois","coordSource":"rc","source":"iccra"}},{"type":"Feature","geometry":{"type":"Point","coordinates":[-85.41,44.35]},"properties":{"id":"bcbcdeb17a83","title":"Dowling, Barry County (August 5, 2006)","date":"2006-08-05","datePrecision":"d","country":"United States","region":"Michigan","coordSource":"rc","source":"iccra"}},{"type":"Feature","geometry":{"type":"Point","coordinates":[-89.2,40.04]},"properties":{"id":"215fbe863ca1","title":"Geneseo, Henry County (August 17, 2006)","date":"2006-08-17","datePrecision":"d","country":"United States","region":"Illinois","coordSource":"rc","source":"iccra"}},{"type":"Feature","geometry":{"type":"Point","coordinates":[-89.2,40.04]},"properties":{"id":"ce1d41bca97c","title":"St. Clair County (*exact location withheld by ICCRA) (August 20, 2006)","date":"2006-08-20","datePrecision":"d","country":"United States","region":"Illinois","coordSource":"rc","source":"iccra"}},{"type":"Feature","geometry":{"type":"Point","coordinates":[-82.79,40.29]},"properties":{"id":"f0a80ea2e11e","title":"Bucyrus, Crawford County (August 31, 2006)","date":"2006-08-31","datePrecision":"d","country":"United States","region":"Ohio","coordSource":"rc","source":"iccra"}},{"type":"Feature","geometry":{"type":"Point","coordinates":[-99.8,41.54]},"properties":{"id":"3f7abe57efbf","title":"Hoag, Gage County (September 7, 2006)","date":"2006-09-07","datePrecision":"d","country":"United States","region":"Nebraska","coordSource":"rc","source":"iccra"}},{"type":"Feature","geometry":{"type":"Point","coordinates":[-99.33,31.48]},"properties":{"id":"7b2b1e460189","title":"Rio Hondo, Cameron County (September 7, 2006)","date":"2006-09-07","datePrecision":"d","country":"United States","region":"Texas","coordSource":"rc","source":"iccra"}},{"type":"Feature","geometry":{"type":"Point","coordinates":[-98.38,38.49]},"properties":{"id":"0556de59d11d","title":"Beloit, Mitchell County (September 10, 2006)","date":"2006-09-10","datePrecision":"d","country":"United States","region":"Kansas","coordSource":"rc","source":"iccra"}},{"type":"Feature","geometry":{"type":"Point","coordinates":[-85.41,44.35]},"properties":{"id":"a67a579c52bb","title":"Howell, Livingston County (October 14, 2006)","date":"2006-10-14","datePrecision":"d","country":"United States","region":"Michigan","coordSource":"rc","source":"iccra"}},{"type":"Feature","geometry":{"type":"Point","coordinates":[-77.8,40.88]},"properties":{"id":"887e89e9386f","title":"[Central PA, near Harrisburg] (*location withheld by BLT, Inc.) (October 28, 2006)","date":"2006-10-28","datePrecision":"d","country":"United States","region":"Pennsylvania","coordSource":"rc","source":"iccra"}},{"type":"Feature","geometry":{"type":"Point","coordinates":[-85.41,44.35]},"properties":{"id":"4ff4bb32bfd6","title":"Amasa, Iron County (December, 2006)","date":"2006-12","datePrecision":"m","country":"United States","region":"Michigan","coordSource":"rc","source":"iccra"}},{"type":"Feature","geometry":{"type":"Point","coordinates":[-120.56,43.93]},"properties":{"id":"632a3084416a","title":"Ashland, Jackson County (2007)","date":"2007","datePrecision":"y","country":"United States","region":"Oregon","coordSource":"rc","source":"iccra"}},{"type":"Feature","geometry":{"type":"Point","coordinates":[-1.807,51.4792]},"properties":{"id":"8bc7e7681a1d","title":"Crop Circle at 2007.","date":"2007","datePrecision":"y","country":"United Kingdom","coordSource":"og","source":"cca"}},{"type":"Feature","geometry":{"type":"Point","coordinates":[5.2,51.56]},"properties":{"id":"32133f13e201","title":"Hoeven, Noord Brabant, 15-03-2007","date":"2007-03-15","datePrecision":"d","country":"Netherlands","region":"Noord Brabant","coordSource":"rc","source":"dcca","tags":["circle"]}},{"type":"Feature","geometry":{"type":"Point","coordinates":[-111.66,34.27]},"properties":{"id":"841990fb3e7c","title":"Chandler, Maricopa County (March 25, 2007)","date":"2007-03-25","datePrecision":"d","country":"United States","region":"Arizona","coordSource":"rc","source":"iccra"}},{"type":"Feature","geometry":{"type":"Point","coordinates":[-1.99851,51.38225]},"properties":{"id":"e46e590a5bb6","title":"Oliver's Castle, Nr Devizes, Wiltshire (reported 2007-04-15)","date":"2007-04-15","datePrecision":"d","country":"United Kingdom","region":"Wiltshire","coordSource":"og","source":"cca"}},{"type":"Feature","geometry":{"type":"Point","coordinates":[-1.31,51.06]},"properties":{"id":"4f2086e35fa2","title":"Chilcomb Down, Nr Winchester, Hampshire (reported 2007-04-22)","date":"2007-04-22","datePrecision":"d","country":"United Kingdom","region":"Hampshire","coordSource":"rc","source":"cca"}},{"type":"Feature","geometry":{"type":"Point","coordinates":[-1.95,51.32]},"properties":{"id":"a57bd60c3f97","title":"Hullavington Airfield, nr Malmesbury, Wilshire (reported 2007-04-22)","date":"2007-04-22","datePrecision":"d","country":"United Kingdom","region":"Wilshire","coordSource":"rc","source":"cca"}},{"type":"Feature","geometry":{"type":"Point","coordinates":[-92,31.07]},"properties":{"id":"bf8c1003731c","title":"Epps, West Carroll County (May 10, 2007)","date":"2007-05-10","datePrecision":"d","country":"United States","region":"Louisiana","coordSource":"rc","source":"iccra"}},{"type":"Feature","geometry":{"type":"Point","coordinates":[-119.47,37.18]},"properties":{"id":"1eddac5c6811","title":"Red Bluff, Tehama County (May 11, 2007)","date":"2007-05-11","datePrecision":"d","country":"United States","region":"California","coordSource":"rc","source":"iccra"}},{"type":"Feature","geometry":{"type":"Point","coordinates":[-1.95108,51.39932]},"properties":{"id":"c2a0ed0b5c62","title":"Morgan Hill, Nr Devizes, Wiltshire (reported 2007-05-18)","date":"2007-05-18","datePrecision":"d","country":"United Kingdom","region":"Wiltshire","coordSource":"og","source":"cca"}},{"type":"Feature","geometry":{"type":"Point","coordinates":[-98.38,38.49]},"properties":{"id":"89064f5d840b","title":"Mission, Johnson County (May 21, 2007)","date":"2007-05-21","datePrecision":"d","country":"United States","region":"Kansas","coordSource":"rc","source":"iccra"}},{"type":"Feature","geometry":{"type":"Point","coordinates":[-86.35,35.86]},"properties":{"id":"d816ff345aaa","title":"Madisonville, Monroe County (May 22, 2007)","date":"2007-05-22","datePrecision":"d","country":"United States","region":"Tennessee","coordSource":"rc","source":"iccra","tags":[]}},{"type":"Feature","geometry":{"type":"Point","coordinates":[-1.95,51.32]},"properties":{"id":"b3f11e8920db","title":"Wexcombe Down, nr Wexcombe, Wiltshire (reported 2007-05-22)","date":"2007-05-22","datePrecision":"d","country":"United Kingdom","region":"Wiltshire","coordSource":"rc","source":"cca"}},{"type":"Feature","geometry":{"type":"Point","coordinates":[-1.95,51.32]},"properties":{"id":"e0df95077b76","title":"Winterbourne Monkton, nr Avebury, Wiltshire (reported 2007-05-23)","date":"2007-05-23","datePrecision":"d","country":"United Kingdom","region":"Wiltshire","coordSource":"rc","source":"cca"}},{"type":"Feature","geometry":{"type":"Point","coordinates":[-1.95,51.32]},"properties":{"id":"030ac7e774c4","title":"Yatesbury Field (1), nr Avebury Trusloe, Wiltshire (reported 2007-05-30)","date":"2007-05-30","datePrecision":"d","country":"United Kingdom","region":"Wiltshire","coordSource":"rc","source":"cca"}},{"type":"Feature","geometry":{"type":"Point","coordinates":[-1.95,51.32]},"properties":{"id":"ee783f9de85f","title":"Yatesbury Field (2), nr Avebury Trusloe, Wiltshire (reported 2007-05-30)","date":"2007-05-30","datePrecision":"d","country":"United Kingdom","region":"Wiltshire","coordSource":"rc","source":"cca"}},{"type":"Feature","geometry":{"type":"Point","coordinates":[-1.95,51.32]},"properties":{"id":"531b7db420d1","title":"East Field, nr Alton Barnes, Wiltshire (reported 2007-06-03)","date":"2007-06-03","datePrecision":"d","country":"United Kingdom","region":"Wiltshire","coordSource":"rc","source":"cca"}},{"type":"Feature","geometry":{"type":"Point","coordinates":[-1.7489,51.30645]},"properties":{"id":"ea7f3900cfe8","title":"Abbots Down, Nr Pewsey, Wiltshire (reported 2007-06-06)","date":"2007-06-06","datePrecision":"d","country":"United Kingdom","region":"Wiltshire","coordSource":"og","source":"cca"}},{"type":"Feature","geometry":{"type":"Point","coordinates":[-1.95,51.32]},"properties":{"id":"8b95ae923178","title":"White Horse Milk Hill, nr Alton Barnes, Wiltshire (reported 2007-06-07)","date":"2007-06-07","datePrecision":"d","country":"United Kingdom","region":"Wiltshire","coordSource":"rc","source":"cca"}},{"type":"Feature","geometry":{"type":"Point","coordinates":[-1.40875,51.09571]},"properties":{"id":"04dfa79399f1","title":"Up Somborne, nr Winchester, Hampshire (reported 2007-06-10)","date":"2007-06-10","datePrecision":"d","country":"United Kingdom","region":"Hampshire","coordSource":"og","source":"cca"}},{"type":"Feature","geometry":{"type":"Point","coordinates":[-0.42097,51.95789]},"properties":{"id":"c4de2a78636f","title":"Church Road, nr Barton-Le-Clay, Bedfordshire (reported 2007-06-11)","date":"2007-06-11","datePrecision":"d","country":"United Kingdom","region":"Bedfordshire","coordSource":"og","source":"cca"}},{"type":"Feature","geometry":{"type":"Point","coordinates":[-1.69413,51.34588]},"properties":{"id":"9fa6ab53a5fd","title":"Easton Royal, nr Burbage, Wiltshire (reported 2007-06-12)","date":"2007-06-12","datePrecision":"d","country":"United Kingdom","region":"Wiltshire","coordSource":"og","source":"cca"}},{"type":"Feature","geometry":{"type":"Point","coordinates":[-92.44,34.89]},"properties":{"id":"8c51cc4e3005","title":"(Northeastern) [*Location withheld by BLT, Inc.], (June 14, 2007)","date":"2007-06-14","datePrecision":"d","country":"United States","region":"Arkansas","coordSource":"rc","source":"iccra"}},{"type":"Feature","geometry":{"type":"Point","coordinates":[-2.15185,51.25716]},"properties":{"id":"dc1ab3988360","title":"Westbury Hill, nr Westbury, Wiltshire (reported 2007-06-14)","date":"2007-06-14","datePrecision":"d","country":"United Kingdom","region":"Wiltshire","coordSource":"og","source":"cca"}},{"type":"Feature","geometry":{"type":"Point","coordinates":[-1.80447,51.39647]},"properties":{"id":"eb5917b92308","title":"Westwoods, Nr Lockeridge,Wiltshire (reported 2007-06-16)","date":"2007-06-16","datePrecision":"d","country":"United Kingdom","region":"Wiltshire","coordSource":"og","source":"cca"}},{"type":"Feature","geometry":{"type":"Point","coordinates":[-1.95,51.32]},"properties":{"id":"a076613a5d7e","title":"Alton Barnes Crossroads, Nr Devizes, Wiltshire (reported 2007-06-19)","date":"2007-06-19","datePrecision":"d","country":"United Kingdom","region":"Wiltshire","coordSource":"rc","source":"cca"}},{"type":"Feature","geometry":{"type":"Point","coordinates":[5.2,51.56]},"properties":{"id":"b8d7ed2fe4bb","title":"Bosschenhoofd (1), Noord Brabant, 22-06-2007","date":"2007-06-22","datePrecision":"d","country":"Netherlands","region":"Noord Brabant","coordSource":"rc","source":"dcca","tags":[]}},{"type":"Feature","geometry":{"type":"Point","coordinates":[-1.77987,51.4306]},"properties":{"id":"598f1d91b61e","title":"Manton House, Nr Marlborough, Wiltshire (reported 2007-06-22)","date":"2007-06-22","datePrecision":"d","country":"United Kingdom","region":"Wiltshire","coordSource":"og","source":"cca"}},{"type":"Feature","geometry":{"type":"Point","coordinates":[-1.95,51.32]},"properties":{"id":"406b0fdc3286","title":"Westwoods (2), Nr Lockeridge, Wiltshire (reported 2007-06-24)","date":"2007-06-24","datePrecision":"d","country":"United Kingdom","region":"Wiltshire","coordSource":"rc","source":"cca"}},{"type":"Feature","geometry":{"type":"Point","coordinates":[5.2,51.56]},"properties":{"id":"fee68b5f9cbc","title":"Bosschenhoofd (2), Noord Brabant, 26-06-2007","date":"2007-06-26","datePrecision":"d","country":"Netherlands","region":"Noord Brabant","coordSource":"rc","source":"dcca","tags":[]}},{"type":"Feature","geometry":{"type":"Point","coordinates":[-120.45,47.38]},"properties":{"id":"2a16b8c99484","title":"Wilbur, Lincoln County (June 27, 2007)","date":"2007-06-27","datePrecision":"d","country":"United States","region":"Washington","coordSource":"rc","source":"iccra"}},{"type":"Feature","geometry":{"type":"Point","coordinates":[5.2,51.56]},"properties":{"id":"43b88104030c","title":"Bosschenhoofd (3), Noord Brabant, 28-06-2007","date":"2007-06-28","datePrecision":"d","country":"Netherlands","region":"Noord Brabant","coordSource":"rc","source":"dcca","tags":[]}},{"type":"Feature","geometry":{"type":"Point","coordinates":[-1.85187,51.40733]},"properties":{"id":"483a2a1f1c7d","title":"West Kennett Long Barrow, Nr Avebury, Wiltshire (reported 2007-06-28)","date":"2007-06-28","datePrecision":"d","country":"United Kingdom","region":"Wiltshire","coordSource":"og","source":"cca"}},{"type":"Feature","geometry":{"type":"Point","coordinates":[5.2,51.56]},"properties":{"id":"121783b9850a","title":"Bosschenhoofd (4), Noord Brabant, 29-06-2007","date":"2007-06-29","datePrecision":"d","country":"Netherlands","region":"Noord Brabant","coordSource":"rc","source":"dcca","tags":[]}},{"type":"Feature","geometry":{"type":"Point","coordinates":[-1.95,51.32]},"properties":{"id":"76b12667aeab","title":"Golden Ball Hill, Nr Alton Barnes, Wiltshire (reported 2007-06-29)","date":"2007-06-29","datePrecision":"d","country":"United Kingdom","region":"Wiltshire","coordSource":"rc","source":"cca"}},{"type":"Feature","geometry":{"type":"Point","coordinates":[-1.16345,51.70836]},"properties":{"id":"8948f4924910","title":"Southend, Nr Garsington, Oxfordshire (reported 2007-06-29)","date":"2007-06-29","datePrecision":"d","country":"United Kingdom","region":"Oxfordshire","coordSource":"og","source":"cca"}},{"type":"Feature","geometry":{"type":"Point","coordinates":[5.2,51.56]},"properties":{"id":"30c549846dd6","title":"Bosschenhoofd (5), Noord Brabant, 01-07-2007","date":"2007-07-01","datePrecision":"d","country":"Netherlands","region":"Noord Brabant","coordSource":"rc","source":"dcca","tags":[]}},{"type":"Feature","geometry":{"type":"Point","coordinates":[-1.95,51.32]},"properties":{"id":"1db455efc44f","title":"East Field, nr Alton Barnes, Wiltshire (reported 2007-07-07)","date":"2007-07-07","datePrecision":"d","country":"United Kingdom","region":"Wiltshire","coordSource":"rc","source":"cca"}},{"type":"Feature","geometry":{"type":"Point","coordinates":[-1.6048,51.54883]},"properties":{"id":"fd8c7689ead5","title":"Hailey Wood, Nr Ashbury, Oxfordshire (reported 2007-07-16)","date":"2007-07-16","datePrecision":"d","country":"United Kingdom","region":"Oxfordshire","coordSource":"og","source":"cca"}},{"type":"Feature","geometry":{"type":"Point","coordinates":[5.2,51.56]},"properties":{"id":"75ff1c0dcf51","title":"Hoeven (2), Noord Brabant, 17-07-2007","date":"2007-07-17","datePrecision":"d","country":"Netherlands","region":"Noord Brabant","coordSource":"rc","source":"dcca","tags":["circle"]}},{"type":"Feature","geometry":{"type":"Point","coordinates":[5.2,51.56]},"properties":{"id":"5b406f43eca9","title":"Zevenbergen, Noord Brabant, 19-07-2007","date":"2007-07-19","datePrecision":"d","country":"Netherlands","region":"Noord Brabant","coordSource":"rc","source":"dcca","tags":["circle","key-claw"]}},{"type":"Feature","geometry":{"type":"Point","coordinates":[5.2,51.56]},"properties":{"id":"e8d5585ced3a","title":"Standaardbuiten (1), Noord Brabant, 22-07-2007","date":"2007-07-22","datePrecision":"d","country":"Netherlands","region":"Noord Brabant","coordSource":"rc","source":"dcca","tags":[]}},{"type":"Feature","geometry":{"type":"Point","coordinates":[5.2,51.56]},"properties":{"id":"29f801e5013e","title":"Standaardbuiten (2), Noord Brabant, 25-07-2007","date":"2007-07-25","datePrecision":"d","country":"Netherlands","region":"Noord Brabant","coordSource":"rc","source":"dcca","tags":[]}},{"type":"Feature","geometry":{"type":"Point","coordinates":[-1.95,51.32]},"properties":{"id":"1bc056f137cb","title":"Sugar Hill, nr Upper Upham, Wiltshire (reported 2007-08-01)","date":"2007-08-01","datePrecision":"d","country":"United Kingdom","region":"Wiltshire","coordSource":"rc","source":"cca"}},{"type":"Feature","geometry":{"type":"Point","coordinates":[-1.95,51.32]},"properties":{"id":"80808570f546","title":"Pewsey White Horse, nr Pewsey, Wiltshire (reported 2007-08-04)","date":"2007-08-04","datePrecision":"d","country":"United Kingdom","region":"Wiltshire","coordSource":"rc","source":"cca"}},{"type":"Feature","geometry":{"type":"Point","coordinates":[-1.7685,51.4045]},"properties":{"id":"c54a640c561c","title":"Westwoods (3), Nr Marlborough, Wiltshire (reported 2007-08-09)","date":"2007-08-09","datePrecision":"d","country":"United Kingdom","region":"Wiltshire","coordSource":"og","source":"cca"}},{"type":"Feature","geometry":{"type":"Point","coordinates":[-1.86638,51.36149]},"properties":{"id":"176b0a288802","title":"Stanton St Bernard, nr Alton Barnes, Wilshire (reported 2007-08-12)","date":"2007-08-12","datePrecision":"d","country":"United Kingdom","region":"Wilshire","coordSource":"og","source":"cca"}},{"type":"Feature","geometry":{"type":"Point","coordinates":[-1.81595,51.40099]},"properties":{"id":"b342eba8192f","title":"West Overton, nr East Kennett, Wiltshire (reported 2007-08-17)","date":"2007-08-17","datePrecision":"d","country":"United Kingdom","region":"Wiltshire","coordSource":"og","source":"cca"}},{"type":"Feature","geometry":{"type":"Point","coordinates":[-1.95,51.32]},"properties":{"id":"51dad8f62554","title":"North Down, nr Beckhampton, Wiltshire (reported 2007-08-19)","date":"2007-08-19","datePrecision":"d","country":"United Kingdom","region":"Wiltshire","coordSource":"rc","source":"cca"}},{"type":"Feature","geometry":{"type":"Point","coordinates":[-82.79,40.29]},"properties":{"id":"6e436f328ce7","title":"Madisonburg, Wayne County (September 1, 2007)","date":"2007-09-01","datePrecision":"d","country":"United States","region":"Ohio","coordSource":"rc","source":"iccra"}},{"type":"Feature","geometry":{"type":"Point","coordinates":[-1.82741,51.41089]},"properties":{"id":"982450991b8e","title":"The Sanctuary, nr East Kennett, Wiltshire (reported 2007-09-12)","date":"2007-09-12","datePrecision":"d","country":"United Kingdom","region":"Wiltshire","coordSource":"og","source":"cca"}},{"type":"Feature","geometry":{"type":"Point","coordinates":[-85.41,44.35]},"properties":{"id":"33d25b0c4663","title":"New Haven Township, Shiawassee County (October 19, 2007)","date":"2007-10-19","datePrecision":"d","country":"United States","region":"Michigan","coordSource":"rc","source":"iccra"}},{"type":"Feature","geometry":{"type":"Point","coordinates":[-1.76835,51.43327]},"properties":{"id":"88308330c730","title":"Red Post Farm, nr Manton, Wiltshire (reported 2007-11-15)","date":"2007-11-15","datePrecision":"d","country":"United Kingdom","region":"Wiltshire","coordSource":"og","source":"cca"}},{"type":"Feature","geometry":{"type":"Point","coordinates":[-1.95,51.32]},"properties":{"id":"9db7731f20a2","title":"Waden Hill, Avebury Wiltshire (reported 2008-04-19)","date":"2008-04-19","datePrecision":"d","country":"United Kingdom","region":"Avebury Wiltshire","coordSource":"rc","source":"cca"}},{"type":"Feature","geometry":{"type":"Point","coordinates":[-1.95,51.32]},"properties":{"id":"3b6f5e75caa3","title":"Below the White Horse, Alton Barnes, Wiltshire (reported 2008-05-04)","date":"2008-05-04","datePrecision":"d","country":"United Kingdom","region":"Wiltshire","coordSource":"rc","source":"cca"}},{"type":"Feature","geometry":{"type":"Point","coordinates":[-86.35,35.86]},"properties":{"id":"2af28351ab52","title":"Madisonville, Monroe County (May 6, 2008)","date":"2008-05-06","datePrecision":"d","country":"United States","region":"Tennessee","coordSource":"rc","source":"iccra","tags":[]}},{"type":"Feature","geometry":{"type":"Point","coordinates":[-1.95,51.32]},"properties":{"id":"12b4374b78a2","title":"Avebury Stone Avenue, nr Avebury, Wiltshire (reported 2008-05-08)","date":"2008-05-08","datePrecision":"d","country":"United Kingdom","region":"Wiltshire","coordSource":"rc","source":"cca"}},{"type":"Feature","geometry":{"type":"Point","coordinates":[-1.27,51.76]},"properties":{"id":"add01b80c746","title":"Ashdown House, Ashbury, Oxfordshire (reported 2008-05-10)","date":"2008-05-10","datePrecision":"d","country":"United Kingdom","region":"Oxfordshire","coordSource":"rc","source":"cca"}},{"type":"Feature","geometry":{"type":"Point","coordinates":[4.87,52.6]},"properties":{"id":"e6e82e845590","title":"Schiphol, Noord Holland, 16-05-2008","date":"2008-05-16","datePrecision":"d","country":"Netherlands","region":"Noord Holland","coordSource":"rc","source":"dcca","tags":["circle"]}},{"type":"Feature","geometry":{"type":"Point","coordinates":[-1.95,51.32]},"properties":{"id":"d4b2b5009473","title":"Hackpen Hill, Wiltshire, UK - 24th May 2008","date":"2008-05-24","datePrecision":"d","country":"United Kingdom","region":"Wiltshire","coordSource":"rc","source":"ircup","tags":["circle"]}},{"type":"Feature","geometry":{"type":"Point","coordinates":[-1.95,51.32]},"properties":{"id":"94fe7ce11303","title":"Hackpen Hill, Nr Winterbourne Monkton, Wiltshire (reported 2008-05-24)","date":"2008-05-24","datePrecision":"d","country":"United Kingdom","region":"Wiltshire","coordSource":"rc","source":"cca"}},{"type":"Feature","geometry":{"type":"Point","coordinates":[-1.95,51.32]},"properties":{"id":"3232c125922f","title":"Barbury Castle, nr Wroughton, Wiltshire (reported 2008-06-01)","date":"2008-06-01","datePrecision":"d","country":"United Kingdom","region":"Wiltshire","coordSource":"rc","source":"cca"}},{"type":"Feature","geometry":{"type":"Point","coordinates":[-1.95,51.32]},"properties":{"id":"43f5730115b8","title":"West Kennett, nr Avebury, Wiltshire (reported 2008-06-06)","date":"2008-06-06","datePrecision":"d","country":"United Kingdom","region":"Wiltshire","coordSource":"rc","source":"cca"}},{"type":"Feature","geometry":{"type":"Point","coordinates":[-1.95,51.32]},"properties":{"id":"0c6114b01898","title":"West Kennett Longbarrow, nr Avebury, Wiltshire (reported 2008-06-09)","date":"2008-06-09","datePrecision":"d","country":"United Kingdom","region":"Wiltshire","coordSource":"rc","source":"cca"}},{"type":"Feature","geometry":{"type":"Point","coordinates":[-1.95,51.32]},"properties":{"id":"cd882c37cc62","title":"North Down, Nr Beckhampton, Wiltshire (reported 2008-06-10)","date":"2008-06-10","datePrecision":"d","country":"United Kingdom","region":"Wiltshire","coordSource":"rc","source":"cca"}},{"type":"Feature","geometry":{"type":"Point","coordinates":[3.85,51.49]},"properties":{"id":"8b8b8b196ae4","title":"Brouwershaven, Zeeland, 12-06-2008","date":"2008-06-12","datePrecision":"d","country":"Netherlands","region":"Zeeland","coordSource":"rc","source":"dcca","tags":[]}},{"type":"Feature","geometry":{"type":"Point","coordinates":[-1.27,51.76]},"properties":{"id":"972f57f03ba8","title":"Uffington White Horse, Oxfordshire, UK - 13th Jun 2008","date":"2008-06-13","datePrecision":"d","country":"United Kingdom","region":"Oxfordshire","coordSource":"rc","source":"ircup","tags":["ring"]}},{"type":"Feature","geometry":{"type":"Point","coordinates":[-1.27,51.76]},"properties":{"id":"0615c12660eb","title":"Uffington, nr Swindon, Oxfordshire (reported 2008-06-13)","date":"2008-06-13","datePrecision":"d","country":"United Kingdom","region":"Oxfordshire","coordSource":"rc","source":"cca"}},{"type":"Feature","geometry":{"type":"Point","coordinates":[5.6,52.53]},"properties":{"id":"9b0d4585498e","title":"Almere, Flevoland, 15-06-2008","date":"2008-06-15","datePrecision":"d","country":"Netherlands","region":"Flevoland","coordSource":"rc","source":"dcca","tags":["circle"]}},{"type":"Feature","geometry":{"type":"Point","coordinates":[-1.95,51.32]},"properties":{"id":"42663e1b4775","title":"The Ridgeway, nr Avebury, Wiltshire (reported 2008-06-15)","date":"2008-06-15","datePrecision":"d","country":"United Kingdom","region":"Wiltshire","coordSource":"rc","source":"cca"}},{"type":"Feature","geometry":{"type":"Point","coordinates":[0.55,51.77]},"properties":{"id":"189a0125bff9","title":"Sutton, Essex (reported 2008-06-15)","date":"2008-06-15","datePrecision":"d","country":"United Kingdom","region":"Essex","coordSource":"rc","source":"cca"}},{"type":"Feature","geometry":{"type":"Point","coordinates":[-1.95,51.32]},"properties":{"id":"fe9e3738e27c","title":"Winterbourne Bassett, nr Avebury, Wiltshire (reported 2008-06-18)","date":"2008-06-18","datePrecision":"d","country":"United Kingdom","region":"Wiltshire","coordSource":"rc","source":"cca"}},{"type":"Feature","geometry":{"type":"Point","coordinates":[-1.95,51.32]},"properties":{"id":"7f4193a9cbcb","title":"Furze Knoll, Wiltshire, UK - 20th Jun 2008","date":"2008-06-20","datePrecision":"d","country":"United Kingdom","region":"Wiltshire","coordSource":"rc","source":"ircup","tags":["ring"]}},{"type":"Feature","geometry":{"type":"Point","coordinates":[-1.95,51.32]},"properties":{"id":"c2dd5434fd7a","title":"Furze Knoll, nr Beckhampton, Wiltshire (reported 2008-06-20)","date":"2008-06-20","datePrecision":"d","country":"United Kingdom","region":"Wiltshire","coordSource":"rc","source":"cca"}},{"type":"Feature","geometry":{"type":"Point","coordinates":[-1.95,51.32]},"properties":{"id":"14474d432efe","title":"Horton nr Devizes, Wiltshire, UK - 24th Jun 2008","date":"2008-06-24","datePrecision":"d","country":"United Kingdom","region":"Wiltshire","coordSource":"rc","source":"ircup","tags":["circle","pathway","ring"]}},{"type":"Feature","geometry":{"type":"Point","coordinates":[5.94,52.06]},"properties":{"id":"fbaaf38f231d","title":"Berg en Dal, Gelderland, 24-06-2008","date":"2008-06-24","datePrecision":"d","country":"Netherlands","region":"Gelderland","coordSource":"rc","source":"dcca","tags":[]}},{"type":"Feature","geometry":{"type":"Point","coordinates":[-1.95,51.32]},"properties":{"id":"eef928549b75","title":"Horton, nr Devizes, Wiltshire (reported 2008-06-24)","date":"2008-06-24","datePrecision":"d","country":"United Kingdom","region":"Wiltshire","coordSource":"rc","source":"cca"}},{"type":"Feature","geometry":{"type":"Point","coordinates":[-4.9,50.4]},"properties":{"id":"56591520b79d","title":"Helston, nr Plymouth, Cornwall (reported 2008-06-25)","date":"2008-06-25","datePrecision":"d","country":"United Kingdom","region":"Cornwall","coordSource":"rc","source":"cca"}},{"type":"Feature","geometry":{"type":"Point","coordinates":[5.2,51.56]},"properties":{"id":"d90c9c66ca02","title":"Standaardbuiten, Noord Brabant, 29-06-2008","date":"2008-06-29","datePrecision":"d","country":"Netherlands","region":"Noord Brabant","coordSource":"rc","source":"dcca","tags":[]}},{"type":"Feature","geometry":{"type":"Point","coordinates":[-1.58,52.28]},"properties":{"id":"782370070636","title":"Nettle Hill, Ansty, Warwickshire (reported 2008-06-29)","date":"2008-06-29","datePrecision":"d","country":"United Kingdom","region":"Warwickshire","coordSource":"rc","source":"cca"}},{"type":"Feature","geometry":{"type":"Point","coordinates":[-1.95,51.32]},"properties":{"id":"1c1555187e0c","title":"All Cannings, nr Devizes, Wiltshire (reported 2008-06-30)","date":"2008-06-30","datePrecision":"d","country":"United Kingdom","region":"Wiltshire","coordSource":"rc","source":"cca"}},{"type":"Feature","geometry":{"type":"Point","coordinates":[-0.42,52.08]},"properties":{"id":"85ff81ecd371","title":"Barton le Clay, Bedfordshire, UK - 14th Jul 2008","date":"2008-07-14","datePrecision":"d","country":"United Kingdom","region":"Bedfordshire","coordSource":"rc","source":"ircup","tags":["crescent","ring","star"]}},{"type":"Feature","geometry":{"type":"Point","coordinates":[-1.95,51.32]},"properties":{"id":"9e972d3f564e","title":"Etchilhampton Hill, Wiltshire, UK - 14th Jul 2008","date":"2008-07-14","datePrecision":"d","country":"United Kingdom","region":"Wiltshire","coordSource":"rc","source":"ircup","tags":["circle","cross","pathway"]}},{"type":"Feature","geometry":{"type":"Point","coordinates":[-106.11,34.41]},"properties":{"id":"c684b05a0b3d","title":"(near Edgewood), Torrance County (July 14, 2008)","date":"2008-07-14","datePrecision":"d","country":"United States","region":"New Mexico","coordSource":"rc","source":"iccra"}},{"type":"Feature","geometry":{"type":"Point","coordinates":[-1.95,51.32]},"properties":{"id":"f9a396930858","title":"Etchilhampton (2), Wiltshire, UK - 15th Jul 2008","date":"2008-07-15","datePrecision":"d","country":"United Kingdom","region":"Wiltshire","coordSource":"rc","source":"ircup","tags":["circle","dumbbell","figure","pathway"]}},{"type":"Feature","geometry":{"type":"Point","coordinates":[-1.95,51.32]},"properties":{"id":"197e81e3f67d","title":"Westwoods, nr Lockeridge, Wiltshire (reported 2008-07-17)","date":"2008-07-17","datePrecision":"d","country":"United Kingdom","region":"Wiltshire","coordSource":"rc","source":"cca"}},{"type":"Feature","geometry":{"type":"Point","coordinates":[-1.95,51.32]},"properties":{"id":"cdb881a7dfd8","title":"Honey Street (4), Nr Alton Barnes, Wiltshire (reported 2008-07-27)","date":"2008-07-27","datePrecision":"d","country":"United Kingdom","region":"Wiltshire","coordSource":"rc","source":"cca"}},{"type":"Feature","geometry":{"type":"Point","coordinates":[-1.27,51.76]},"properties":{"id":"799e432500ff","title":"Watchfield Wind Farm nr Shrivenham, Oxfordshire (reported 2008-08-01)","date":"2008-08-01","datePrecision":"d","country":"United Kingdom","region":"Oxfordshire","coordSource":"rc","source":"cca"}},{"type":"Feature","geometry":{"type":"Point","coordinates":[-1.95,51.32]},"properties":{"id":"c5cf91a56b97","title":"Yatesbury, Nr Beckhampton. Wiltshire (reported 2008-08-03)","date":"2008-08-03","datePrecision":"d","country":"United Kingdom","region":"Nr Beckhampton. Wiltshire","coordSource":"rc","source":"cca"}},{"type":"Feature","geometry":{"type":"Point","coordinates":[0.55,51.77]},"properties":{"id":"c03b8e9ef762","title":"Great Stambridge, nr Rochford, Essex (reported 2008-08-03)","date":"2008-08-03","datePrecision":"d","country":"United Kingdom","region":"Essex","coordSource":"rc","source":"cca"}},{"type":"Feature","geometry":{"type":"Point","coordinates":[-1.95,51.32]},"properties":{"id":"66c99635a169","title":"West Wick, nr Oare, Wiltshire (reported 2008-08-06)","date":"2008-08-06","datePrecision":"d","country":"United Kingdom","region":"Wiltshire","coordSource":"rc","source":"cca"}},{"type":"Feature","geometry":{"type":"Point","coordinates":[1,52.19]},"properties":{"id":"12fa43a8f48f","title":"Barsham, nr Beccles, Suffolk (reported 2008-08-06)","date":"2008-08-06","datePrecision":"d","country":"United Kingdom","region":"Suffolk","coordSource":"rc","source":"cca"}},{"type":"Feature","geometry":{"type":"Point","coordinates":[-1.95,51.32]},"properties":{"id":"55d82092cd48","title":"Cherhill, nr Calne, Wiltshire (reported 2008-08-07)","date":"2008-08-07","datePrecision":"d","country":"United Kingdom","region":"Wiltshire","coordSource":"rc","source":"cca"}},{"type":"Feature","geometry":{"type":"Point","coordinates":[-1.95,51.32]},"properties":{"id":"1257c755cddd","title":"Cherhill (3), nr Calne, Wiltshire (reported 2008-08-07)","date":"2008-08-07","datePrecision":"d","country":"United Kingdom","region":"Wiltshire","coordSource":"rc","source":"cca"}},{"type":"Feature","geometry":{"type":"Point","coordinates":[-1.55,54.96]},"properties":{"id":"e24d67bb2e2b","title":"Opposite The Beehive Inn Sedgeletch Rd, Tyne and Wear, (reported 2008-08-07)","date":"2008-08-07","datePrecision":"d","country":"United Kingdom","region":"Tyne and Wear","coordSource":"rc","source":"cca"}},{"type":"Feature","geometry":{"type":"Point","coordinates":[-1.95,51.32]},"properties":{"id":"aa9b4b17f88e","title":"Below Milk Hill, nr Alton Barnes, Wiltshire (reported 0808)","date":"2008-08-08","datePrecision":"d","country":"United Kingdom","region":"Wiltshire","coordSource":"rc","source":"cca"}},{"type":"Feature","geometry":{"type":"Point","coordinates":[-1.95,51.32]},"properties":{"id":"e6852c857d25","title":"Hens Wood, nr Little Firth. Wiltshire (reported 2008-08-08)","date":"2008-08-08","datePrecision":"d","country":"United Kingdom","region":"nr Little Firth. Wiltshire","coordSource":"rc","source":"cca"}},{"type":"Feature","geometry":{"type":"Point","coordinates":[-1.95,51.32]},"properties":{"id":"eefc48617ea4","title":"West End Road, nr Bishop Cannings, Wiltshire (reported 2008-08-08)","date":"2008-08-08","datePrecision":"d","country":"United Kingdom","region":"Wiltshire","coordSource":"rc","source":"cca"}},{"type":"Feature","geometry":{"type":"Point","coordinates":[-1.95,51.32]},"properties":{"id":"397a0dd6d01e","title":"Cherhill (2), nr Calne, Wiltshire (reported 2008-08-12)","date":"2008-08-12","datePrecision":"d","country":"United Kingdom","region":"Wiltshire","coordSource":"rc","source":"cca"}},{"type":"Feature","geometry":{"type":"Point","coordinates":[-0.42,52.08]},"properties":{"id":"da73e59b5dda","title":"Barton Le Clay, Barton Springs, Bedfordshire, (reported 2008-08-14)","date":"2008-08-14","datePrecision":"d","country":"United Kingdom","region":"Bedfordshire","coordSource":"rc","source":"cca"}},{"type":"Feature","geometry":{"type":"Point","coordinates":[-1.95,51.32]},"properties":{"id":"a1555aeb4d00","title":"Etchilhampton Hill, nr Devizes, Wiltshire (reported 2008-08-15)","date":"2008-08-15","datePrecision":"d","country":"United Kingdom","region":"Wiltshire","coordSource":"rc","source":"cca"}},{"type":"Feature","geometry":{"type":"Point","coordinates":[-1.95,51.32]},"properties":{"id":"683ce4cd2685","title":"Etchilhamptonl, nr Devizes, Wiltshire (reported 2008-08-15)","date":"2008-08-15","datePrecision":"d","country":"United Kingdom","region":"Wiltshire","coordSource":"rc","source":"cca"}},{"type":"Feature","geometry":{"type":"Point","coordinates":[-1.95,51.32]},"properties":{"id":"54bde3aac25f","title":"Oliver’s Castle near Devizes, Wiltshire (reported 2008-08-16)","date":"2008-08-16","datePrecision":"d","country":"United Kingdom","region":"Wiltshire","coordSource":"rc","source":"cca"}},{"type":"Feature","geometry":{"type":"Point","coordinates":[-1.31,51.06]},"properties":{"id":"8f28fab7da8e","title":"Cheesefoot Head, Nr Winchester, Hampshire (reported 2008-08-18)","date":"2008-08-18","datePrecision":"d","country":"United Kingdom","region":"Hampshire","coordSource":"rc","source":"cca"}},{"type":"Feature","geometry":{"type":"Point","coordinates":[-1.95,51.32]},"properties":{"id":"dc3b60f2badf","title":"Cherhill (4), nr Calne, Wiltshire (reported 2008-08-22)","date":"2008-08-22","datePrecision":"d","country":"United Kingdom","region":"Wiltshire","coordSource":"rc","source":"cca"}},{"type":"Feature","geometry":{"type":"Point","coordinates":[-1.95,51.32]},"properties":{"id":"65af93c97c90","title":"Liddington Castle, nr Chiseldon, Wiltshire (reported 2008-08-23)","date":"2008-08-23","datePrecision":"d","country":"United Kingdom","region":"Wiltshire","coordSource":"rc","source":"cca"}},{"type":"Feature","geometry":{"type":"Point","coordinates":[-1.95,51.32]},"properties":{"id":"6cbfb9122ea0","title":"Eastfield (3), Below Knapp Hill, Wiltshire (reported 2008-08-24)","date":"2008-08-24","datePrecision":"d","country":"United Kingdom","region":"Wiltshire","coordSource":"rc","source":"cca"}},{"type":"Feature","geometry":{"type":"Point","coordinates":[-1.95,51.32]},"properties":{"id":"38b8cdf0619e","title":"Morgan Hill, nr Devizes, Wiltshire (reported 2008-08-24)","date":"2008-08-24","datePrecision":"d","country":"United Kingdom","region":"Wiltshire","coordSource":"rc","source":"cca"}},{"type":"Feature","geometry":{"type":"Point","coordinates":[-1.95,51.32]},"properties":{"id":"7180c0ce032c","title":"Eastfield (4), Alton Barnes, Wiltshire (reported 2008-08-25)","date":"2008-08-25","datePrecision":"d","country":"United Kingdom","region":"Wiltshire","coordSource":"rc","source":"cca"}},{"type":"Feature","geometry":{"type":"Point","coordinates":[-1.95,51.32]},"properties":{"id":"f9b2526b77de","title":"Etchilhampton Hill (3), nr Devizes, Wiltshire (reported 2008-08-31)","date":"2008-08-31","datePrecision":"d","country":"United Kingdom","region":"Wiltshire","coordSource":"rc","source":"cca"}},{"type":"Feature","geometry":{"type":"Point","coordinates":[-1.95,51.32]},"properties":{"id":"c61cb1b0ba20","title":"The Sanctuary (2), Nr Avebury, Wiltshire (reported 2008-09-07)","date":"2008-09-07","datePrecision":"d","country":"United Kingdom","region":"Wiltshire","coordSource":"rc","source":"cca"}},{"type":"Feature","geometry":{"type":"Point","coordinates":[-1.95,51.32]},"properties":{"id":"e3f4a4b0994a","title":"Allington, nr Devizes, Wiltshire (reported 2008-09-07)","date":"2008-09-07","datePrecision":"d","country":"United Kingdom","region":"Wiltshire","coordSource":"rc","source":"cca"}},{"type":"Feature","geometry":{"type":"Point","coordinates":[-86.28,39.89]},"properties":{"id":"86875236f00f","title":"Bedford, Lawrence County (September 13, 2008)","date":"2008-09-13","datePrecision":"d","country":"United States","region":"Indiana","coordSource":"rc","source":"iccra","tags":["circle"]}},{"type":"Feature","geometry":{"type":"Point","coordinates":[-1.95,51.32]},"properties":{"id":"65aee866974c","title":"Avenue Stone Avenue (2), nr Avebury, Wiltshire (reported 2008-09-14)","date":"2008-09-14","datePrecision":"d","country":"United Kingdom","region":"Wiltshire","coordSource":"rc","source":"cca"}},{"type":"Feature","geometry":{"type":"Point","coordinates":[-1.95,51.32]},"properties":{"id":"d9d2bce19767","title":"Summers Lane, Nr Broad Hinton, Wiltshire (reported 2008-09-18)","date":"2008-09-18","datePrecision":"d","country":"United Kingdom","region":"Wiltshire","coordSource":"rc","source":"cca"}},{"type":"Feature","geometry":{"type":"Point","coordinates":[-0.43,50.95]},"properties":{"id":"ee53ba60df0e","title":"Goodwood Motor Circuit, nr Goodwood, West Sussex (reported 2008-09-19)","date":"2008-09-19","datePrecision":"d","country":"United Kingdom","region":"West Sussex","coordSource":"rc","source":"cca"}},{"type":"Feature","geometry":{"type":"Point","coordinates":[-1.95,51.32]},"properties":{"id":"25962f35c233","title":"Knoll Down, Yatesbury, Wiltshire (reported 2008-09-21)","date":"2008-09-21","datePrecision":"d","country":"United Kingdom","region":"Wiltshire","coordSource":"rc","source":"cca"}},{"type":"Feature","geometry":{"type":"Point","coordinates":[-1.95,51.32]},"properties":{"id":"c556dac54c28","title":"Broad Hinton, Winterbourne Bassett, Wiltshire (reported 2008-09-24)","date":"2008-09-24","datePrecision":"d","country":"United Kingdom","region":"Wiltshire","coordSource":"rc","source":"cca"}},{"type":"Feature","geometry":{"type":"Point","coordinates":[-1.95,51.32]},"properties":{"id":"cab99bdcc62f","title":"The Ridgeway, nr Avebury, Wiltshire (reported 2009-04-14)","date":"2009-04-14","datePrecision":"d","country":"United Kingdom","region":"Wiltshire","coordSource":"rc","source":"cca"}},{"type":"Feature","geometry":{"type":"Point","coordinates":[-1.95,51.32]},"properties":{"id":"f85cd792d91f","title":"West Kennett Longbarrow, Nr Avebury, Wiltshire (reported 2009-04-19)","date":"2009-04-19","datePrecision":"d","country":"United Kingdom","region":"Wiltshire","coordSource":"rc","source":"cca"}},{"type":"Feature","geometry":{"type":"Point","coordinates":[-1.95,51.32]},"properties":{"id":"8bd4949593f4","title":"Rutlands Farm, nr Avebury, Wiltshire (reported 2009-04-23)","date":"2009-04-23","datePrecision":"d","country":"United Kingdom","region":"Wiltshire","coordSource":"rc","source":"cca"}},{"type":"Feature","geometry":{"type":"Point","coordinates":[-1.95,51.32]},"properties":{"id":"1e405de6bb17","title":"Morgan's Hill, Nr Devizes, Wiltshire (reported 2009-04-24)","date":"2009-04-24","datePrecision":"d","country":"United Kingdom","region":"Wiltshire","coordSource":"rc","source":"cca"}},{"type":"Feature","geometry":{"type":"Point","coordinates":[-1.95,51.32]},"properties":{"id":"1e85cdce524d","title":"Roundway Hill, nr Devizes, Wiltshire (reported 2009-04-29)","date":"2009-04-29","datePrecision":"d","country":"United Kingdom","region":"Wiltshire","coordSource":"rc","source":"cca"}},{"type":"Feature","geometry":{"type":"Point","coordinates":[-1.95,51.32]},"properties":{"id":"ebe14b4d2073","title":"East Kennett Longbarrow, nr Avebury, Wiltshire (reported 2009-05-03)","date":"2009-05-03","datePrecision":"d","country":"United Kingdom","region":"Wiltshire","coordSource":"rc","source":"cca"}},{"type":"Feature","geometry":{"type":"Point","coordinates":[-1.95,51.32]},"properties":{"id":"f4a88a0399c1","title":"Clatford, nr Manton, Wiltshire (reported 2009-05-04)","date":"2009-05-04","datePrecision":"d","country":"United Kingdom","region":"Wiltshire","coordSource":"rc","source":"cca"}},{"type":"Feature","geometry":{"type":"Point","coordinates":[-1.95,51.32]},"properties":{"id":"0ab73a723836","title":"All Cannings Bridge, nr Stanton St Bernard, Wiltshire (reported 2009-05-06)","date":"2009-05-06","datePrecision":"d","country":"United Kingdom","region":"Wiltshire","coordSource":"rc","source":"cca"}},{"type":"Feature","geometry":{"type":"Point","coordinates":[-1.95,51.32]},"properties":{"id":"5875fd70f817","title":"Peaks Down, nr Swindon, Wiltshire (reported 2009-05-09)","date":"2009-05-09","datePrecision":"d","country":"United Kingdom","region":"Wiltshire","coordSource":"rc","source":"cca"}},{"type":"Feature","geometry":{"type":"Point","coordinates":[-1.95,51.32]},"properties":{"id":"2ac04895bcfe","title":"Roundway Hill (2), nr Devizes, Wiltshire (reported 2009-05-10)","date":"2009-05-10","datePrecision":"d","country":"United Kingdom","region":"Wiltshire","coordSource":"rc","source":"cca"}},{"type":"Feature","geometry":{"type":"Point","coordinates":[-1.95,51.32]},"properties":{"id":"f7caac914bfa","title":"Barbury Castle, nr Wroughton, Wiltshire (reported 2009-05-24)","date":"2009-05-24","datePrecision":"d","country":"United Kingdom","region":"Wiltshire","coordSource":"rc","source":"cca"}},{"type":"Feature","geometry":{"type":"Point","coordinates":[-1.95,51.32]},"properties":{"id":"34da858f1f5c","title":"Bishop Cannings, nr Devizes, Wiltshire (reported 2009-05-24)","date":"2009-05-24","datePrecision":"d","country":"United Kingdom","region":"Wiltshire","coordSource":"rc","source":"cca"}},{"type":"Feature","geometry":{"type":"Point","coordinates":[-1.95,51.32]},"properties":{"id":"da65c104b55c","title":"Windmill Hill, nr Avebury Trusloe, Wiltshire (reported 2009-05-25)","date":"2009-05-25","datePrecision":"d","country":"United Kingdom","region":"Wiltshire","coordSource":"rc","source":"cca"}},{"type":"Feature","geometry":{"type":"Point","coordinates":[-1.27,51.76]},"properties":{"id":"97e0c868c291","title":"Waylands Smithy, nr Kingstone Coombs, Oxfordshire (reported 2009-05-29)","date":"2009-05-29","datePrecision":"d","country":"United Kingdom","region":"Oxfordshire","coordSource":"rc","source":"cca"}},{"type":"Feature","geometry":{"type":"Point","coordinates":[-1.95,51.32]},"properties":{"id":"a6d158b2e88b","title":"Knoll Down, nr Beckhampton, Wiltshire (reported 2009-06-01)","date":"2009-06-01","datePrecision":"d","country":"United Kingdom","region":"Wiltshire","coordSource":"rc","source":"cca"}},{"type":"Feature","geometry":{"type":"Point","coordinates":[-1.95,51.32]},"properties":{"id":"dd3d198099a2","title":"Below Milk Hill, nr Alton Barnes, Wiltshire (reported 2009-06-02)","date":"2009-06-02","datePrecision":"d","country":"United Kingdom","region":"Wiltshire","coordSource":"rc","source":"cca"}},{"type":"Feature","geometry":{"type":"Point","coordinates":[-1.95,51.32]},"properties":{"id":"4b24463ed499","title":"atLittle London, nr Yatesbury, Wiltshire (reported 2009-06-03)","date":"2009-06-03","datePrecision":"d","country":"United Kingdom","region":"Wiltshire","coordSource":"rc","source":"cca"}},{"type":"Feature","geometry":{"type":"Point","coordinates":[-1.95,51.32]},"properties":{"id":"730a0f940ff2","title":"New Farm, nr Chiseldon, Wiltshire (reported 2009-06-05)","date":"2009-06-05","datePrecision":"d","country":"United Kingdom","region":"Wiltshire","coordSource":"rc","source":"cca"}},{"type":"Feature","geometry":{"type":"Point","coordinates":[-1.95,51.32]},"properties":{"id":"0c12ff60478d","title":"Bishop Cannings, nr Devizes, Wiltshire (reported 2009-06-08)","date":"2009-06-08","datePrecision":"d","country":"United Kingdom","region":"Wiltshire","coordSource":"rc","source":"cca"}},{"type":"Feature","geometry":{"type":"Point","coordinates":[-1.95,51.32]},"properties":{"id":"70059b5d4e41","title":"Yatesbury, nr Cherhill, Wiltshire (reported 2009-06-12)","date":"2009-06-12","datePrecision":"d","country":"United Kingdom","region":"Wiltshire","coordSource":"rc","source":"cca"}},{"type":"Feature","geometry":{"type":"Point","coordinates":[-1.27,51.76]},"properties":{"id":"157890be057b","title":"Wayland's Smithy Long Barrow, nr Odstone Hill, Oxfordshire (reported 2009-06-12)","date":"2009-06-12","datePrecision":"d","country":"United Kingdom","region":"Oxfordshire","coordSource":"rc","source":"cca"}},{"type":"Feature","geometry":{"type":"Point","coordinates":[-1.95,51.32]},"properties":{"id":"d522588f9021","title":"Tawsmead Copse, West Stowell, Wiltshire (reported 2009-06-13)","date":"2009-06-13","datePrecision":"d","country":"United Kingdom","region":"Wiltshire","coordSource":"rc","source":"cca"}},{"type":"Feature","geometry":{"type":"Point","coordinates":[-1.95,51.32]},"properties":{"id":"11177eb742bc","title":"Barbury Castle, nr Wroughton, Wiltshire (reported 2009-06-14)","date":"2009-06-14","datePrecision":"d","country":"United Kingdom","region":"Wiltshire","coordSource":"rc","source":"cca"}},{"type":"Feature","geometry":{"type":"Point","coordinates":[-1.95,51.32]},"properties":{"id":"cc38ca940a67","title":"Avebury Avenue, Nr Avebury, Wiltshire (reported 2009-06-17)","date":"2009-06-17","datePrecision":"d","country":"United Kingdom","region":"Wiltshire","coordSource":"rc","source":"cca"}},{"type":"Feature","geometry":{"type":"Point","coordinates":[-1.95,51.32]},"properties":{"id":"128fd30d289e","title":"Below Milk Hill (3), nr Alton Barnes, Wiltshire (reported 2009-06-21)","date":"2009-06-21","datePrecision":"d","country":"United Kingdom","region":"Wiltshire","coordSource":"rc","source":"cca"}},{"type":"Feature","geometry":{"type":"Point","coordinates":[-1.95,51.32]},"properties":{"id":"d3dba023838b","title":"East Kennett, nr Avebury, Wiltshire (reported 2009-06-21)","date":"2009-06-21","datePrecision":"d","country":"United Kingdom","region":"Wiltshire","coordSource":"rc","source":"cca"}},{"type":"Feature","geometry":{"type":"Point","coordinates":[0.55,51.77]},"properties":{"id":"9e356e75d54d","title":"Rochford Golf Course, nr Ironwell Lane. Essex (reported 2009-06-22)","date":"2009-06-22","datePrecision":"d","country":"United Kingdom","region":"nr Ironwell Lane. Essex","coordSource":"rc","source":"cca"}},{"type":"Feature","geometry":{"type":"Point","coordinates":[-1.95,51.32]},"properties":{"id":"9a82196045c5","title":"Rough Hill, nr Winterbourne Bassett, Wiltshire (reported 2009-06-24)","date":"2009-06-24","datePrecision":"d","country":"United Kingdom","region":"Wiltshire","coordSource":"rc","source":"cca"}},{"type":"Feature","geometry":{"type":"Point","coordinates":[-1.95,51.32]},"properties":{"id":"0e903792423d","title":"Martinsell Hill, nr Wootton Rivers, Wiltshire (reported 2009-06-25)","date":"2009-06-25","datePrecision":"d","country":"United Kingdom","region":"Wiltshire","coordSource":"rc","source":"cca"}},{"type":"Feature","geometry":{"type":"Point","coordinates":[-1.95,51.32]},"properties":{"id":"87de49ca895e","title":"South Field, Nr Alton Priors, Wiltshire (reported 2009-06-27)","date":"2009-06-27","datePrecision":"d","country":"United Kingdom","region":"Wiltshire","coordSource":"rc","source":"cca"}},{"type":"Feature","geometry":{"type":"Point","coordinates":[-1.95,51.32]},"properties":{"id":"aecd3b035202","title":"Milk Hill (5), Stanton St Bernard, Wiltshire (reported 2009-06-27)","date":"2009-06-27","datePrecision":"d","country":"United Kingdom","region":"Wiltshire","coordSource":"rc","source":"cca"}},{"type":"Feature","geometry":{"type":"Point","coordinates":[-1.95,51.32]},"properties":{"id":"7bddf586eff0","title":"Knoll Down (2), nr Beckhampton, Wiltshire (reported 2009-06-28)","date":"2009-06-28","datePrecision":"d","country":"United Kingdom","region":"Wiltshire","coordSource":"rc","source":"cca"}},{"type":"Feature","geometry":{"type":"Point","coordinates":[-1.95,51.32]},"properties":{"id":"8694829f8b28","title":"Knoll Down (3), nr Beckhampton, Wiltshire (reported 2009-06-28)","date":"2009-06-28","datePrecision":"d","country":"United Kingdom","region":"Wiltshire","coordSource":"rc","source":"cca"}},{"type":"Feature","geometry":{"type":"Point","coordinates":[-1.95,51.32]},"properties":{"id":"36ea2759df34","title":"Pewsey White Horse, nr Pewsey, Wilshire (reported 2009-06-28)","date":"2009-06-28","datePrecision":"d","country":"United Kingdom","region":"Wilshire","coordSource":"rc","source":"cca"}},{"type":"Feature","geometry":{"type":"Point","coordinates":[5.2,51.56]},"properties":{"id":"25efc4fbac59","title":"Standaarbuiten, Noord Brabant, 01-07-2009","date":"2009-07-01","datePrecision":"d","country":"Netherlands","region":"Noord Brabant","coordSource":"rc","source":"dcca","tags":[]}},{"type":"Feature","geometry":{"type":"Point","coordinates":[-1.95,51.32]},"properties":{"id":"c412cf4eb2c6","title":"Waden Hill (2), nr Avebury, Wiltshire (reported 2009-07-01)","date":"2009-07-01","datePrecision":"d","country":"United Kingdom","region":"Wiltshire","coordSource":"rc","source":"cca"}},{"type":"Feature","geometry":{"type":"Point","coordinates":[-1.95,51.32]},"properties":{"id":"51f58d403bf9","title":"Silbury Hill, nr Avebury, Wiltshire (reported 2009-07-05)","date":"2009-07-05","datePrecision":"d","country":"United Kingdom","region":"Wiltshire","coordSource":"rc","source":"cca"}},{"type":"Feature","geometry":{"type":"Point","coordinates":[5.2,51.56]},"properties":{"id":"3a40bf0b8a5c","title":"Standaarbuiten (4), Noord Brabant, 07-07-2009","date":"2009-07-07","datePrecision":"d","country":"Netherlands","region":"Noord Brabant","coordSource":"rc","source":"dcca","tags":[]}},{"type":"Feature","geometry":{"type":"Point","coordinates":[5.2,51.56]},"properties":{"id":"14c0e9579b78","title":"Standaarbuiten (2), Noord Brabant, 07-07-2009","date":"2009-07-07","datePrecision":"d","country":"Netherlands","region":"Noord Brabant","coordSource":"rc","source":"dcca","tags":[]}},{"type":"Feature","geometry":{"type":"Point","coordinates":[5.2,51.56]},"properties":{"id":"bc52f4292332","title":"Standaarbuiten (3), Noord Brabant, 13-07-2009","date":"2009-07-13","datePrecision":"d","country":"Netherlands","region":"Noord Brabant","coordSource":"rc","source":"dcca","tags":[]}},{"type":"Feature","geometry":{"type":"Point","coordinates":[-120.45,47.38]},"properties":{"id":"7945a0fee761","title":"Wilbur, Lincoln County (July 23, 2009)","date":"2009-07-23","datePrecision":"d","country":"United States","region":"Washington","coordSource":"rc","source":"iccra","tags":["circle","pathway","ring"]}},{"type":"Feature","geometry":{"type":"Point","coordinates":[4.5,52]},"properties":{"id":"62480a11ee46","title":"Ridderkerk, Zuid Holland, 24-07-2009","date":"2009-07-24","datePrecision":"d","country":"Netherlands","region":"Zuid Holland","coordSource":"rc","source":"dcca","tags":[]}},{"type":"Feature","geometry":{"type":"Point","coordinates":[5.2,51.56]},"properties":{"id":"2e3d41881c5c","title":"Zevenbergen, Noord Brabant, 25-07-2009","date":"2009-07-25","datePrecision":"d","country":"Netherlands","region":"Noord Brabant","coordSource":"rc","source":"dcca","tags":[]}},{"type":"Feature","geometry":{"type":"Point","coordinates":[5.2,51.56]},"properties":{"id":"27d00fe9fbba","title":"Standaarbuiten (5), Noord-Brabant, 31-07-2009","date":"2009-07-31","datePrecision":"d","country":"Netherlands","region":"Noord-Brabant","coordSource":"rc","source":"dcca","tags":[]}},{"type":"Feature","geometry":{"type":"Point","coordinates":[-2.3,50.78]},"properties":{"id":"1741e56372cb","title":"Knights in the Bottom, nr Chickerell, Dorset (reported 2009-08)","date":"2009-08","datePrecision":"m","country":"United Kingdom","region":"Dorset","coordSource":"rc","source":"cca"}},{"type":"Feature","geometry":{"type":"Point","coordinates":[5.2,51.56]},"properties":{"id":"32a947d36522","title":"Hoeven, Noord Brabant, 02-08-2009","date":"2009-08-02","datePrecision":"d","country":"Netherlands","region":"Noord Brabant","coordSource":"rc","source":"dcca","tags":[]}},{"type":"Feature","geometry":{"type":"Point","coordinates":[-1.95,51.32]},"properties":{"id":"05cfd94a3a80","title":"Morgans Hill, Nr Bishop Cannings, Wiltshire (reported 2009-08-02)","date":"2009-08-02","datePrecision":"d","country":"United Kingdom","region":"Wiltshire","coordSource":"rc","source":"cca"}},{"type":"Feature","geometry":{"type":"Point","coordinates":[-1.95,51.32]},"properties":{"id":"fe4e7c33c191","title":"Silbury Hill (2), Nr Avebury, Wiltshire (reported 2009-08-03)","date":"2009-08-03","datePrecision":"d","country":"United Kingdom","region":"Wiltshire","coordSource":"rc","source":"cca"}},{"type":"Feature","geometry":{"type":"Point","coordinates":[-1.57049,51.97488]},"properties":{"id":"d2ad66ae8c88","title":"Rollright Stone Circle, nr Chipping Norton. Oxfordshire (reported 2009-08-03)","date":"2009-08-03","datePrecision":"d","country":"United Kingdom","region":"nr Chipping Norton. Oxfordshire","coordSource":"og","source":"cca"}},{"type":"Feature","geometry":{"type":"Point","coordinates":[-1.95,51.32]},"properties":{"id":"d00b2f046ab0","title":"Windmill Hill, Nr Avebury Trusloe, Wiltshire (reported 2009-08-06)","date":"2009-08-06","datePrecision":"d","country":"United Kingdom","region":"Wiltshire","coordSource":"rc","source":"cca"}},{"type":"Feature","geometry":{"type":"Point","coordinates":[-1.95,51.32]},"properties":{"id":"78891185d4b8","title":"South Field (2), Nr Alton Priors, Wiltshire (reported 2009-08-08)","date":"2009-08-08","datePrecision":"d","country":"United Kingdom","region":"Wiltshire","coordSource":"rc","source":"cca"}},{"type":"Feature","geometry":{"type":"Point","coordinates":[-1.80876,51.40277]},"properties":{"id":"083c83fc4193","title":"West Overton, nr Lockeridge, Wiltshire (reported 2009-08-09)","date":"2009-08-09","datePrecision":"d","country":"United Kingdom","region":"Wiltshire","coordSource":"og","source":"cca"}},{"type":"Feature","geometry":{"type":"Point","coordinates":[-1.31,51.06]},"properties":{"id":"2d74a38f31dc","title":"Bishop Sutton, nr New Alresford, Hampshire (reported 2009-08-09)","date":"2009-08-09","datePrecision":"d","country":"United Kingdom","region":"Hampshire","coordSource":"rc","source":"cca"}},{"type":"Feature","geometry":{"type":"Point","coordinates":[-1.95,51.32]},"properties":{"id":"47d35c7829b2","title":"atWoodborough Hill, Nr Alton Barnes, Wiltshire (reported 2009-08-10)","date":"2009-08-10","datePrecision":"d","country":"United Kingdom","region":"Wiltshire","coordSource":"rc","source":"cca"}},{"type":"Feature","geometry":{"type":"Point","coordinates":[-1.95,51.32]},"properties":{"id":"a45af215794e","title":"Tidcombe, nr Burbage, Wiltshire (reported 2009-08-16)","date":"2009-08-16","datePrecision":"d","country":"United Kingdom","region":"Wiltshire","coordSource":"rc","source":"cca"}},{"type":"Feature","geometry":{"type":"Point","coordinates":[-1.58873,51.57215]},"properties":{"id":"46f6efc5014f","title":"Knighton Hill, nr Wayland Smithy, Oxfordshire (reported 2009-08-29)","date":"2009-08-29","datePrecision":"d","country":"United Kingdom","region":"Oxfordshire","coordSource":"og","source":"cca"}},{"type":"Feature","geometry":{"type":"Point","coordinates":[5.2,51.56]},"properties":{"id":"dccffd98a3a3","title":"Hoeven (2), Noord Brabant, 08-09-2009","date":"2009-09-08","datePrecision":"d","country":"Netherlands","region":"Noord Brabant","coordSource":"rc","source":"dcca","tags":[]}},{"type":"Feature","geometry":{"type":"Point","coordinates":[5.2,51.56]},"properties":{"id":"8c14a5d9e48e","title":"Hoeven (3), Noord Brabant, 27-09-2009","date":"2009-09-27","datePrecision":"d","country":"Netherlands","region":"Noord Brabant","coordSource":"rc","source":"dcca","tags":[]}},{"type":"Feature","geometry":{"type":"Point","coordinates":[5.2,51.56]},"properties":{"id":"a75bea9c6704","title":"Hoeven (4), Noord Brabant, 05-10-2009","date":"2009-10-05","datePrecision":"d","country":"Netherlands","region":"Noord Brabant","coordSource":"rc","source":"dcca","tags":[]}},{"type":"Feature","geometry":{"type":"Point","coordinates":[5.2,51.56]},"properties":{"id":"e76e1fd22e28","title":"Hoeven (5), Noord Brabant, 19-12-2009","date":"2009-12-19","datePrecision":"d","country":"Netherlands","region":"Noord Brabant","coordSource":"rc","source":"dcca","tags":["ring"]}},{"type":"Feature","geometry":{"type":"Point","coordinates":[5.2,51.56]},"properties":{"id":"ab5eba7d0ea1","title":"Hoeven (6), Noord Brabant, 22-12-2009","date":"2009-12-22","datePrecision":"d","country":"Netherlands","region":"Noord Brabant","coordSource":"rc","source":"dcca","tags":["ring"]}},{"type":"Feature","geometry":{"type":"Point","coordinates":[-1.95,51.32]},"properties":{"id":"ef2ab1c29aab","title":"Old Sarum, nr Salisbury, Wiltshire (reported 2010-05-05)","date":"2010-05-05","datePrecision":"d","country":"United Kingdom","region":"Wiltshire","coordSource":"rc","source":"cca"}},{"type":"Feature","geometry":{"type":"Point","coordinates":[-1.95,51.32]},"properties":{"id":"44ee4497fdc1","title":"Stonehenge, Nr Amesbury, Wiltshire (reported 2010-05-09)","date":"2010-05-09","datePrecision":"d","country":"United Kingdom","region":"Wiltshire","coordSource":"rc","source":"cca"}},{"type":"Feature","geometry":{"type":"Point","coordinates":[-1.95,51.32]},"properties":{"id":"a1a1c99e9af4","title":"Yarnbury Castle, nr Winterbourne Stoke, Wiltshire (reported 2010-05-16)","date":"2010-05-16","datePrecision":"d","country":"United Kingdom","region":"Wiltshire","coordSource":"rc","source":"cca"}},{"type":"Feature","geometry":{"type":"Point","coordinates":[-119.47,37.18]},"properties":{"id":"ef822990fdd1","title":"Hidden Valley Lake, Lake County (May 17, 2010)","date":"2010-05-17","datePrecision":"d","country":"United States","region":"California","coordSource":"rc","source":"iccra","tags":[]}},{"type":"Feature","geometry":{"type":"Point","coordinates":[-1.95,51.32]},"properties":{"id":"016f71b7d53d","title":"Wilton Windmill, nr Wilton, Wiltshire (reported 2010-05-22)","date":"2010-05-22","datePrecision":"d","country":"United Kingdom","region":"Wiltshire","coordSource":"rc","source":"cca"}},{"type":"Feature","geometry":{"type":"Point","coordinates":[-1.95,51.32]},"properties":{"id":"c36b81103e90","title":"Silbury Hill, Nr Avebury. Wiltshire (reported 2010-05-31)","date":"2010-05-31","datePrecision":"d","country":"United Kingdom","region":"Nr Avebury. Wiltshire","coordSource":"rc","source":"cca"}},{"type":"Feature","geometry":{"type":"Point","coordinates":[-1.95,51.32]},"properties":{"id":"c11c6710edc5","title":"Westwoods, nr Lockeridge, Wiltshire (reported 2010-05-31)","date":"2010-05-31","datePrecision":"d","country":"United Kingdom","region":"Wiltshire","coordSource":"rc","source":"cca"}},{"type":"Feature","geometry":{"type":"Point","coordinates":[-1.95,51.32]},"properties":{"id":"7405aff80e6b","title":"Codford St Peter, nr Warminster, Wiltshire (reported 2010-06-03)","date":"2010-06-03","datePrecision":"d","country":"United Kingdom","region":"Wiltshire","coordSource":"rc","source":"cca"}},{"type":"Feature","geometry":{"type":"Point","coordinates":[-82.79,40.29]},"properties":{"id":"015034cad4f9","title":"Moscow, Clermont County (June 6, 2010)","date":"2010-06-06","datePrecision":"d","country":"United States","region":"Ohio","coordSource":"rc","source":"iccra","tags":["circle","pathway"]}},{"type":"Feature","geometry":{"type":"Point","coordinates":[-2.38303,51.31328]},"properties":{"id":"e624c8642aec","title":"Stoney Littleton Long Barrow, Nr Wellow. Somerset (reported 2010-06-07)","date":"2010-06-07","datePrecision":"d","country":"United Kingdom","region":"Nr Wellow. Somerset","coordSource":"og","source":"cca"}},{"type":"Feature","geometry":{"type":"Point","coordinates":[-1.05,51.45]},"properties":{"id":"a556e2322c28","title":"Walbury Hill, nr Combe, Berkshire (reported 2010-06-12)","date":"2010-06-12","datePrecision":"d","country":"United Kingdom","region":"Berkshire","coordSource":"rc","source":"cca"}},{"type":"Feature","geometry":{"type":"Point","coordinates":[-1.90815,51.30039]},"properties":{"id":"a2e81f6958e5","title":"Chirton Bottom, nr Urchfont, Wiltshire (reported 2010-06-16)","date":"2010-06-16","datePrecision":"d","country":"United Kingdom","region":"Wiltshire","coordSource":"og","source":"cca"}},{"type":"Feature","geometry":{"type":"Point","coordinates":[-1.95,51.32]},"properties":{"id":"c141c28a7d4e","title":"Vale of Pewsey. nr Oare, Wiltshire (reported 2010-06-21)","date":"2010-06-21","datePrecision":"d","country":"United Kingdom","region":"Wiltshire","coordSource":"rc","source":"cca"}},{"type":"Feature","geometry":{"type":"Point","coordinates":[-119.47,37.18]},"properties":{"id":"92a0440fe65d","title":"Greenfield, Monterey County/Bakersfield, Kern County (June 22, 2010)","date":"2010-06-22","datePrecision":"d","country":"United States","region":"California","coordSource":"rc","source":"iccra","tags":["circle","ring"]}},{"type":"Feature","geometry":{"type":"Point","coordinates":[-1,53.13]},"properties":{"id":"d4054577cf18","title":"Hawton, nr Newark. Nottinghamshire (reported 2010-06-22)","date":"2010-06-22","datePrecision":"d","country":"United Kingdom","region":"nr Newark. Nottinghamshire","coordSource":"rc","source":"cca"}},{"type":"Feature","geometry":{"type":"Point","coordinates":[-1.67784,51.41597]},"properties":{"id":"73f6f314b91b","title":"Savernake Forest, nr Marlborough, Wiltshire (reported 2010-06-23)","date":"2010-06-23","datePrecision":"d","country":"United Kingdom","region":"Wiltshire","coordSource":"og","source":"cca"}},{"type":"Feature","geometry":{"type":"Point","coordinates":[-82.79,40.29]},"properties":{"id":"ddbbadbdbe35","title":"Owensville, Clermont County (June 24, 2010)","date":"2010-06-24","datePrecision":"d","country":"United States","region":"Ohio","coordSource":"rc","source":"iccra","tags":["circle","grapeshot","pathway","triangle"]}},{"type":"Feature","geometry":{"type":"Point","coordinates":[-1.95,51.32]},"properties":{"id":"85b42ccda938","title":"White Sleet Hill, Nr Mere, Wiltshire (reported 2010-06-25)","date":"2010-06-25","datePrecision":"d","country":"United Kingdom","region":"Wiltshire","coordSource":"rc","source":"cca"}},{"type":"Feature","geometry":{"type":"Point","coordinates":[-1.58,52.28]},"properties":{"id":"2da64c643773","title":"Ufton, nr Southam, Warwickshire (reported 2010-06-25)","date":"2010-06-25","datePrecision":"d","country":"United Kingdom","region":"Warwickshire","coordSource":"rc","source":"cca"}},{"type":"Feature","geometry":{"type":"Point","coordinates":[5.2,51.56]},"properties":{"id":"11c34b6a2616","title":"Etten-Leur (1), Noord Brabant, 26-06-2010","date":"2010-06-26","datePrecision":"d","country":"Netherlands","region":"Noord Brabant","coordSource":"rc","source":"dcca","tags":["circle","ring"]}},{"type":"Feature","geometry":{"type":"Point","coordinates":[0.55,51.77]},"properties":{"id":"f1ad238e92a6","title":"Winters, nr Rochford, Essex (reported 2010-08-02)","date":"2010-08-02","datePrecision":"d","country":"United Kingdom","region":"Essex","coordSource":"rc","source":"cca"}},{"type":"Feature","geometry":{"type":"Point","coordinates":[-1.95,51.32]},"properties":{"id":"c88f6aeddf75","title":"Whitefield Hill, nr Woodsend, Wiltshire (reported 2010-08-03)","date":"2010-08-03","datePrecision":"d","country":"United Kingdom","region":"Wiltshire","coordSource":"rc","source":"cca"}},{"type":"Feature","geometry":{"type":"Point","coordinates":[-1.95,51.32]},"properties":{"id":"82610b24e91d","title":"Pewsey Wharf, Nr Pewsey. Wiltshire (reported 2010-08-03)","date":"2010-08-03","datePrecision":"d","country":"United Kingdom","region":"Nr Pewsey. Wiltshire","coordSource":"rc","source":"cca"}},{"type":"Feature","geometry":{"type":"Point","coordinates":[-1.95,51.32]},"properties":{"id":"4ce79487de10","title":"Lurkeley Hill, nr East Kennett, Wiltshire (reported 2010-08-03)","date":"2010-08-03","datePrecision":"d","country":"United Kingdom","region":"Wiltshire","coordSource":"rc","source":"cca"}},{"type":"Feature","geometry":{"type":"Point","coordinates":[-1.31,51.06]},"properties":{"id":"6e9ace66d496","title":"Cliddesden, Basingstoke, Hampshire (reported 2010-08-04)","date":"2010-08-04","datePrecision":"d","country":"United Kingdom","region":"Hampshire","coordSource":"rc","source":"cca"}},{"type":"Feature","geometry":{"type":"Point","coordinates":[-2.3,50.78]},"properties":{"id":"b35d712e0b1a","title":"Trent Barrow, Nr Nether Compton, Dorset (reported 2010-08-05)","date":"2010-08-05","datePrecision":"d","country":"United Kingdom","region":"Dorset","coordSource":"rc","source":"cca"}},{"type":"Feature","geometry":{"type":"Point","coordinates":[-1.95,51.32]},"properties":{"id":"48510a073d61","title":"Yatesbury Field, Nr Avebury Trusloe, Wiltshire (reported 2010-08-05)","date":"2010-08-05","datePrecision":"d","country":"United Kingdom","region":"Wiltshire","coordSource":"rc","source":"cca"}},{"type":"Feature","geometry":{"type":"Point","coordinates":[-2.95,51.09]},"properties":{"id":"d32033a64905","title":"Mudford, nr Yeovil, Somerset (reported 2010-08-06)","date":"2010-08-06","datePrecision":"d","country":"United Kingdom","region":"Somerset","coordSource":"rc","source":"cca"}},{"type":"Feature","geometry":{"type":"Point","coordinates":[-1.95,51.32]},"properties":{"id":"e54b11e23395","title":"Stanton Bridge, nr Honey Street, Wiltshire (reported 2010-08-08)","date":"2010-08-08","datePrecision":"d","country":"United Kingdom","region":"Wiltshire","coordSource":"rc","source":"cca"}},{"type":"Feature","geometry":{"type":"Point","coordinates":[-1.95,51.32]},"properties":{"id":"6b5267bc7ad4","title":"Pewsey White Horse, nr Pewsey, Wiltshire (reported 2010-08-08)","date":"2010-08-08","datePrecision":"d","country":"United Kingdom","region":"Wiltshire","coordSource":"rc","source":"cca"}},{"type":"Feature","geometry":{"type":"Point","coordinates":[-1.95,51.32]},"properties":{"id":"70ea744ee0e3","title":"Stanton St. Bernard (2), nr All Cannings, Wiltshire (reported 2010-08-08)","date":"2010-08-08","datePrecision":"d","country":"United Kingdom","region":"Wiltshire","coordSource":"rc","source":"cca"}},{"type":"Feature","geometry":{"type":"Point","coordinates":[-0.2,53.1]},"properties":{"id":"78ce60356b0f","title":"Spellow Hills Long barrow nr Langton, Spilsaby Lincolnshire (reported 2010-08-08)","date":"2010-08-08","datePrecision":"d","country":"United Kingdom","region":"Spilsaby Lincolnshire","coordSource":"rc","source":"cca"}},{"type":"Feature","geometry":{"type":"Point","coordinates":[-1.95,51.32]},"properties":{"id":"3c0209e1fb45","title":"Horton, nr Devizes, Wiltshire (reported 2010-08-09)","date":"2010-08-09","datePrecision":"d","country":"United Kingdom","region":"Wiltshire","coordSource":"rc","source":"cca"}},{"type":"Feature","geometry":{"type":"Point","coordinates":[-1.95,51.32]},"properties":{"id":"02f80c9ec606","title":"Northdowns, nr Beckhampton., Wiltshire (reported 2010-08-13)","date":"2010-08-13","datePrecision":"d","country":"United Kingdom","region":"Wiltshire","coordSource":"rc","source":"cca"}},{"type":"Feature","geometry":{"type":"Point","coordinates":[-1.95,51.32]},"properties":{"id":"f0a75a332de2","title":"Avebury Avenue, nr Avebury, Wiltshire (reported 2010-08-16)","date":"2010-08-16","datePrecision":"d","country":"United Kingdom","region":"Wiltshire","coordSource":"rc","source":"cca"}},{"type":"Feature","geometry":{"type":"Point","coordinates":[-1.95,51.32]},"properties":{"id":"f2702b47dfd1","title":"Avebury Manor, nr Avebury, Wiltshire (reported 2010-08-27)","date":"2010-08-27","datePrecision":"d","country":"United Kingdom","region":"Wiltshire","coordSource":"rc","source":"cca"}},{"type":"Feature","geometry":{"type":"Point","coordinates":[-0.43,50.95]},"properties":{"id":"3d4e6ae5b57b","title":"Goodwood Race Course, Nr Goodwood, West Sussex (reported 2010-09)","date":"2010-09","datePrecision":"m","country":"United Kingdom","region":"West Sussex","coordSource":"rc","source":"cca"}},{"type":"Feature","geometry":{"type":"Point","coordinates":[-1.80444,51.40277]},"properties":{"id":"89b72d1e66fe","title":"Hill Barnl, nr Lockeridge, Wiltshire (reported 2010-09-26)","date":"2010-09-26","datePrecision":"d","country":"United Kingdom","region":"Wiltshire","coordSource":"og","source":"cca"}},{"type":"Feature","geometry":{"type":"Point","coordinates":[-1.95,51.32]},"properties":{"id":"bf5cdd129caa","title":"Baltic Farm, nr Bishop Cannings, Wiltshire (reported 2010-09-26)","date":"2010-09-26","datePrecision":"d","country":"United Kingdom","region":"Wiltshire","coordSource":"rc","source":"cca"}},{"type":"Feature","geometry":{"type":"Point","coordinates":[-1.95,51.32]},"properties":{"id":"d870fc92f441","title":"White Horse, Nr Alton Barnes, Wiltshire (reported 2011-04-27)","date":"2011-04-27","datePrecision":"d","country":"United Kingdom","region":"Wiltshire","coordSource":"rc","source":"cca"}},{"type":"Feature","geometry":{"type":"Point","coordinates":[-1.95,51.32]},"properties":{"id":"488f89bad190","title":"Silbury Hill, Nr Avebury, Wiltshire (reported 2011-04-29)","date":"2011-04-29","datePrecision":"d","country":"United Kingdom","region":"Wiltshire","coordSource":"rc","source":"cca"}},{"type":"Feature","geometry":{"type":"Point","coordinates":[-1.95,51.32]},"properties":{"id":"e5470bfc2dce","title":"Hannington, nr Cricklade, Wiltshire (reported 2011-05-07)","date":"2011-05-07","datePrecision":"d","country":"United Kingdom","region":"Wiltshire","coordSource":"rc","source":"cca"}},{"type":"Feature","geometry":{"type":"Point","coordinates":[-1.35511,51.05047]},"properties":{"id":"236eb372d647","title":"Pitt, Nr Winchester, Hampshire (reported 2011-05-16)","date":"2011-05-16","datePrecision":"d","country":"United Kingdom","region":"Hampshire","coordSource":"og","source":"cca"}},{"type":"Feature","geometry":{"type":"Point","coordinates":[-1.95,51.32]},"properties":{"id":"a38166a8b8ba","title":"East Kennett, Nr Avebury, Wiltshire (reported 2011-05-17)","date":"2011-05-17","datePrecision":"d","country":"United Kingdom","region":"Wiltshire","coordSource":"rc","source":"cca"}},{"type":"Feature","geometry":{"type":"Point","coordinates":[-1.35511,51.05047]},"properties":{"id":"9b3e6ba7400b","title":"Pitt, Nr Winchester, Hampshire (reported 2011-05-17)","date":"2011-05-17","datePrecision":"d","country":"United Kingdom","region":"Hampshire","coordSource":"og","source":"cca"}},{"type":"Feature","geometry":{"type":"Point","coordinates":[-1.76373,51.49171]},"properties":{"id":"8a3d3b544ea3","title":"Burderop Down, nr Nr Wroughton, Wiltshire (reported 2011-05-22)","date":"2011-05-22","datePrecision":"d","country":"United Kingdom","region":"Wiltshire","coordSource":"og","source":"cca"}},{"type":"Feature","geometry":{"type":"Point","coordinates":[-1.83314,51.4163]},"properties":{"id":"e1c54cded7d4","title":"The Sanctuary, Nr Avebury, Wiltshire (reported 2011-05-28)","date":"2011-05-28","datePrecision":"d","country":"United Kingdom","region":"Wiltshire","coordSource":"og","source":"cca"}},{"type":"Feature","geometry":{"type":"Point","coordinates":[-1.83724,51.47745]},"properties":{"id":"3037471eb1c9","title":"Hackpen Hill, Nr Wrougton, Wiltshire (reported 2011-05-30)","date":"2011-05-30","datePrecision":"d","country":"United Kingdom","region":"Wiltshire","coordSource":"og","source":"cca"}},{"type":"Feature","geometry":{"type":"Point","coordinates":[-1.6065,51.35192]},"properties":{"id":"74c8a2167252","title":"Wilton Windmill, nr Wilton, Wiltshire (reported 2011-06-01)","date":"2011-06-01","datePrecision":"d","country":"United Kingdom","region":"Wiltshire","coordSource":"og","source":"cca"}},{"type":"Feature","geometry":{"type":"Point","coordinates":[-1.60185,51.55691]},"properties":{"id":"525487736906","title":"Kingstone Coombes, Nr Ashbury, Oxfordshire (reported 2011-06-09)","date":"2011-06-09","datePrecision":"d","country":"United Kingdom","region":"Oxfordshire","coordSource":"og","source":"cca"}},{"type":"Feature","geometry":{"type":"Point","coordinates":[-1.31,51.06]},"properties":{"id":"fc6d3d95121d","title":"Cow Drove Hill, nr Kings Somborne, Hampshire (reported 2011-06-18)","date":"2011-06-18","datePrecision":"d","country":"United Kingdom","region":"Hampshire","coordSource":"rc","source":"cca"}},{"type":"Feature","geometry":{"type":"Point","coordinates":[0.00176,53.26929]},"properties":{"id":"f3e500a3fb3a","title":"Bluestone Heath Road, Worlaby, nr Louth, Lincolnshire (reported 2011-06-18)","date":"2011-06-18","datePrecision":"d","country":"United Kingdom","region":"Lincolnshire","coordSource":"sp","source":"cca"}},{"type":"Feature","geometry":{"type":"Point","coordinates":[-2.15,51.85]},"properties":{"id":"552766cd2292","title":"Needlehole, Upper Coberley, Gloucestershire (reported 2011-06-20)","date":"2011-06-20","datePrecision":"d","country":"United Kingdom","region":"Gloucestershire","coordSource":"rc","source":"cca"}},{"type":"Feature","geometry":{"type":"Point","coordinates":[-1.86262,51.17805]},"properties":{"id":"4652f38ec2ed","title":"Stonehenge (1), nr Winterbourne Stoke, Wiltshire (reported 2011-06-20)","date":"2011-06-20","datePrecision":"d","country":"United Kingdom","region":"Wiltshire","coordSource":"og","source":"cca"}},{"type":"Feature","geometry":{"type":"Point","coordinates":[-1.86403,51.18255]},"properties":{"id":"fe4dc6a0629d","title":"Stonehenge (2), nr Winterbourne Stoke, Wiltshire (reported 2011-06-21)","date":"2011-06-21","datePrecision":"d","country":"United Kingdom","region":"Wiltshire","coordSource":"og","source":"cca"}},{"type":"Feature","geometry":{"type":"Point","coordinates":[-1.95,51.32]},"properties":{"id":"1a1ad34bf9bd","title":"Stanton St Bernard, nr Alton Barnes. Wiltshire (reported 2011-06-21)","date":"2011-06-21","datePrecision":"d","country":"United Kingdom","region":"nr Alton Barnes. Wiltshire","coordSource":"rc","source":"cca"}},{"type":"Feature","geometry":{"type":"Point","coordinates":[-1.81312,51.39109]},"properties":{"id":"df957650a650","title":"Westwoods, Nr Lockeridge, Wiltshire (reported 2011-06-21)","date":"2011-06-21","datePrecision":"d","country":"United Kingdom","region":"Wiltshire","coordSource":"og","source":"cca"}},{"type":"Feature","geometry":{"type":"Point","coordinates":[-1.95,51.32]},"properties":{"id":"53110a9f5566","title":"Honeystreet, Nr Alton Barnes, Wiltshire (reported 2011-06-26)","date":"2011-06-26","datePrecision":"d","country":"United Kingdom","region":"Wiltshire","coordSource":"rc","source":"cca"}},{"type":"Feature","geometry":{"type":"Point","coordinates":[-1.95,51.32]},"properties":{"id":"20f55453e0a9","title":"Fonthill Down, Nr Chicklade. Wiltshire (reported 2011-06-27)","date":"2011-06-27","datePrecision":"d","country":"United Kingdom","region":"Nr Chicklade. Wiltshire","coordSource":"rc","source":"cca"}},{"type":"Feature","geometry":{"type":"Point","coordinates":[-1.95,51.32]},"properties":{"id":"117de955355a","title":"Allington, nr Devizes, Wiltshire (reported 2011-06-28)","date":"2011-06-28","datePrecision":"d","country":"United Kingdom","region":"Wiltshire","coordSource":"rc","source":"cca"}},{"type":"Feature","geometry":{"type":"Point","coordinates":[-1.95,51.32]},"properties":{"id":"8106219699ae","title":"Allington (2), nr Devizes, Wiltshire (reported 2011-06-28)","date":"2011-06-28","datePrecision":"d","country":"United Kingdom","region":"Wiltshire","coordSource":"rc","source":"cca"}},{"type":"Feature","geometry":{"type":"Point","coordinates":[-1.95,51.32]},"properties":{"id":"9c5e4ff27e8a","title":"Charlbury Hill, nr Hinton Parva, Wiltshire (reported 2011-06-29)","date":"2011-06-29","datePrecision":"d","country":"United Kingdom","region":"Wiltshire","coordSource":"rc","source":"cca"}},{"type":"Feature","geometry":{"type":"Point","coordinates":[-1.95,51.32]},"properties":{"id":"138cb161d7fe","title":"Roundway Hill (2), nr Devizes, Wiltshire (reported 2011-07-25)","date":"2011-07-25","datePrecision":"d","country":"United Kingdom","region":"Wiltshire","coordSource":"rc","source":"cca"}},{"type":"Feature","geometry":{"type":"Point","coordinates":[-1.95,51.32]},"properties":{"id":"4e1dae1ae07c","title":"Silbury Hill, Nr Avebury, Wiltshire (reported 2011-08-02)","date":"2011-08-02","datePrecision":"d","country":"United Kingdom","region":"Wiltshire","coordSource":"rc","source":"cca"}},{"type":"Feature","geometry":{"type":"Point","coordinates":[-1.95111,51.36785]},"properties":{"id":"217445a89e39","title":"Bridge Inn, Nr Bishop Cannings, Wiltshire (reported 2011-08-04)","date":"2011-08-04","datePrecision":"d","country":"United Kingdom","region":"Wiltshire","coordSource":"og","source":"cca"}},{"type":"Feature","geometry":{"type":"Point","coordinates":[-1.59018,51.57036]},"properties":{"id":"cf861f6cc4a0","title":"Wayland Smithy, Nr Ashbury, Oxfordshire (reported 2011-08-04)","date":"2011-08-04","datePrecision":"d","country":"United Kingdom","region":"Oxfordshire","coordSource":"og","source":"cca"}},{"type":"Feature","geometry":{"type":"Point","coordinates":[-1.95252,51.39752]},"properties":{"id":"f71d13aee003","title":"Furze Knoll, Bishop Cannings, Wiltshire (reported 2011-08-06)","date":"2011-08-06","datePrecision":"d","country":"United Kingdom","region":"Wiltshire","coordSource":"og","source":"cca"}},{"type":"Feature","geometry":{"type":"Point","coordinates":[-1.79563,51.44501]},"properties":{"id":"239f5c300510","title":"Temple Farm, Nr Rockley, Wiltshire (reported 2011-08-07)","date":"2011-08-07","datePrecision":"d","country":"United Kingdom","region":"Wiltshire","coordSource":"og","source":"cca"}},{"type":"Feature","geometry":{"type":"Point","coordinates":[-1.77014,51.36404]},"properties":{"id":"499087ec316a","title":"Giants Grave, Nr Oare, Wiltshire (reported 2011-08-10)","date":"2011-08-10","datePrecision":"d","country":"United Kingdom","region":"Wiltshire","coordSource":"og","source":"cca"}},{"type":"Feature","geometry":{"type":"Point","coordinates":[-1.89927,51.42806]},"properties":{"id":"a602272d1345","title":"Cooks Plantation, nr Beckhampton, Wiltshire (reported 2011-08-13)","date":"2011-08-13","datePrecision":"d","country":"United Kingdom","region":"Wiltshire","coordSource":"og","source":"cca"}},{"type":"Feature","geometry":{"type":"Point","coordinates":[-1.8964,51.42446]},"properties":{"id":"01ca79097994","title":"atKnoll Down, Nr Beckhampton, Wiltshire (reported 2011-08-13)","date":"2011-08-13","datePrecision":"d","country":"United Kingdom","region":"Wiltshire","coordSource":"og","source":"cca"}},{"type":"Feature","geometry":{"type":"Point","coordinates":[-1.95,51.32]},"properties":{"id":"a8524bf02966","title":"Jubilee Plantation, nr Cherhill, Wiltshire (reported 2011-08-15)","date":"2011-08-15","datePrecision":"d","country":"United Kingdom","region":"Wiltshire","coordSource":"rc","source":"cca"}},{"type":"Feature","geometry":{"type":"Point","coordinates":[-2.05,55.25]},"properties":{"id":"7bd6f0be8b60","title":"Between Alnwick & Alnmouth, Northumberland (reported 2011-08-28)","date":"2011-08-28","datePrecision":"d","country":"United Kingdom","region":"Northumberland","coordSource":"rc","source":"cca"}},{"type":"Feature","geometry":{"type":"Point","coordinates":[-1.95,51.32]},"properties":{"id":"357c7dff9dae","title":"East Field (2), nr Alton Barnes, Wiltshire (reported 2011-10-03)","date":"2011-10-03","datePrecision":"d","country":"United Kingdom","region":"Wiltshire","coordSource":"rc","source":"cca"}},{"type":"Feature","geometry":{"type":"Point","coordinates":[-1.95,51.32]},"properties":{"id":"eb9f13545bc5","title":"Roundway Hill (3), nr Devizes, Wiltshire (reported 2011-12-08)","date":"2011-12-08","datePrecision":"d","country":"United Kingdom","region":"Wiltshire","coordSource":"rc","source":"cca"}},{"type":"Feature","geometry":{"type":"Point","coordinates":[-82.79,40.29]},"properties":{"id":"b48df5262f0e","title":"Chillicothe, Ross County (Mid Sept 2012)","date":"2012","datePrecision":"y","country":"United States","region":"Ohio","coordSource":"rc","source":"iccra","tags":["circle","fractal","lattice","oval","ring","spiral"]}},{"type":"Feature","geometry":{"type":"Point","coordinates":[-1.83339,51.34886]},"properties":{"id":"43ad0ba998cb","title":"Crop Circle at Woodborough Hill. Alton Barnes.Wiltshire. Report 9th June 2012.","date":"2012","datePrecision":"y","country":"United Kingdom","coordSource":"og","source":"cca"}},{"type":"Feature","geometry":{"type":"Point","coordinates":[5.2,51.56]},"properties":{"id":"a789d1ff4a67","title":"Schijndel, Noord-Brabant, 05-02-2012","date":"2012-02-05","datePrecision":"d","country":"Netherlands","region":"Noord-Brabant","coordSource":"rc","source":"dcca","tags":["circle"]}},{"type":"Feature","geometry":{"type":"Point","coordinates":[5.94,52.06]},"properties":{"id":"cc61fecb44c0","title":"Arnhem, Gelderland, 09-02-2012","date":"2012-02-09","datePrecision":"d","country":"Netherlands","region":"Gelderland","coordSource":"rc","source":"dcca","tags":["circle"]}},{"type":"Feature","geometry":{"type":"Point","coordinates":[-1.82171,51.3992]},"properties":{"id":"716830c54664","title":"Hill Barn. nr East Kennett, Wiltshire (reported 2012-04-15)","date":"2012-04-15","datePrecision":"d","country":"United Kingdom","region":"Wiltshire","coordSource":"og","source":"cca"}},{"type":"Feature","geometry":{"type":"Point","coordinates":[5.2,51.56]},"properties":{"id":"3b488e5161b8","title":"Bosschenhoofd (1), Noord-Brabant, 24-04-2012","date":"2012-04-24","datePrecision":"d","country":"Netherlands","region":"Noord-Brabant","coordSource":"rc","source":"dcca","tags":["circle"]}},{"type":"Feature","geometry":{"type":"Point","coordinates":[-1.94704,51.15744]},"properties":{"id":"54b29fd43987","title":"Yarnbury Castle, Nr Winterbourne Stoke. Wiltshire (reported 2012-04-28)","date":"2012-04-28","datePrecision":"d","country":"United Kingdom","region":"Nr Winterbourne Stoke. Wiltshire","coordSource":"og","source":"cca"}},{"type":"Feature","geometry":{"type":"Point","coordinates":[5.2,51.56]},"properties":{"id":"e53b53d81495","title":"Hoeven (1), Noord-Brabant, 06-05-2012","date":"2012-05-06","datePrecision":"d","country":"Netherlands","region":"Noord-Brabant","coordSource":"rc","source":"dcca","tags":["circle"]}},{"type":"Feature","geometry":{"type":"Point","coordinates":[5.2,51.56]},"properties":{"id":"548951ede832","title":"Bosschenhoofd (2), Noord-Brabant, 10-05-2012","date":"2012-05-10","datePrecision":"d","country":"Netherlands","region":"Noord-Brabant","coordSource":"rc","source":"dcca","tags":["circle","cross"]}},{"type":"Feature","geometry":{"type":"Point","coordinates":[-1.80055,51.63564]},"properties":{"id":"5572249d54cf","title":"Water Eaton Copse, Nr Hannington, Wiltshire (reported 2012-05-12)","date":"2012-05-12","datePrecision":"d","country":"United Kingdom","region":"Wiltshire","coordSource":"og","source":"cca"}},{"type":"Feature","geometry":{"type":"Point","coordinates":[-1.78466,51.63471]},"properties":{"id":"a916739713b0","title":"Ashmead Brake, Nr Hannington, Wiltshire (reported 2012-05-13)","date":"2012-05-13","datePrecision":"d","country":"United Kingdom","region":"Wiltshire","coordSource":"og","source":"cca"}},{"type":"Feature","geometry":{"type":"Point","coordinates":[5.2,51.56]},"properties":{"id":"ba48ab4e9b84","title":"Hoeven (2), Noord-Brabant, 16-05-2012","date":"2012-05-16","datePrecision":"d","country":"Netherlands","region":"Noord-Brabant","coordSource":"rc","source":"dcca","tags":["circle","ring"]}},{"type":"Feature","geometry":{"type":"Point","coordinates":[5.2,51.56]},"properties":{"id":"4283b7acf5fe","title":"Hoeven (3), Noord-Brabant, 18-05-2012","date":"2012-05-18","datePrecision":"d","country":"Netherlands","region":"Noord-Brabant","coordSource":"rc","source":"dcca","tags":["circle","cross","text-code"]}},{"type":"Feature","geometry":{"type":"Point","coordinates":[5.2,51.56]},"properties":{"id":"ad1502cf5ab6","title":"Hoeven (4), Noord-Brabant, 18-05-2012","date":"2012-05-18","datePrecision":"d","country":"Netherlands","region":"Noord-Brabant","coordSource":"rc","source":"dcca"}},{"type":"Feature","geometry":{"type":"Point","coordinates":[5.2,51.56]},"properties":{"id":"61a93a81de5d","title":"Hoeven (6), Noord-Brabant, 18-05-2012","date":"2012-05-18","datePrecision":"d","country":"Netherlands","region":"Noord-Brabant","coordSource":"rc","source":"dcca"}},{"type":"Feature","geometry":{"type":"Point","coordinates":[-1.56986,51.58377]},"properties":{"id":"fb608e027683","title":"Uffington White Horse, nr Woolstone. Oxfordshire (reported 2012-05-19)","date":"2012-05-19","datePrecision":"d","country":"United Kingdom","region":"nr Woolstone. Oxfordshire","coordSource":"og","source":"cca"}},{"type":"Feature","geometry":{"type":"Point","coordinates":[-1.75842,51.40718]},"properties":{"id":"a57694ee51c8","title":"Manton Drove, nr Marlborough, Wiltshire (reported 2012-06-02)","date":"2012-06-02","datePrecision":"d","country":"United Kingdom","region":"Wiltshire","coordSource":"og","source":"cca"}},{"type":"Feature","geometry":{"type":"Point","coordinates":[-1.86192,51.41274]},"properties":{"id":"2a91e1080857","title":"Silbury Hill, Nr Avebury, Wiltshire (reported 2012-06-12)","date":"2012-06-12","datePrecision":"d","country":"United Kingdom","region":"Wiltshire","coordSource":"og","source":"cca"}},{"type":"Feature","geometry":{"type":"Point","coordinates":[-1.86624,51.41005]},"properties":{"id":"ae352a70eaa8","title":"Silbury Hill (2), Nr Avebury, Wiltshire (reported 2012-06-13)","date":"2012-06-13","datePrecision":"d","country":"United Kingdom","region":"Wiltshire","coordSource":"og","source":"cca"}},{"type":"Feature","geometry":{"type":"Point","coordinates":[-2.28933,51.24252]},"properties":{"id":"a1c3ecd15e4c","title":"Berkley Lane, nr Frome. Somerset (reported 2012-06-17)","date":"2012-06-17","datePrecision":"d","country":"United Kingdom","region":"nr Frome. Somerset","coordSource":"og","source":"cca"}},{"type":"Feature","geometry":{"type":"Point","coordinates":[-2.53314,52.6666]},"properties":{"id":"e2cfb9f79693","title":"Wenlock Wood, nr Little Wenlock, Shropshire (reported 2012-06-17)","date":"2012-06-17","datePrecision":"d","country":"United Kingdom","region":"Shropshire","coordSource":"sp","source":"cca"}},{"type":"Feature","geometry":{"type":"Point","coordinates":[5.2,51.56]},"properties":{"id":"f6bfd1617a6f","title":"Hoeven (5), Noord-Brabant, 19-06-2012","date":"2012-06-19","datePrecision":"d","country":"Netherlands","region":"Noord-Brabant","coordSource":"rc","source":"dcca","tags":["circle","key-claw"]}},{"type":"Feature","geometry":{"type":"Point","coordinates":[-1.82182,51.36953]},"properties":{"id":"d03ff86b81ef","title":"Golden Ball Hill, nr Alton Barnes. Wiltshire (reported 2012-06-20)","date":"2012-06-20","datePrecision":"d","country":"United Kingdom","region":"nr Alton Barnes. Wiltshire","coordSource":"og","source":"cca"}},{"type":"Feature","geometry":{"type":"Point","coordinates":[-1.77729,51.37035]},"properties":{"id":"9e3b8715c0b1","title":"Huish Hill, nr Oare, Wiltshire (reported 2012-06-20)","date":"2012-06-20","datePrecision":"d","country":"United Kingdom","region":"Wiltshire","coordSource":"og","source":"cca"}},{"type":"Feature","geometry":{"type":"Point","coordinates":[-2.51743,52.66139]},"properties":{"id":"8cb47e015c75","title":"Malthous Bank, nr Little Wenlock, Shropshire (reported 2012-06-20)","date":"2012-06-20","datePrecision":"d","country":"United Kingdom","region":"Shropshire","coordSource":"og","source":"cca"}},{"type":"Feature","geometry":{"type":"Point","coordinates":[-1.84769,51.36507]},"properties":{"id":"70050b444a01","title":"Milk Hill, Nr Alton Barnes, Wiltshire (reported 2012-06-25)","date":"2012-06-25","datePrecision":"d","country":"United Kingdom","region":"Wiltshire","coordSource":"og","source":"cca"}},{"type":"Feature","geometry":{"type":"Point","coordinates":[-1.93667,51.42539]},"properties":{"id":"94ec7aa85d7b","title":"Cherhill, nr Calne, Wiltshire (reported 2012-06-25)","date":"2012-06-25","datePrecision":"d","country":"United Kingdom","region":"Wiltshire","coordSource":"og","source":"cca"}},{"type":"Feature","geometry":{"type":"Point","coordinates":[-1.90215,51.42447]},"properties":{"id":"e1e047e093dd","title":"Knoll Down, Nr Beckhampton. Wiltshire (reported 2012-06-26)","date":"2012-06-26","datePrecision":"d","country":"United Kingdom","region":"Nr Beckhampton. Wiltshire","coordSource":"og","source":"cca"}},{"type":"Feature","geometry":{"type":"Point","coordinates":[-1.86637,51.36419]},"properties":{"id":"85715b850a98","title":"Stanton St Bernard, nr Alton Barnes, Wiltshire (reported 2012-06-26)","date":"2012-06-26","datePrecision":"d","country":"United Kingdom","region":"Wiltshire","coordSource":"og","source":"cca"}},{"type":"Feature","geometry":{"type":"Point","coordinates":[-1.86064,51.35789]},"properties":{"id":"e2d4c8cf0522","title":"Stanton St Bernard (2), nr Alton Barnes, Wiltshire (reported 2012-06-29)","date":"2012-06-29","datePrecision":"d","country":"United Kingdom","region":"Wiltshire","coordSource":"og","source":"cca"}},{"type":"Feature","geometry":{"type":"Point","coordinates":[5.2,51.56]},"properties":{"id":"5b443459eaad","title":"Seppe (1), Noord-Brabant, 04-07-2012","date":"2012-07-04","datePrecision":"d","country":"Netherlands","region":"Noord-Brabant","coordSource":"rc","source":"dcca","tags":["circle"]}},{"type":"Feature","geometry":{"type":"Point","coordinates":[5.2,51.56]},"properties":{"id":"66486a7c8a60","title":"Zevenbergschen Hoek, Noord-Brabant, 11-07-2012","date":"2012-07-11","datePrecision":"d","country":"Netherlands","region":"Noord-Brabant","coordSource":"rc","source":"dcca","tags":["circle","ring"]}},{"type":"Feature","geometry":{"type":"Point","coordinates":[5.2,51.56]},"properties":{"id":"1c481309eb5e","title":"Seppe (2), Noord-Brabant, 17-07-2012","date":"2012-07-17","datePrecision":"d","country":"Netherlands","region":"Noord-Brabant","coordSource":"rc","source":"dcca","tags":[]}},{"type":"Feature","geometry":{"type":"Point","coordinates":[5.2,51.56]},"properties":{"id":"bc41bbd02a9f","title":"Seppe (2), Noord-Brabant, 20-07-2012","date":"2012-07-20","datePrecision":"d","country":"Netherlands","region":"Noord-Brabant","coordSource":"rc","source":"dcca","tags":["circle"]}},{"type":"Feature","geometry":{"type":"Point","coordinates":[5.2,51.56]},"properties":{"id":"4466d7c880b8","title":"Seppe (2), Noord-Brabant, 21-07-2012","date":"2012-07-21","datePrecision":"d","country":"Netherlands","region":"Noord-Brabant","coordSource":"rc","source":"dcca","tags":[]}},{"type":"Feature","geometry":{"type":"Point","coordinates":[-1.81452,51.39829]},"properties":{"id":"f4cc485de6f0","title":"Hill Barn, nr East Kennett, Wiltshire (reported 2012-07-26)","date":"2012-07-26","datePrecision":"d","country":"United Kingdom","region":"Wiltshire","coordSource":"og","source":"cca"}},{"type":"Feature","geometry":{"type":"Point","coordinates":[-1.85179,51.43071]},"properties":{"id":"968c17377ae9","title":"Avebury Stone Circle, Wiltshire (reported 2012-08-01)","date":"2012-08-01","datePrecision":"d","country":"United Kingdom","region":"Wiltshire","coordSource":"og","source":"cca"}},{"type":"Feature","geometry":{"type":"Point","coordinates":[-1.72983,51.37924]},"properties":{"id":"7a321e6b34af","title":"Chalk Pit, nr Wootton Rivers, Wiltshire (reported 2012-08-02)","date":"2012-08-02","datePrecision":"d","country":"United Kingdom","region":"Wiltshire","coordSource":"og","source":"cca"}},{"type":"Feature","geometry":{"type":"Point","coordinates":[-1.58964,52.42807]},"properties":{"id":"371206a542f5","title":"Pickford, nr Coventry, Warwickshire (reported 2012-08-04)","date":"2012-08-04","datePrecision":"d","country":"United Kingdom","region":"Warwickshire","coordSource":"og","source":"cca"}},{"type":"Feature","geometry":{"type":"Point","coordinates":[-1.86635,51.37048]},"properties":{"id":"2bfa0ec5ad61","title":"Milk Hill (2), nr Stanton St Bernard, Wiltshire (reported 2012-08-05)","date":"2012-08-05","datePrecision":"d","country":"United Kingdom","region":"Wiltshire","coordSource":"og","source":"cca"}},{"type":"Feature","geometry":{"type":"Point","coordinates":[-1.24871,51.01386]},"properties":{"id":"dd5536d13ea4","title":"Longwood Road, nr Owslebury, Hampshire (reported 2012-08-05)","date":"2012-08-05","datePrecision":"d","country":"United Kingdom","region":"Hampshire","coordSource":"og","source":"cca"}},{"type":"Feature","geometry":{"type":"Point","coordinates":[-1.24392,51.04531]},"properties":{"id":"a6e1861bbc4f","title":"Cheesefoot Head (1), nr Winchester, Hampshire (reported 2012-08-09)","date":"2012-08-09","datePrecision":"d","country":"United Kingdom","region":"Hampshire","coordSource":"og","source":"cca"}},{"type":"Feature","geometry":{"type":"Point","coordinates":[-1.24392,51.04531]},"properties":{"id":"74d69f59446f","title":"Cheesefoot Head (2), nr Winchester, Hampshire (reported 2012-08-09)","date":"2012-08-09","datePrecision":"d","country":"United Kingdom","region":"Hampshire","coordSource":"og","source":"cca"}},{"type":"Feature","geometry":{"type":"Point","coordinates":[-2.06635,51.58903]},"properties":{"id":"9785b17cb597","title":"Tanners Bridge, nr Charlton, Malmesbury. Wiltshire (reported 2012-08-11)","date":"2012-08-11","datePrecision":"d","country":"United Kingdom","region":"Malmesbury. Wiltshire","coordSource":"og","source":"cca"}},{"type":"Feature","geometry":{"type":"Point","coordinates":[-1.95684,51.38314]},"properties":{"id":"463f9ef6716d","title":"Stone Pit Hill, nr Bishops Cannings, Wiltshire (reported 2012-08-11)","date":"2012-08-11","datePrecision":"d","country":"United Kingdom","region":"Wiltshire","coordSource":"og","source":"cca"}},{"type":"Feature","geometry":{"type":"Point","coordinates":[-1.78709,51.42432]},"properties":{"id":"dbb679d53451","title":"Devil's Den, nr Fyfield, Wiltshire (reported 2012-08-12)","date":"2012-08-12","datePrecision":"d","country":"United Kingdom","region":"Wiltshire","coordSource":"og","source":"cca"}},{"type":"Feature","geometry":{"type":"Point","coordinates":[-1.56844,51.58107]},"properties":{"id":"e792eaa5a7bb","title":"Uffington White Horse, nr Woolstone. Oxfordshire (reported 2012-08-14)","date":"2012-08-14","datePrecision":"d","country":"United Kingdom","region":"nr Woolstone. Oxfordshire","coordSource":"og","source":"cca"}},{"type":"Feature","geometry":{"type":"Point","coordinates":[-1.45558,52.32684]},"properties":{"id":"a16d0caf7ed0","title":"Wappenbury, Nr Royal Leamington Spa. Warwickshire (reported 2012-08-15)","date":"2012-08-15","datePrecision":"d","country":"United Kingdom","region":"Nr Royal Leamington Spa. Warwickshire","coordSource":"og","source":"cca"}},{"type":"Feature","geometry":{"type":"Point","coordinates":[-1.47535,52.26759]},"properties":{"id":"60fc3912e903","title":"Cedar Tree Farm, nr Radford Semele, Warwickshire (reported 2012-08-18)","date":"2012-08-18","datePrecision":"d","country":"United Kingdom","region":"Warwickshire","coordSource":"og","source":"cca"}},{"type":"Feature","geometry":{"type":"Point","coordinates":[-1.82461,51.39201]},"properties":{"id":"c86697a5dff8","title":"Lurkeley Hill, nr East Kennett, Wiltshire (reported 2012-08-19)","date":"2012-08-19","datePrecision":"d","country":"United Kingdom","region":"Wiltshire","coordSource":"og","source":"cca"}},{"type":"Feature","geometry":{"type":"Point","coordinates":[-1.82764,51.35155]},"properties":{"id":"8356fc4105d2","title":"Woodborough Hill, Nr Alton Barnes, Wiltshire (reported 2012-08-20)","date":"2012-08-20","datePrecision":"d","country":"United Kingdom","region":"Wiltshire","coordSource":"og","source":"cca"}},{"type":"Feature","geometry":{"type":"Point","coordinates":[-1.81424,51.46932]},"properties":{"id":"3cc2a7973870","title":"Shoulder of Mutton Plantation, nr Hackpen Hill. Wiltshire (reported 2012-08-21)","date":"2012-08-21","datePrecision":"d","country":"United Kingdom","region":"nr Hackpen Hill. Wiltshire","coordSource":"og","source":"cca"}},{"type":"Feature","geometry":{"type":"Point","coordinates":[-1.81279,51.47202]},"properties":{"id":"1f942316f814","title":"Hackpen Hill (1), nr Broad Hinton. Wiltshire (reported 2012-08-21)","date":"2012-08-21","datePrecision":"d","country":"United Kingdom","region":"nr Broad Hinton. Wiltshire","coordSource":"og","source":"cca"}},{"type":"Feature","geometry":{"type":"Point","coordinates":[-1.82464,51.38392]},"properties":{"id":"d704e9f55179","title":"Wansdyke, nr Furze Hill, Wiltshire (reported 2012-08-21)","date":"2012-08-21","datePrecision":"d","country":"United Kingdom","region":"Wiltshire","coordSource":"og","source":"cca"}},{"type":"Feature","geometry":{"type":"Point","coordinates":[-1.67209,51.41596]},"properties":{"id":"02b75b5adde5","title":"Oxleaze Copse, nr Stitchcombe, Wiltshire (reported 2012-08-23)","date":"2012-08-23","datePrecision":"d","country":"United Kingdom","region":"Wiltshire","coordSource":"og","source":"cca"}},{"type":"Feature","geometry":{"type":"Point","coordinates":[-1.81997,51.47652]},"properties":{"id":"f0ec0d68f50e","title":"Hackpen Hill (3), nr Broad Hinton. Wiltshire (reported 2012-08-26)","date":"2012-08-26","datePrecision":"d","country":"United Kingdom","region":"nr Broad Hinton. Wiltshire","coordSource":"og","source":"cca"}},{"type":"Feature","geometry":{"type":"Point","coordinates":[-1.89367,51.35972]},"properties":{"id":"d93e659ca161","title":"All Cannings Bridge, nr All Cannings, Wiltshire (reported 2012-08-30)","date":"2012-08-30","datePrecision":"d","country":"United Kingdom","region":"Wiltshire","coordSource":"og","source":"cca"}},{"type":"Feature","geometry":{"type":"Point","coordinates":[-1.83143,51.49182]},"properties":{"id":"302f3580e532","title":"Uffcott, nr Broad Hinton, Wiltshire (reported 2012-09-03)","date":"2012-09-03","datePrecision":"d","country":"United Kingdom","region":"Wiltshire","coordSource":"og","source":"cca"}},{"type":"Feature","geometry":{"type":"Point","coordinates":[-1.83026,51.41809]},"properties":{"id":"59fe63e929dc","title":"The Ridgeway, Nr Overton Hill, Wiltshire (reported 2012-09-05)","date":"2012-09-05","datePrecision":"d","country":"United Kingdom","region":"Wiltshire","coordSource":"og","source":"cca"}},{"type":"Feature","geometry":{"type":"Point","coordinates":[0.55,51.77]},"properties":{"id":"81a56f22f012","title":"Sutton Manor House, Rochford, Essex (reported 2012-09-07)","date":"2012-09-07","datePrecision":"d","country":"United Kingdom","region":"Essex","coordSource":"rc","source":"cca"}},{"type":"Feature","geometry":{"type":"Point","coordinates":[-1.8791,51.43793]},"properties":{"id":"bfee1a36dd3a","title":"Windmill Hill, nr Avebury Trusloe, Wiltshire (reported 2012-10-14)","date":"2012-10-14","datePrecision":"d","country":"United Kingdom","region":"Wiltshire","coordSource":"og","source":"cca"}},{"type":"Feature","geometry":{"type":"Point","coordinates":[-1.81132,51.47921]},"properties":{"id":"ceb2b65e11d5","title":"Crop Circle at Hackpen Hill, Nr Broad Hinton, Wiltshire, United Kingdom. Report 15th July 2013 (reported 2013)","date":"2013","datePrecision":"y","country":"United Kingdom","region":"United Kingdom. Report 15th July 2013","coordSource":"og","source":"cca"}},{"type":"Feature","geometry":{"type":"Point","coordinates":[-1.83909,51.36146]},"properties":{"id":"3c92082715e5","title":"East Field, nr Alton Priors, Wiltshire. United Kingdom (reported 2013-06-02)","date":"2013-06-02","datePrecision":"d","country":"United Kingdom","region":"Wiltshire. United Kingdom","coordSource":"og","source":"cca"}},{"type":"Feature","geometry":{"type":"Point","coordinates":[-1.95,51.32]},"properties":{"id":"6a3775060a0e","title":"Cherhill White Horse, nr Cherhill, Wiltshire. United Kingdom (reported 2013-06-07)","date":"2013-06-07","datePrecision":"d","country":"United Kingdom","region":"Wiltshire. United Kingdom","coordSource":"rc","source":"cca"}},{"type":"Feature","geometry":{"type":"Point","coordinates":[-1.95,51.32]},"properties":{"id":"7e9b7f6b4f92","title":"Stanton St Bernard, nr Alton Barnes, Wiltshire. UK (reported 2013-06-09)","date":"2013-06-09","datePrecision":"d","country":"United Kingdom","region":"Wiltshire. UK","coordSource":"rc","source":"cca"}},{"type":"Feature","geometry":{"type":"Point","coordinates":[-1.95,51.32]},"properties":{"id":"9cd6aefeb4cb","title":"Stanton St Bernard (2), nr Alton Barnes, Wiltshire. UK (reported 2013-06-21)","date":"2013-06-21","datePrecision":"d","country":"United Kingdom","region":"Wiltshire. UK","coordSource":"rc","source":"cca"}},{"type":"Feature","geometry":{"type":"Point","coordinates":[-1.91075,51.43796]},"properties":{"id":"a5f7898abad4","title":"Yatesbury, nr Calne, Wiltshire, UK (reported 2013-06-21)","date":"2013-06-21","datePrecision":"d","country":"United Kingdom","region":"UK","coordSource":"og","source":"cca"}},{"type":"Feature","geometry":{"type":"Point","coordinates":[-1.95507,51.36636]},"properties":{"id":"b2f632b5e1ec","title":"Horton Bridge, nr Devizes, Wiltshire, UK (reported 2013-06-23)","date":"2013-06-23","datePrecision":"d","country":"United Kingdom","region":"UK","coordSource":"sp","source":"cca"}},{"type":"Feature","geometry":{"type":"Point","coordinates":[-2.2,52.2]},"properties":{"id":"71efeeb91630","title":"Hoden, nr Evesham, Worcestershire. United Kingdom (reported 2013-07-13)","date":"2013-07-13","datePrecision":"d","country":"United Kingdom","region":"Worcestershire. United Kingdom","coordSource":"rc","source":"cca"}},{"type":"Feature","geometry":{"type":"Point","coordinates":[-1.86641,51.3516]},"properties":{"id":"c19df91fc345","title":"All Cannings, nr Stanton St Bernard, Wiltshire (reported 2013-07-15)","date":"2013-07-15","datePrecision":"d","country":"United Kingdom","region":"Wiltshire","coordSource":"og","source":"cca"}},{"type":"Feature","geometry":{"type":"Point","coordinates":[-1.85071,51.32101]},"properties":{"id":"eccfd86507e2","title":"Hilcott, nr Wilsford, Wiltshire, United Kingdom (reported 2013-07-16)","date":"2013-07-16","datePrecision":"d","country":"United Kingdom","region":"United Kingdom","coordSource":"og","source":"cca"}},{"type":"Feature","geometry":{"type":"Point","coordinates":[-1.95,51.32]},"properties":{"id":"ee86c2a60587","title":"Giant's Grave, nr Oare, Wiltshire (reported 2013-07-22)","date":"2013-07-22","datePrecision":"d","country":"United Kingdom","region":"Wiltshire","coordSource":"rc","source":"cca"}},{"type":"Feature","geometry":{"type":"Point","coordinates":[-1.98989,51.38405]},"properties":{"id":"dce183a967a9","title":"Wessex Ridgeway, Nr Roundway, Wiltshire, UK (reported 2013-07-24)","date":"2013-07-24","datePrecision":"d","country":"United Kingdom","region":"UK","coordSource":"og","source":"cca"}},{"type":"Feature","geometry":{"type":"Point","coordinates":[-2.51627,52.68836]},"properties":{"id":"e097b0498b84","title":"LimeKiln Wood, Nr Wellington, Shropshire, United Kingdom (reported 2013-07-28)","date":"2013-07-28","datePrecision":"d","country":"United Kingdom","region":"United Kingdom","coordSource":"og","source":"cca"}},{"type":"Feature","geometry":{"type":"Point","coordinates":[-1.88518,51.31116]},"properties":{"id":"1d7e47907b61","title":"Gripp Patch, nr Chirton, Wiltshire, United Kingdom (reported 2013-07-31)","date":"2013-07-31","datePrecision":"d","country":"United Kingdom","region":"United Kingdom","coordSource":"og","source":"cca"}},{"type":"Feature","geometry":{"type":"Point","coordinates":[-1.95,51.32]},"properties":{"id":"3a530a5e3317","title":"Milk Hill. nr Alton Barnes, Wiltshire (reported 2013-08-01)","date":"2013-08-01","datePrecision":"d","country":"United Kingdom","region":"Wiltshire","coordSource":"rc","source":"cca"}},{"type":"Feature","geometry":{"type":"Point","coordinates":[-1.95,51.32]},"properties":{"id":"ec5c1024e3d9","title":"Stonehenge, nr Amesbury, Wiltshire (reported 2013-08-01)","date":"2013-08-01","datePrecision":"d","country":"United Kingdom","region":"Wiltshire","coordSource":"rc","source":"cca"}},{"type":"Feature","geometry":{"type":"Point","coordinates":[-1.96119,51.34178]},"properties":{"id":"98d880668a15","title":"Monument Hill, Devizes, Wiltshire United Kingdom (reported 2013-08-06)","date":"2013-08-06","datePrecision":"d","country":"United Kingdom","region":"Wiltshire United Kingdom","coordSource":"og","source":"cca"}},{"type":"Feature","geometry":{"type":"Point","coordinates":[-1.85904,51.41274]},"properties":{"id":"41be6d9dfa33","title":"Silbury Hill (2), Nr Avebury, Wiltshire, United Kingdom (reported 2013-08-08)","date":"2013-08-08","datePrecision":"d","country":"United Kingdom","region":"United Kingdom","coordSource":"og","source":"cca"}},{"type":"Feature","geometry":{"type":"Point","coordinates":[-1.58673,51.31408]},"properties":{"id":"5f069575e11f","title":"Chute Causeway, nr Tidcombe, Wiltshire, United Kingdom (reported 2013-08-10)","date":"2013-08-10","datePrecision":"d","country":"United Kingdom","region":"United Kingdom","coordSource":"og","source":"cca"}},{"type":"Feature","geometry":{"type":"Point","coordinates":[-2.14012,52.10685]},"properties":{"id":"a1a0e21d4af9","title":"Harewell lane, Nr Besford, Worcestershire, United Kingdom (reported 2013-08-12)","date":"2013-08-12","datePrecision":"d","country":"United Kingdom","region":"United Kingdom","coordSource":"og","source":"cca"}},{"type":"Feature","geometry":{"type":"Point","coordinates":[-1.81421,51.47561]},"properties":{"id":"4f9deb0918c3","title":"Hackpen Hill (4), nr Broad Hinton, Wiltshire, United Kingdom (reported 2013-08-13)","date":"2013-08-13","datePrecision":"d","country":"United Kingdom","region":"United Kingdom","coordSource":"og","source":"cca"}},{"type":"Feature","geometry":{"type":"Point","coordinates":[-1.95114,51.34088]},"properties":{"id":"ff11206c8eec","title":"Etchilhampton Hill, Nr Devizes, Wiltshire (reported 2013-08-19)","date":"2013-08-19","datePrecision":"d","country":"United Kingdom","region":"Wiltshire","coordSource":"og","source":"cca"}},{"type":"Feature","geometry":{"type":"Point","coordinates":[-1.89208,51.42716]},"properties":{"id":"6db925446bc9","title":"Cooks Plantation, nr Beckhampton, Wiltshire, United Kingdom (reported 2013-08-23)","date":"2013-08-23","datePrecision":"d","country":"United Kingdom","region":"United Kingdom","coordSource":"og","source":"cca"}},{"type":"Feature","geometry":{"type":"Point","coordinates":[-2.3,50.78]},"properties":{"id":"6fcb4ec2bc83","title":"Ashmore, nr Shaftesbury, Dorset (reported 2013-08-30)","date":"2013-08-30","datePrecision":"d","country":"United Kingdom","region":"Dorset","coordSource":"rc","source":"cca"}},{"type":"Feature","geometry":{"type":"Point","coordinates":[-2.06526,50.82562]},"properties":{"id":"26e93c752687","title":"Crop Circle at Badbury Rings, nr Wimborne Minster, Dorset, United Kingdom. Report 17th June 2014","date":"2014","datePrecision":"y","country":"United Kingdom","coordSource":"og","source":"ccc"}},{"type":"Feature","geometry":{"type":"Point","coordinates":[-1.22864,51.19178]},"properties":{"id":"c660983b2787","title":"Crop Circle at Black Wood, Nr Popham, Hampshire, united Kingdom. Report 21st June 2014","date":"2014","datePrecision":"y","country":"United Kingdom","coordSource":"og","source":"ccc"}},{"type":"Feature","geometry":{"type":"Point","coordinates":[-1.70255,51.37558]},"properties":{"id":"767b210e9693","title":"Brimslade Farm, nr Wootton Rivers, Wiltshire (reported 2014-04-16)","date":"2014-04-16","datePrecision":"d","country":"United Kingdom","region":"Wiltshire","coordSource":"og","source":"ccc"}},{"type":"Feature","geometry":{"type":"Point","coordinates":[-2.21902,50.91626]},"properties":{"id":"2ecfe6d0dd50","title":"Hambledon Hill, nr Iwerne Minister, Dorset (reported 2014-04-30)","date":"2014-04-30","datePrecision":"d","country":"United Kingdom","region":"Dorset","coordSource":"og","source":"ccc"}},{"type":"Feature","geometry":{"type":"Point","coordinates":[-1.84512,52.12661]},"properties":{"id":"75d069618a75","title":"Buckle Street, nr Pebworth, Worcestershire, United Kingdom (reported 2014-05-26)","date":"2014-05-26","datePrecision":"d","country":"United Kingdom","region":"United Kingdom","coordSource":"og","source":"ccc"}},{"type":"Feature","geometry":{"type":"Point","coordinates":[-0.06336,50.85903]},"properties":{"id":"764fd9e55dfd","title":"Loose Bottom, Nr Falmer, East Sussex, United Kingdom (reported 2014-05-30)","date":"2014-05-30","datePrecision":"d","country":"United Kingdom","region":"United Kingdom","coordSource":"og","source":"ccc"}},{"type":"Feature","geometry":{"type":"Point","coordinates":[-2.21891,50.89378]},"properties":{"id":"be72c09308ae","title":"Hod Hill, nr Hanford, Dorset, United Kingdom (reported 2014-06-01)","date":"2014-06-01","datePrecision":"d","country":"United Kingdom","region":"United Kingdom","coordSource":"og","source":"ccc"}},{"type":"Feature","geometry":{"type":"Point","coordinates":[-1.26276,51.05507]},"properties":{"id":"c4f852f645a7","title":"Gipsy Lane, Chilcomb Down, Nr Winchester, Hampshire. United Kingdom (reported 2014-06-06)","date":"2014-06-06","datePrecision":"d","country":"United Kingdom","region":"Hampshire. United Kingdom","coordSource":"sp","source":"ccc"}},{"type":"Feature","geometry":{"type":"Point","coordinates":[-2.14169,52.10765]},"properties":{"id":"53ba4a9b6ce4","title":"Harewell Lane, nr Besford, Worcestershire, United Kingdom (reported 2014-06-14)","date":"2014-06-14","datePrecision":"d","country":"United Kingdom","region":"United Kingdom","coordSource":"sp","source":"ccc"}},{"type":"Feature","geometry":{"type":"Point","coordinates":[0.71687,51.5657]},"properties":{"id":"8d38d11aef11","title":"Temple Farm, Sutton road, Nr Southend-on-Sea, Essex, United Kingdom (reported 2014-06-14)","date":"2014-06-14","datePrecision":"d","country":"United Kingdom","region":"United Kingdom","coordSource":"og","source":"ccc"}},{"type":"Feature","geometry":{"type":"Point","coordinates":[-1.95,51.32]},"properties":{"id":"17d7e0487139","title":"Alton Barnes, Wiltshire. United Kingdom (reported 2014-06-20)","date":"2014-06-20","datePrecision":"d","country":"United Kingdom","region":"Wiltshire. United Kingdom","coordSource":"rc","source":"ccc"}},{"type":"Feature","geometry":{"type":"Point","coordinates":[-1.85042,51.40913]},"properties":{"id":"d9cc7219b9f3","title":"West Kennett Longbarrow, Nr Avebury. Wiltshire, United Kingdom (reported 2014-06-22)","date":"2014-06-22","datePrecision":"d","country":"United Kingdom","region":"United Kingdom","coordSource":"og","source":"ccc"}},{"type":"Feature","geometry":{"type":"Point","coordinates":[-1.81192,51.47256]},"properties":{"id":"e64601a09600","title":"The Ridgeway, Nr Hackpen Hill, Wiltshire, United Kingdom (reported 2014-06-26)","date":"2014-06-26","datePrecision":"d","country":"United Kingdom","region":"United Kingdom","coordSource":"sp","source":"ccc"}},{"type":"Feature","geometry":{"type":"Point","coordinates":[-1.98002,50.94614]},"properties":{"id":"f53432d03a05","title":"Ackling Dyke, Nr Sixpenny Handley, Doreset, United Kingdom (reported 2014-06-29)","date":"2014-06-29","datePrecision":"d","country":"United Kingdom","region":"United Kingdom","coordSource":"og","source":"ccc"}},{"type":"Feature","geometry":{"type":"Point","coordinates":[0.18565,50.81582]},"properties":{"id":"aefab2d0151f","title":"The Long Man of Wilmington, East Sussex, United Kingdom (reported 2014-07-03)","date":"2014-07-03","datePrecision":"d","country":"United Kingdom","region":"United Kingdom","coordSource":"sp","source":"ccc"}},{"type":"Feature","geometry":{"type":"Point","coordinates":[-1.95,51.32]},"properties":{"id":"0d1f67a901bb","title":"Hackpen Hill, nr Winterbourne Bassett, Wiltshire. United Kingdom (reported 2014-07-08)","date":"2014-07-08","datePrecision":"d","country":"United Kingdom","region":"Wiltshire. United Kingdom","coordSource":"rc","source":"ccc"}},{"type":"Feature","geometry":{"type":"Point","coordinates":[-2.06349,51.60702]},"properties":{"id":"bfda7b5389c9","title":"Tetbury Lane, Nr Charlton, Wiltshire, United Kingdom (reported 2014-07-08)","date":"2014-07-08","datePrecision":"d","country":"United Kingdom","region":"United Kingdom","coordSource":"og","source":"ccc"}},{"type":"Feature","geometry":{"type":"Point","coordinates":[-2.09225,51.6908]},"properties":{"id":"fed7c5cd12fe","title":"Macmillan Way, nr Rodmarton, Gloucestershire, United Kingdom (reported 2014-07-15)","date":"2014-07-15","datePrecision":"d","country":"United Kingdom","region":"United Kingdom","coordSource":"sp","source":"ccc"}},{"type":"Feature","geometry":{"type":"Point","coordinates":[-1.67929,51.41508]},"properties":{"id":"af0a6790dc67","title":"Forest Hill, nr Marlborough, Wiltshire. United Kingdom (reported 2014-07-16)","date":"2014-07-16","datePrecision":"d","country":"United Kingdom","region":"Wiltshire. United Kingdom","coordSource":"og","source":"ccc"}},{"type":"Feature","geometry":{"type":"Point","coordinates":[0.02279,51.76669]},"properties":{"id":"fed1372ba177","title":"The Forests Way, Nr Roydon, Essex, United Kingdom (reported 2014-07-17)","date":"2014-07-17","datePrecision":"d","country":"United Kingdom","region":"United Kingdom","coordSource":"sp","source":"ccc"}},{"type":"Feature","geometry":{"type":"Point","coordinates":[-3.67749,50.43973]},"properties":{"id":"d31b94280db2","title":"Lower Bourton, nr Totnes, Devon, United Kingdom (reported 2014-07-18)","date":"2014-07-18","datePrecision":"d","country":"United Kingdom","region":"United Kingdom","coordSource":"sp","source":"ccc"}},{"type":"Feature","geometry":{"type":"Point","coordinates":[-1.17558,52.39175]},"properties":{"id":"f42d37585673","title":"Mott & Bailey, Lilbourne, Northamptonshire, United Kingdom (reported 2014-07-21)","date":"2014-07-21","datePrecision":"d","country":"United Kingdom","region":"United Kingdom","coordSource":"og","source":"ccc"}},{"type":"Feature","geometry":{"type":"Point","coordinates":[-1.91305,51.74457]},"properties":{"id":"8d5ccdc58a20","title":"Welsh Way, nr Barnsley, Gloucestershire, United Kingdom (reported 2014-07-22)","date":"2014-07-22","datePrecision":"d","country":"United Kingdom","region":"United Kingdom","coordSource":"og","source":"ccc"}},{"type":"Feature","geometry":{"type":"Point","coordinates":[0.72441,51.56847]},"properties":{"id":"748392948bc2","title":"Sutton Hall, nr Rochford, Essex, United Kingdom (reported 2014-07-24)","date":"2014-07-24","datePrecision":"d","country":"United Kingdom","region":"United Kingdom","coordSource":"sp","source":"ccc"}},{"type":"Feature","geometry":{"type":"Point","coordinates":[-1.7958,51.73004]},"properties":{"id":"09d970f16f84","title":"The Windmill, nr Quenington, Gloucestershire, United Kingdom, (reported 2014-07-26)","date":"2014-07-26","datePrecision":"d","country":"United Kingdom","region":"United Kingdom","coordSource":"og","source":"ccc"}},{"type":"Feature","geometry":{"type":"Point","coordinates":[-1.94831,51.34068]},"properties":{"id":"04fd0d48e77c","title":"Etchilhampton Hill (1), Nr Etchilhampton, Wiltshire, United Kingdom (reported 2014-07-27)","date":"2014-07-27","datePrecision":"d","country":"United Kingdom","region":"United Kingdom","coordSource":"sp","source":"ccc"}},{"type":"Feature","geometry":{"type":"Point","coordinates":[-2.12418,51.68959]},"properties":{"id":"4ea61dbbaa08","title":"Parkers Hill Plantation, nr Cherington, Gloucestershire, United Kingdom (reported 2014-07-27)","date":"2014-07-27","datePrecision":"d","country":"United Kingdom","region":"United Kingdom","coordSource":"sp","source":"ccc"}},{"type":"Feature","geometry":{"type":"Point","coordinates":[-1.8238,51.43538]},"properties":{"id":"85c0cf2dead9","title":"Green Street, Nr Avebury, Wiltshire, United Kingdom (reported 2014-07-29)","date":"2014-07-29","datePrecision":"d","country":"United Kingdom","region":"United Kingdom","coordSource":"sp","source":"ccc"}},{"type":"Feature","geometry":{"type":"Point","coordinates":[-1.98127,51.37685]},"properties":{"id":"1f065f631cf2","title":"Roundway Hill, Nr Devizes, Wiltshire, United Kingdom (reported 2014-07-30)","date":"2014-07-30","datePrecision":"d","country":"United Kingdom","region":"United Kingdom","coordSource":"og","source":"ccc"}},{"type":"Feature","geometry":{"type":"Point","coordinates":[-1.20209,51.072]},"properties":{"id":"3a9a275573bf","title":"Trodd's Copse, nr Tichborne, Hampshire, United Kingdom (reported 2014-08-04)","date":"2014-08-04","datePrecision":"d","country":"United Kingdom","region":"United Kingdom","coordSource":"og","source":"ccc"}},{"type":"Feature","geometry":{"type":"Point","coordinates":[-1.82751,51.38392]},"properties":{"id":"a05ad29e2688","title":"Cow Down, nr East Kennett, Wiltshire, United kingdom (reported 2014-08-05)","date":"2014-08-05","datePrecision":"d","country":"United Kingdom","region":"United kingdom","coordSource":"og","source":"ccc"}},{"type":"Feature","geometry":{"type":"Point","coordinates":[-1.84256,51.40733]},"properties":{"id":"871992098684","title":"East Kennett, Nr West Kennett, Wiltshire, United Kingdom (reported 2014-08-06)","date":"2014-08-06","datePrecision":"d","country":"United Kingdom","region":"United Kingdom","coordSource":"sp","source":"ccc"}},{"type":"Feature","geometry":{"type":"Point","coordinates":[-1.80503,51.48047]},"properties":{"id":"86f4bbadaada","title":"The Ridgeway (2), Nr Hackpen Hill, Wiltshire, United Kingdom (reported 2014-08-06)","date":"2014-08-06","datePrecision":"d","country":"United Kingdom","region":"United Kingdom","coordSource":"sp","source":"ccc"}},{"type":"Feature","geometry":{"type":"Point","coordinates":[-1.94143,51.34318]},"properties":{"id":"21871b0dd92d","title":"Mixon, nr Etchilhampton, Wiltshire, United Kingdom (reported 2014-08-12)","date":"2014-08-12","datePrecision":"d","country":"United Kingdom","region":"United Kingdom","coordSource":"sp","source":"ccc"}},{"type":"Feature","geometry":{"type":"Point","coordinates":[-2.02678,50.92822]},"properties":{"id":"acc611244a9f","title":"Gussage St Andrews, Nr Sixpenny Handley, Dorset, United Kingdom (reported 2014-08-13)","date":"2014-08-13","datePrecision":"d","country":"United Kingdom","region":"United Kingdom","coordSource":"sp","source":"ccc"}},{"type":"Feature","geometry":{"type":"Point","coordinates":[-1.64783,55.40323]},"properties":{"id":"2f0fe6ddbba7","title":"Hawkhill, nr Lesbury, Northumberland, United Kingdom (reported 2014-08-15)","date":"2014-08-15","datePrecision":"d","country":"United Kingdom","region":"United Kingdom","coordSource":"og","source":"ccc"}},{"type":"Feature","geometry":{"type":"Point","coordinates":[-1.39386,52.44072]},"properties":{"id":"b0677b5f11aa","title":"Nettle Hill, nr Ansty, Warwickshire, United Kingdom (reported 2014-08-16)","date":"2014-08-16","datePrecision":"d","country":"United Kingdom","region":"United Kingdom","coordSource":"og","source":"ccc"}},{"type":"Feature","geometry":{"type":"Point","coordinates":[-1.97716,50.95257]},"properties":{"id":"8ffdc5c06f68","title":"Ackling Dyke (2), nr Sixpenny Handley, Dorset, United Kingdom (reported 2014-08-22)","date":"2014-08-22","datePrecision":"d","country":"United Kingdom","region":"United Kingdom","coordSource":"sp","source":"ccc"}},{"type":"Feature","geometry":{"type":"Point","coordinates":[0.68492,51.5862]},"properties":{"id":"4f59a5c2596e","title":"Ironwell Lane, nr Stroud Green, Essex, United Kingdom (reported 2014-08-24)","date":"2014-08-24","datePrecision":"d","country":"United Kingdom","region":"United Kingdom","coordSource":"sp","source":"ccc"}},{"type":"Feature","geometry":{"type":"Point","coordinates":[0.67393,51.57989]},"properties":{"id":"89af4ef253ee","title":"Ark Lane, nr Stroud Green, Essex, United Kingdom (reported 2014-08-29)","date":"2014-08-29","datePrecision":"d","country":"United Kingdom","region":"United Kingdom","coordSource":"sp","source":"ccc"}},{"type":"Feature","geometry":{"type":"Point","coordinates":[0.67585,51.58209]},"properties":{"id":"0502a6f547a0","title":"Ark Lane (2), nr Stroud Green, Essex, United Kingdom (reported 2014-08-31)","date":"2014-08-31","datePrecision":"d","country":"United Kingdom","region":"United Kingdom","coordSource":"sp","source":"ccc"}},{"type":"Feature","geometry":{"type":"Point","coordinates":[0.67393,51.57989]},"properties":{"id":"55faef2a53f8","title":"Ark Lane (3), nr Stroud Green, Essex, United Kingdom (reported 2014-09-03)","date":"2014-09-03","datePrecision":"d","country":"United Kingdom","region":"United Kingdom","coordSource":"sp","source":"ccc"}},{"type":"Feature","geometry":{"type":"Point","coordinates":[-1.77049,51.48892]},"properties":{"id":"eb15900248c3","title":"Barbury Hill (North), nr Wroughton, Wiltshire. United Kingdom (reported 2015-04-09)","date":"2015-04-09","datePrecision":"d","country":"United Kingdom","region":"Wiltshire. United Kingdom","coordSource":"sp","source":"ccc"}},{"type":"Feature","geometry":{"type":"Point","coordinates":[-2.07472,51.69566]},"properties":{"id":"fb1bc51df8ae","title":"Macmillan Way, Nr Tarlton, Gloucestershire. United Kingdom (reported 2015-04-19)","date":"2015-04-19","datePrecision":"d","country":"United Kingdom","region":"Gloucestershire. United Kingdom","coordSource":"sp","source":"ccc"}},{"type":"Feature","geometry":{"type":"Point","coordinates":[-1.75985,51.40808]},"properties":{"id":"6fe5d84ee1c7","title":"Manton Drove, nr Marlborough, Wiltshire (reported 2015-05-24)","date":"2015-05-24","datePrecision":"d","country":"United Kingdom","region":"Wiltshire","coordSource":"og","source":"ccc"}},{"type":"Feature","geometry":{"type":"Point","coordinates":[-2.1817,50.83089]},"properties":{"id":"0c1e33568bce","title":"Fox Ground Down, Nr Blandford Forum, Dorset (reported 2015-05-30)","date":"2015-05-30","datePrecision":"d","country":"United Kingdom","region":"Dorset","coordSource":"og","source":"ccc"}},{"type":"Feature","geometry":{"type":"Point","coordinates":[-2.19683,51.56706]},"properties":{"id":"eb6315ab75f3","title":"Foxley Road, nr Sherston, Wiltshire (reported 2015-06-09)","date":"2015-06-09","datePrecision":"d","country":"United Kingdom","region":"Wiltshire","coordSource":"sp","source":"ccc"}},{"type":"Feature","geometry":{"type":"Point","coordinates":[-1.85852,51.11421]},"properties":{"id":"49acaa37fea0","title":"Newton Barrow, Nr Stoford, Wiltshire (reported 2015-06-15)","date":"2015-06-15","datePrecision":"d","country":"United Kingdom","region":"Wiltshire","coordSource":"og","source":"ccc"}},{"type":"Feature","geometry":{"type":"Point","coordinates":[-1.86607,51.36351]},"properties":{"id":"f0a71e43a16e","title":"Devizes Road, Nr Stanton St Bernard, Wiltshire (reported 2015-06-16)","date":"2015-06-16","datePrecision":"d","country":"United Kingdom","region":"Wiltshire","coordSource":"sp","source":"ccc"}},{"type":"Feature","geometry":{"type":"Point","coordinates":[-0.19666,51.26293]},"properties":{"id":"62cf50a7dcd8","title":"Blackhorse Lane, nr Merstham, Surrey (reported 2015-06-16)","date":"2015-06-16","datePrecision":"d","country":"United Kingdom","region":"Surrey","coordSource":"sp","source":"ccc"}},{"type":"Feature","geometry":{"type":"Point","coordinates":[-1.95,51.32]},"properties":{"id":"321e047f1fe1","title":"Green Street, Nr Avebury, Wiltshire (reported 2015-06-19)","date":"2015-06-19","datePrecision":"d","country":"United Kingdom","region":"Wiltshire","coordSource":"rc","source":"ccc"}},{"type":"Feature","geometry":{"type":"Point","coordinates":[-1.80449,51.39198]},"properties":{"id":"6ca65ad85726","title":"Westwoods, nr Lockeridge, Wiltshire (reported 2015-06-21)","date":"2015-06-21","datePrecision":"d","country":"United Kingdom","region":"Wiltshire","coordSource":"og","source":"ccc"}},{"type":"Feature","geometry":{"type":"Point","coordinates":[-1.95,51.32]},"properties":{"id":"26b6fdda0e6c","title":"Uffcott, Nr Wroughton, Wiltshire (reported 2015-06-22)","date":"2015-06-22","datePrecision":"d","country":"United Kingdom","region":"Wiltshire","coordSource":"rc","source":"ccc"}},{"type":"Feature","geometry":{"type":"Point","coordinates":[-0.30162,51.1043]},"properties":{"id":"8ab12eccbcfd","title":"Upper Rapeland Wood, nr Horsham, West Sussex (reported 2015-06-22)","date":"2015-06-22","datePrecision":"d","country":"United Kingdom","region":"West Sussex","coordSource":"sp","source":"ccc"}},{"type":"Feature","geometry":{"type":"Point","coordinates":[-2.41843,51.10365]},"properties":{"id":"20fdf7f56db8","title":"Sunnyside, Nr Redlynch, Somerset (reported 2015-06-22)","date":"2015-06-22","datePrecision":"d","country":"United Kingdom","region":"Somerset","coordSource":"og","source":"ccc"}},{"type":"Feature","geometry":{"type":"Point","coordinates":[-1.90714,51.44005]},"properties":{"id":"b67daab99a5d","title":"The Avenue, Nr Yatesbury, Wiltshire (reported 2015-06-23)","date":"2015-06-23","datePrecision":"d","country":"United Kingdom","region":"Wiltshire","coordSource":"sp","source":"ccc"}},{"type":"Feature","geometry":{"type":"Point","coordinates":[-1.81024,51.1743]},"properties":{"id":"975a9c1e6dfd","title":"Luxenborough, nr West Amesbury, Wiltshire (reported 2015-06-24)","date":"2015-06-24","datePrecision":"d","country":"United Kingdom","region":"Wiltshire","coordSource":"sp","source":"ccc"}},{"type":"Feature","geometry":{"type":"Point","coordinates":[-1.90011,51.42555]},"properties":{"id":"395d88ebb9cf","title":"Knoll Down, Nr Beckhampton, Wiltshire (reported 2015-06-29)","date":"2015-06-29","datePrecision":"d","country":"United Kingdom","region":"Wiltshire","coordSource":"sp","source":"ccc"}},{"type":"Feature","geometry":{"type":"Point","coordinates":[-1.79293,51.01731]},"properties":{"id":"0fa91ed6f234","title":"Clearbury Ring, nr Nunton, Wiltshire (reported 2015-07-06)","date":"2015-07-06","datePrecision":"d","country":"United Kingdom","region":"Wiltshire","coordSource":"sp","source":"ccc"}},{"type":"Feature","geometry":{"type":"Point","coordinates":[-1.78277,51.42521]},"properties":{"id":"d181c00dab0c","title":"Devil's Den, nr Fyfield, Wiltshire (reported 2015-07-09)","date":"2015-07-09","datePrecision":"d","country":"United Kingdom","region":"Wiltshire","coordSource":"og","source":"ccc"}},{"type":"Feature","geometry":{"type":"Point","coordinates":[-1.8675,51.18506]},"properties":{"id":"57f8df207548","title":"Winterbourne Stoke Down, Nr Stonehenge, Wiltshire (reported 2015-07-10)","date":"2015-07-10","datePrecision":"d","country":"United Kingdom","region":"Wiltshire","coordSource":"sp","source":"ccc"}},{"type":"Feature","geometry":{"type":"Point","coordinates":[-1.85492,51.35744]},"properties":{"id":"3d4587c49126","title":"Alton Barnes, nr Honeystreet, Wiltshire (reported 2015-07-14)","date":"2015-07-14","datePrecision":"d","country":"United Kingdom","region":"Wiltshire","coordSource":"sp","source":"ccc"}},{"type":"Feature","geometry":{"type":"Point","coordinates":[-1.56814,51.97525]},"properties":{"id":"e6d81e9d477d","title":"The Whispering Knights, nr Rollright Stones, Oxfordshire (reported 2015-07-15)","date":"2015-07-15","datePrecision":"d","country":"United Kingdom","region":"Oxfordshire","coordSource":"sp","source":"ccc"}},{"type":"Feature","geometry":{"type":"Point","coordinates":[-0.13155,51.26931]},"properties":{"id":"cdcb1fbd712b","title":"Ockley Hill, nr Merstham, Surrey (reported 2015-07-19)","date":"2015-07-19","datePrecision":"d","country":"United Kingdom","region":"Surrey","coordSource":"og","source":"ccc"}},{"type":"Feature","geometry":{"type":"Point","coordinates":[-1.83967,52.21891]},"properties":{"id":"70083c66a514","title":"Hoo Mill, nr Haselor, Warwickshire (reported 2015-07-19)","date":"2015-07-19","datePrecision":"d","country":"United Kingdom","region":"Warwickshire","coordSource":"sp","source":"ccc"}},{"type":"Feature","geometry":{"type":"Point","coordinates":[-1.79343,51.71936]},"properties":{"id":"0412b3c768c7","title":"The Belt, Nr Fairford, Gloucestershire (reported 2015-07-21)","date":"2015-07-21","datePrecision":"d","country":"United Kingdom","region":"Gloucestershire","coordSource":"sp","source":"ccc"}},{"type":"Feature","geometry":{"type":"Point","coordinates":[0.67954,51.58484]},"properties":{"id":"423b6a3621ea","title":"Stroud Green, Nr Hawkwell, Essex (reported 2015-07-21)","date":"2015-07-21","datePrecision":"d","country":"United Kingdom","region":"Essex","coordSource":"sp","source":"ccc"}},{"type":"Feature","geometry":{"type":"Point","coordinates":[-1.804,51.4823]},"properties":{"id":"9595538c6ffa","title":"Uffcott Down, nr Barbury Castle, Wiltshire (reported 2015-07-25)","date":"2015-07-25","datePrecision":"d","country":"United Kingdom","region":"Wiltshire","coordSource":"sp","source":"ccc"}},{"type":"Feature","geometry":{"type":"Point","coordinates":[-2.46527,50.69802]},"properties":{"id":"63a6a55afb45","title":"Maiden Castle, Nr Dorchester, Dorset, United Kingdom (reported 2015-07-26)","date":"2015-07-26","datePrecision":"d","country":"United Kingdom","region":"United Kingdom","coordSource":"sp","source":"ccc"}},{"type":"Feature","geometry":{"type":"Point","coordinates":[-0.1682,51.27327]},"properties":{"id":"8938b71e75b6","title":"Furzefield Shaw, Nr Merstham, Surrey, United Kingdom (reported 2015-07-29)","date":"2015-07-29","datePrecision":"d","country":"United Kingdom","region":"United Kingdom","coordSource":"sp","source":"ccc"}},{"type":"Feature","geometry":{"type":"Point","coordinates":[-1.94375,51.34431]},"properties":{"id":"62fd787c11dc","title":"Etchilhampton, nr Devizes, Wiltshire, United Kingdom (reported 2015-08-04)","date":"2015-08-04","datePrecision":"d","country":"United Kingdom","region":"United Kingdom","coordSource":"sp","source":"ccc"}},{"type":"Feature","geometry":{"type":"Point","coordinates":[-1.66775,51.52844]},"properties":{"id":"523b2931d2da","title":"Fox Hill, nr Liddington, Wiltshire, United Kingdom (reported 2015-08-09)","date":"2015-08-09","datePrecision":"d","country":"United Kingdom","region":"United Kingdom","coordSource":"sp","source":"ccc"}},{"type":"Feature","geometry":{"type":"Point","coordinates":[-2.51181,52.68658]},"properties":{"id":"7a996507e7e0","title":"Steeraway, Nr Telford, Shropshire, United Kingdom (reported 2015-08-10)","date":"2015-08-10","datePrecision":"d","country":"United Kingdom","region":"United Kingdom","coordSource":"og","source":"ccc"}},{"type":"Feature","geometry":{"type":"Point","coordinates":[-1.94352,51.3425]},"properties":{"id":"fe08479c613b","title":"Etchilhampton (2), nr Devizes, Wiltshire, United Kingdom (reported 2015-08-19)","date":"2015-08-19","datePrecision":"d","country":"United Kingdom","region":"United Kingdom","coordSource":"sp","source":"ccc"}},{"type":"Feature","geometry":{"type":"Point","coordinates":[-2.27504,51.09548]},"properties":{"id":"22f340d8b103","title":"Castle Hill, Mere, Wiltshire, United Kingdon. Reported 6th June 2016","date":"2016","datePrecision":"y","country":"United Kingdom","coordSource":"sp","source":"ccc"}},{"type":"Feature","geometry":{"type":"Point","coordinates":[-1.81883,51.40009]},"properties":{"id":"14190fd837e8","title":"Hill Barn, nr East Kennett, Wiltshire (reported 2016-05-06)","date":"2016-05-06","datePrecision":"d","country":"United Kingdom","region":"Wiltshire","coordSource":"og","source":"ccc"}},{"type":"Feature","geometry":{"type":"Point","coordinates":[-1.95,51.32]},"properties":{"id":"7fe55019de2d","title":"East Field, Nr Alton Barnes, Wiltshire (reported 2016-05-11)","date":"2016-05-11","datePrecision":"d","country":"United Kingdom","region":"Wiltshire","coordSource":"rc","source":"ccc"}},{"type":"Feature","geometry":{"type":"Point","coordinates":[-1.95,51.32]},"properties":{"id":"a86afaab124b","title":"Greenstreet, Nr Avebury, Wiltshire (reported 2016-05-16)","date":"2016-05-16","datePrecision":"d","country":"United Kingdom","region":"Wiltshire","coordSource":"rc","source":"ccc"}},{"type":"Feature","geometry":{"type":"Point","coordinates":[-1.95,51.32]},"properties":{"id":"b167b5c9ad8e","title":"Silbury Hill, Nr Avebury, Wiltshire (reported 2016-05-28)","date":"2016-05-28","datePrecision":"d","country":"United Kingdom","region":"Wiltshire","coordSource":"rc","source":"ccc"}},{"type":"Feature","geometry":{"type":"Point","coordinates":[-2.18496,51.09985]},"properties":{"id":"e44b3d190690","title":"Willoughby Hedge, Nr Mere, Wiltshire (reported 2016-06-05)","date":"2016-06-05","datePrecision":"d","country":"United Kingdom","region":"Wiltshire","coordSource":"sp","source":"ccc"}},{"type":"Feature","geometry":{"type":"Point","coordinates":[-1.95,51.32]},"properties":{"id":"a6daa16ddbaa","title":"Ox Drove, Nr Wylye Wiltshire (reported 2016-06-16)","date":"2016-06-16","datePrecision":"d","country":"United Kingdom","region":"Nr Wylye Wiltshire","coordSource":"rc","source":"ccc"}},{"type":"Feature","geometry":{"type":"Point","coordinates":[-1.25799,51.05709]},"properties":{"id":"29b10025cfd0","title":"Chilcomb Down, nr Winchester, Hampshire (reported 2016-06-21)","date":"2016-06-21","datePrecision":"d","country":"United Kingdom","region":"Hampshire","coordSource":"og","source":"ccc"}},{"type":"Feature","geometry":{"type":"Point","coordinates":[-1.95,51.32]},"properties":{"id":"f807834fa4b6","title":"The Ridgeway, nr Hackpen Hill, Wiltshire (reported 2016-06-23)","date":"2016-06-23","datePrecision":"d","country":"United Kingdom","region":"Wiltshire","coordSource":"rc","source":"ccc"}},{"type":"Feature","geometry":{"type":"Point","coordinates":[-1.20508,51.06393]},"properties":{"id":"d7847b909b53","title":"Fulley Wood, nr Tichborne, Hampshire (reported 2016-06-24)","date":"2016-06-24","datePrecision":"d","country":"United Kingdom","region":"Hampshire","coordSource":"og","source":"ccc"}},{"type":"Feature","geometry":{"type":"Point","coordinates":[-1.22933,51.19226]},"properties":{"id":"34e9b61fb2bc","title":"Blackwood, nr Popham, Hampshire (reported 2016-06-28)","date":"2016-06-28","datePrecision":"d","country":"United Kingdom","region":"Hampshire","coordSource":"sp","source":"ccc"}},{"type":"Feature","geometry":{"type":"Point","coordinates":[-2.28731,51.1109]},"properties":{"id":"4d5870520fa4","title":"White Sheet Hilll, nr Stourton, Wiltshire (reported 2016-06-29)","date":"2016-06-29","datePrecision":"d","country":"United Kingdom","region":"Wiltshire","coordSource":"sp","source":"ccc"}},{"type":"Feature","geometry":{"type":"Point","coordinates":[-2.71261,53.38581]},"properties":{"id":"e6ec06b38533","title":"Barrows Green , Nr Widnes, Lancashire (reported 2016-07-07)","date":"2016-07-07","datePrecision":"d","country":"United Kingdom","region":"Lancashire","coordSource":"og","source":"ccc"}},{"type":"Feature","geometry":{"type":"Point","coordinates":[-1.85186,51.40823]},"properties":{"id":"26684407c01f","title":"West Kennett Longbarrow, Nr Avebury, Wiltshire (reported 2016-07-08)","date":"2016-07-08","datePrecision":"d","country":"United Kingdom","region":"Wiltshire","coordSource":"og","source":"ccc"}},{"type":"Feature","geometry":{"type":"Point","coordinates":[-1.82687,51.17351]},"properties":{"id":"de62e75d1978","title":"Stonehenge, Nr Amesbury, Wiltshire (reported 2016-07-08)","date":"2016-07-08","datePrecision":"d","country":"United Kingdom","region":"Wiltshire","coordSource":"og","source":"ccc"}},{"type":"Feature","geometry":{"type":"Point","coordinates":[-1.30069,51.02417]},"properties":{"id":"914f0ffbbe9c","title":"Northfields, nr Twyford, Hampshire (reported 2016-07-11)","date":"2016-07-11","datePrecision":"d","country":"United Kingdom","region":"Hampshire","coordSource":"sp","source":"ccc"}},{"type":"Feature","geometry":{"type":"Point","coordinates":[-1.95,51.32]},"properties":{"id":"d96bdd7382c3","title":"Wilton Windmill, Nr Wilton, Wiltshire (reported 2016-07-15)","date":"2016-07-15","datePrecision":"d","country":"United Kingdom","region":"Wiltshire","coordSource":"rc","source":"ccc"}},{"type":"Feature","geometry":{"type":"Point","coordinates":[-1.95,51.32]},"properties":{"id":"738f928e35d6","title":"Hackpen Hill, nr Broad Hinton. Wiltshire (reported 2016-07-16)","date":"2016-07-16","datePrecision":"d","country":"United Kingdom","region":"nr Broad Hinton. Wiltshire","coordSource":"rc","source":"ccc"}},{"type":"Feature","geometry":{"type":"Point","coordinates":[-1.96606,51.35357]},"properties":{"id":"a2c89a2a91f7","title":"Wessex Ridgeway, Nr Devizes, Wiltshire (reported 2016-07-16)","date":"2016-07-16","datePrecision":"d","country":"United Kingdom","region":"Wiltshire","coordSource":"sp","source":"ccc"}},{"type":"Feature","geometry":{"type":"Point","coordinates":[0.71618,51.57115]},"properties":{"id":"ab1c1d83b49e","title":"New Hall, Nr Sutton, Essex (reported 2016-07-18)","date":"2016-07-18","datePrecision":"d","country":"United Kingdom","region":"Essex","coordSource":"sp","source":"ccc"}},{"type":"Feature","geometry":{"type":"Point","coordinates":[-0.19679,51.25675]},"properties":{"id":"558a6c82ede8","title":"Reigate Hill, nr Reigate, Surrey (reported 2016-07-19)","date":"2016-07-19","datePrecision":"d","country":"United Kingdom","region":"Surrey","coordSource":"sp","source":"ccc"}},{"type":"Feature","geometry":{"type":"Point","coordinates":[-1.76688,51.4919]},"properties":{"id":"d792b96ce6a2","title":"Burderop Down, Nr Barbury Castle, Wiltshire (reported 2016-07-20)","date":"2016-07-20","datePrecision":"d","country":"United Kingdom","region":"Wiltshire","coordSource":"sp","source":"ccc"}},{"type":"Feature","geometry":{"type":"Point","coordinates":[-2.42116,51.38603]},"properties":{"id":"062b019b9bdf","title":"Seven Acre Wood, Nr Newton St Loe, Somerset (reported 2016-07-22)","date":"2016-07-22","datePrecision":"d","country":"United Kingdom","region":"Somerset","coordSource":"sp","source":"ccc"}},{"type":"Feature","geometry":{"type":"Point","coordinates":[-1.82904,51.36144]},"properties":{"id":"86eb85e0ebdb","title":"East Field (2), Nr Alton Barnes, Wiltshire (reported 2016-07-22)","date":"2016-07-22","datePrecision":"d","country":"United Kingdom","region":"Wiltshire","coordSource":"og","source":"ccc"}},{"type":"Feature","geometry":{"type":"Point","coordinates":[-1.73389,51.10127]},"properties":{"id":"3409df2d9fb1","title":"Figsbury Ring, Firsdown, Wiltshire (reported 2016-07-22)","date":"2016-07-22","datePrecision":"d","country":"United Kingdom","region":"Wiltshire","coordSource":"sp","source":"ccc"}},{"type":"Feature","geometry":{"type":"Point","coordinates":[-1.9443,51.41378]},"properties":{"id":"98bb4ac4927a","title":"Ranscomb Bottom, nr Calstone Wellington. Wiltshire (reported 2016-07-23)","date":"2016-07-23","datePrecision":"d","country":"United Kingdom","region":"nr Calstone Wellington. Wiltshire","coordSource":"sp","source":"ccc"}},{"type":"Feature","geometry":{"type":"Point","coordinates":[0.02279,51.76669]},"properties":{"id":"bcea832bec86","title":"The Forests Way, Nr Roydon, Essex, United Kingdom (reported 2016-07-24)","date":"2016-07-24","datePrecision":"d","country":"United Kingdom","region":"United Kingdom","coordSource":"sp","source":"ccc"}},{"type":"Feature","geometry":{"type":"Point","coordinates":[-1.22464,51.04645]},"properties":{"id":"66c114474cfd","title":"Mount Pleasant, nr Cheesefoot Head, Hampshire (reported 2016-07-25)","date":"2016-07-25","datePrecision":"d","country":"United Kingdom","region":"Hampshire","coordSource":"sp","source":"ccc"}},{"type":"Feature","geometry":{"type":"Point","coordinates":[-1.84898,51.41092]},"properties":{"id":"bb9718e2b2c1","title":"West Kennett Longbarrow (2), Nr Avebury, Wiltshire (reported 2016-07-28)","date":"2016-07-28","datePrecision":"d","country":"United Kingdom","region":"Wiltshire","coordSource":"og","source":"ccc"}},{"type":"Feature","geometry":{"type":"Point","coordinates":[-2.23303,51.2001]},"properties":{"id":"52f62c130a5a","title":"Cley Hill, Nr Warminster, Wiltshire (reported 2016-07-30)","date":"2016-07-30","datePrecision":"d","country":"United Kingdom","region":"Wiltshire","coordSource":"sp","source":"ccc"}},{"type":"Feature","geometry":{"type":"Point","coordinates":[-1.28351,51.05202]},"properties":{"id":"1c44adaf5a46","title":"Chilcomb Ranges, Nr Winchester, Hampshire (reported 2016-08-03)","date":"2016-08-03","datePrecision":"d","country":"United Kingdom","region":"Hampshire","coordSource":"sp","source":"ccc"}},{"type":"Feature","geometry":{"type":"Point","coordinates":[-0.15149,51.2804]},"properties":{"id":"52009c349ff1","title":"Sparticles Wood, Nr Chaldon, Surrey (reported 2016-08-03)","date":"2016-08-03","datePrecision":"d","country":"United Kingdom","region":"Surrey","coordSource":"og","source":"ccc"}},{"type":"Feature","geometry":{"type":"Point","coordinates":[-2.14142,51.26769]},"properties":{"id":"88cf3106c9ca","title":"Westbury White Horse, nr Bratton, Wiltshire (reported 2016-08-05)","date":"2016-08-05","datePrecision":"d","country":"United Kingdom","region":"Wiltshire","coordSource":"sp","source":"ccc"}},{"type":"Feature","geometry":{"type":"Point","coordinates":[-1.94205,51.34263]},"properties":{"id":"2147a5a58afc","title":"Etchilhampton, Nr Devizes, Wiltshire (reported 2016-08-08)","date":"2016-08-08","datePrecision":"d","country":"United Kingdom","region":"Wiltshire","coordSource":"sp","source":"ccc"}},{"type":"Feature","geometry":{"type":"Point","coordinates":[-2.0713,51.02905]},"properties":{"id":"cc94f320c72d","title":"Ansty, Nr Salisbury, Wiltshire (reported 2016-08-12)","date":"2016-08-12","datePrecision":"d","country":"United Kingdom","region":"Wiltshire","coordSource":"sp","source":"ccc"}},{"type":"Feature","geometry":{"type":"Point","coordinates":[-1.96208,51.345]},"properties":{"id":"71066453b9a8","title":"Nursteed Farm, nr Devizes, Wiltshire (reported 2016-08-17)","date":"2016-08-17","datePrecision":"d","country":"United Kingdom","region":"Wiltshire","coordSource":"sp","source":"ccc"}},{"type":"Feature","geometry":{"type":"Point","coordinates":[-1.90092,51.36062]},"properties":{"id":"a83062c34646","title":"Woodway Bridge, nr All Cannings, Wiltshire (reported 2016-08-24)","date":"2016-08-24","datePrecision":"d","country":"United Kingdom","region":"Wiltshire","coordSource":"sp","source":"ccc"}},{"type":"Feature","geometry":{"type":"Point","coordinates":[-1.89375,51.42725]},"properties":{"id":"7093693ce23f","title":"Cooks Plantation, Nr Beckhampton, Wiltshire (reported 2016-08-27)","date":"2016-08-27","datePrecision":"d","country":"United Kingdom","region":"Wiltshire","coordSource":"sp","source":"ccc"}},{"type":"Feature","geometry":{"type":"Point","coordinates":[-1.82612,51.41094]},"properties":{"id":"0a7f9cdc9375","title":"Overton Hill, nr East Kennett, Wiltshire (reported 2016-08-27)","date":"2016-08-27","datePrecision":"d","country":"United Kingdom","region":"Wiltshire","coordSource":"sp","source":"ccc"}},{"type":"Feature","geometry":{"type":"Point","coordinates":[0.72374,51.57144]},"properties":{"id":"4c6db9f9f84c","title":"Sutton Hall, Nr Rochford, Essex (reported 2016-08-29)","date":"2016-08-29","datePrecision":"d","country":"United Kingdom","region":"Essex","coordSource":"sp","source":"ccc"}},{"type":"Feature","geometry":{"type":"Point","coordinates":[-0.37688,52.0883]},"properties":{"id":"a2212e95d19f","title":"Crop Circle at 2017","date":"2017","datePrecision":"y","country":"United Kingdom","coordSource":"og","source":"ccc"}},{"type":"Feature","geometry":{"type":"Point","coordinates":[-1.95,51.32]},"properties":{"id":"1f577446ad57","title":"Cherhill White Horse, Nr Calne, Wiltshire (reported 2017-04-16)","date":"2017-04-16","datePrecision":"d","country":"United Kingdom","region":"Wiltshire","coordSource":"rc","source":"ccc"}},{"type":"Feature","geometry":{"type":"Point","coordinates":[-2.15,51.85]},"properties":{"id":"478a54f1af4b","title":"Tarlton Down, Nr Cherlington, Gloucestershire (reported 2017-04-18)","date":"2017-04-18","datePrecision":"d","country":"United Kingdom","region":"Gloucestershire","coordSource":"rc","source":"ccc"}},{"type":"Feature","geometry":{"type":"Point","coordinates":[-1.95,51.32]},"properties":{"id":"7a03815e6f21","title":"Waden Hill, Nr Avebury, Wiltshire (reported 2017-04-22)","date":"2017-04-22","datePrecision":"d","country":"United Kingdom","region":"Wiltshire","coordSource":"rc","source":"ccc"}},{"type":"Feature","geometry":{"type":"Point","coordinates":[-1.99895,51.38258]},"properties":{"id":"5fcc83ca8551","title":"Oliver's Castle, Nr Devizes, Wiltshire (reported 2017-04-24)","date":"2017-04-24","datePrecision":"d","country":"United Kingdom","region":"Wiltshire","coordSource":"og","source":"ccc"}},{"type":"Feature","geometry":{"type":"Point","coordinates":[-2.18704,51.09986]},"properties":{"id":"0c4482b825ed","title":"Willoughby Hedge, Nr Mere, Wiltshire (reported 2017-05-04)","date":"2017-05-04","datePrecision":"d","country":"United Kingdom","region":"Wiltshire","coordSource":"og","source":"ccc"}},{"type":"Feature","geometry":{"type":"Point","coordinates":[-1.67353,51.41596]},"properties":{"id":"e0c4e195c7f7","title":"Oxleaze Copse, Nr Stitchcombe, Wiltshire (reported 2017-05-21)","date":"2017-05-21","datePrecision":"d","country":"United Kingdom","region":"Wiltshire","coordSource":"og","source":"ccc"}},{"type":"Feature","geometry":{"type":"Point","coordinates":[-2.47999,50.81814]},"properties":{"id":"de05a64a65d4","title":"Cerne Abbas Giant, Nr Minterne Magna, Dorset (reported 2017-05-22)","date":"2017-05-22","datePrecision":"d","country":"United Kingdom","region":"Dorset","coordSource":"sp","source":"ccc"}},{"type":"Feature","geometry":{"type":"Point","coordinates":[-5.45462,50.12107]},"properties":{"id":"a5a2d3fff3df","title":"Venton Farm, Nr Marazion, Cornwall (reported 2017-05-24)","date":"2017-05-24","datePrecision":"d","country":"United Kingdom","region":"Cornwall","coordSource":"sp","source":"ccc"}},{"type":"Feature","geometry":{"type":"Point","coordinates":[-1.85743,51.36964]},"properties":{"id":"665e31d1647a","title":"The White Horse, Nr Alton Barnes, Wiltshire (reported 2017-05-25)","date":"2017-05-25","datePrecision":"d","country":"United Kingdom","region":"Wiltshire","coordSource":"sp","source":"ccc"}},{"type":"Feature","geometry":{"type":"Point","coordinates":[-1.26479,51.05588]},"properties":{"id":"b38cdd2b1715","title":"Space Science Centre, Nr Winchester, Hampshire (reported 2017-05-25)","date":"2017-05-25","datePrecision":"d","country":"United Kingdom","region":"Hampshire","coordSource":"og","source":"ccc"}},{"type":"Feature","geometry":{"type":"Point","coordinates":[-1.84775,51.48311]},"properties":{"id":"8c00c61e7b77","title":"Summers Lane (1), Nr Broad Hinton, Wiltshire (reported 2017-05-28)","date":"2017-05-28","datePrecision":"d","country":"United Kingdom","region":"Wiltshire","coordSource":"sp","source":"ccc"}},{"type":"Feature","geometry":{"type":"Point","coordinates":[-1.85209,51.48188]},"properties":{"id":"e7ff78dea816","title":"Summers Lane (2), Nr Broad Hinton, Wiltshire (reported 2017-05-28)","date":"2017-05-28","datePrecision":"d","country":"United Kingdom","region":"Wiltshire","coordSource":"sp","source":"ccc"}},{"type":"Feature","geometry":{"type":"Point","coordinates":[-2.0894,51.11283]},"properties":{"id":"93d12a41beab","title":"Fonthill Down, Nr Chicklade, Wiltshire (reported 2017-05-30)","date":"2017-05-30","datePrecision":"d","country":"United Kingdom","region":"Wiltshire","coordSource":"sp","source":"ccc"}},{"type":"Feature","geometry":{"type":"Point","coordinates":[-1.82849,51.41066]},"properties":{"id":"a18ed8b0765c","title":"The Sanctuary, Nr Avebury, Wiltshire (reported 2017-06-03)","date":"2017-06-03","datePrecision":"d","country":"United Kingdom","region":"Wiltshire","coordSource":"sp","source":"ccc"}},{"type":"Feature","geometry":{"type":"Point","coordinates":[-1.57931,51.57441]},"properties":{"id":"ab172ea13c53","title":"Woolstone Hill, Nr Ashbury, Oxfordshire (reported 2017-06-04)","date":"2017-06-04","datePrecision":"d","country":"United Kingdom","region":"Oxfordshire","coordSource":"sp","source":"ccc"}},{"type":"Feature","geometry":{"type":"Point","coordinates":[-2.28085,51.13708]},"properties":{"id":"f4f63f28c560","title":"Little Knoll. Nr Maiden Bradley, Wiltshire (reported 2017-06-09)","date":"2017-06-09","datePrecision":"d","country":"United Kingdom","region":"Wiltshire","coordSource":"sp","source":"ccc"}},{"type":"Feature","geometry":{"type":"Point","coordinates":[-2.076,50.834]},"properties":{"id":"70c54f5c9b05","title":"Target Wood, nr Badbury Rings, Dorset (reported 2017-06-16)","date":"2017-06-16","datePrecision":"d","country":"United Kingdom","region":"Dorset","coordSource":"sp","source":"ccc"}},{"type":"Feature","geometry":{"type":"Point","coordinates":[-1.25189,51.04118]},"properties":{"id":"48ab079b9dff","title":"Cheesefoot Head, Nr Winchester, Hampshire (reported 2017-06-17)","date":"2017-06-17","datePrecision":"d","country":"United Kingdom","region":"Hampshire","coordSource":"og","source":"ccc"}},{"type":"Feature","geometry":{"type":"Point","coordinates":[-1.85848,51.40442]},"properties":{"id":"564ca784472a","title":"West Kennett, Nr Avebury, Wiltshire (reported 2017-06-21)","date":"2017-06-21","datePrecision":"d","country":"United Kingdom","region":"Wiltshire","coordSource":"sp","source":"ccc"}},{"type":"Feature","geometry":{"type":"Point","coordinates":[-1.83172,51.39213]},"properties":{"id":"2ad8ef507c83","title":"Thorn Hill, Nr East Kennett, Wiltshire (reported 2017-06-26)","date":"2017-06-26","datePrecision":"d","country":"United Kingdom","region":"Wiltshire","coordSource":"sp","source":"ccc"}},{"type":"Feature","geometry":{"type":"Point","coordinates":[-1.80904,51.39422]},"properties":{"id":"9f22bea46075","title":"Boreham Wood, Nr Lockeridge, Wiltshire (reported 2017-07-01)","date":"2017-07-01","datePrecision":"d","country":"United Kingdom","region":"Wiltshire","coordSource":"og","source":"ccc"}},{"type":"Feature","geometry":{"type":"Point","coordinates":[-2.13852,51.20664]},"properties":{"id":"9bc184bbefae","title":"Battlesbury Hill, Nr Warminster, Wiltshire (reported 2017-07-05)","date":"2017-07-05","datePrecision":"d","country":"United Kingdom","region":"Wiltshire","coordSource":"sp","source":"ccc"}},{"type":"Feature","geometry":{"type":"Point","coordinates":[-1.82125,51.47711]},"properties":{"id":"8ff062d8c9a4","title":"Hackpen Hill, nr Broad Hinton. Wiltshire (reported 2017-07-08)","date":"2017-07-08","datePrecision":"d","country":"United Kingdom","region":"nr Broad Hinton. Wiltshire","coordSource":"sp","source":"ccc"}},{"type":"Feature","geometry":{"type":"Point","coordinates":[-2.22769,51.20093]},"properties":{"id":"8994611152d8","title":"Cley Hill, Nr Warminster, Wiltshire (reported 2017-07-18)","date":"2017-07-18","datePrecision":"d","country":"United Kingdom","region":"Wiltshire","coordSource":"sp","source":"ccc"}},{"type":"Feature","geometry":{"type":"Point","coordinates":[-0.58019,50.79637]},"properties":{"id":"166fe410ae08","title":"Atherington, Nr Middleton-on-sea, West Sussex (reported 2017-07-19)","date":"2017-07-19","datePrecision":"d","country":"United Kingdom","region":"West Sussex","coordSource":"sp","source":"ccc"}},{"type":"Feature","geometry":{"type":"Point","coordinates":[-1.7411,51.63151]},"properties":{"id":"d32449fc43e1","title":"Bydemill Copse, near Hannington, Wiltshire (reported 2017-08-04)","date":"2017-08-04","datePrecision":"d","country":"United Kingdom","region":"Wiltshire","coordSource":"sp","source":"ccc"}},{"type":"Feature","geometry":{"type":"Point","coordinates":[-1.56747,51.97469]},"properties":{"id":"19f09ee955e9","title":"The Rollright Stones, Nr Little Compton, Oxfordshire (reported 2017-08-05)","date":"2017-08-05","datePrecision":"d","country":"United Kingdom","region":"Oxfordshire","coordSource":"sp","source":"ccc"}},{"type":"Feature","geometry":{"type":"Point","coordinates":[-1.76092,52.26936]},"properties":{"id":"df6f65110e09","title":"Monarch's Way, Nr Wooton Wawen, Warwickshire (reported 2017-08-07)","date":"2017-08-07","datePrecision":"d","country":"United Kingdom","region":"Warwickshire","coordSource":"sp","source":"ccc"}},{"type":"Feature","geometry":{"type":"Point","coordinates":[0.7246,51.57069]},"properties":{"id":"841ca2b6c5b8","title":"Sutton Hall, Nr Rochford, Essex (reported 2017-08-17)","date":"2017-08-17","datePrecision":"d","country":"United Kingdom","region":"Essex","coordSource":"sp","source":"ccc"}},{"type":"Feature","geometry":{"type":"Point","coordinates":[-2.18506,51.1035]},"properties":{"id":"89d04dd3fdc5","title":"WilloughbyHedge, Nr Mere, Wiltshire (reported 2018-05-08)","date":"2018-05-08","datePrecision":"d","country":"United Kingdom","region":"Wiltshire","coordSource":"sp","source":"ccc"}},{"type":"Feature","geometry":{"type":"Point","coordinates":[-2.3,50.78]},"properties":{"id":"9e9e79fdc6d8","title":"Buckland Down, Nr Cerne Abbas, Dorset (reported 2018-05-26)","date":"2018-05-26","datePrecision":"d","country":"United Kingdom","region":"Dorset","coordSource":"rc","source":"ccc"}},{"type":"Feature","geometry":{"type":"Point","coordinates":[-1.9639,51.74515]},"properties":{"id":"1910d0dbfb1f","title":"White Way, Nr Baunton, Gloucestershire (reported 2018-06-02)","date":"2018-06-02","datePrecision":"d","country":"United Kingdom","region":"Gloucestershire","coordSource":"og","source":"ccc"}},{"type":"Feature","geometry":{"type":"Point","coordinates":[-1.91153,51.40394]},"properties":{"id":"443f90368c0f","title":"Bishop's Cannings Down, Nr Beckhampton, Wiltshire (reported 2018-06-03)","date":"2018-06-03","datePrecision":"d","country":"United Kingdom","region":"Wiltshire","coordSource":"sp","source":"ccc"}},{"type":"Feature","geometry":{"type":"Point","coordinates":[-1.98355,50.94632]},"properties":{"id":"60d290b67f0d","title":"Ackling Dyke, Nr Sixpenny Handley, Dorset (reported 2018-06-04)","date":"2018-06-04","datePrecision":"d","country":"United Kingdom","region":"Dorset","coordSource":"sp","source":"ccc"}},{"type":"Feature","geometry":{"type":"Point","coordinates":[-1.82125,51.47656]},"properties":{"id":"95e66d5d92a4","title":"Hackpen Hill. Nr Broad Hinton, Wiltshire (reported 2018-06-09)","date":"2018-06-09","datePrecision":"d","country":"United Kingdom","region":"Wiltshire","coordSource":"sp","source":"ccc"}},{"type":"Feature","geometry":{"type":"Point","coordinates":[-2.17234,51.10597]},"properties":{"id":"1f97d102831d","title":"Keysley Down, Nr Chicklade, Wiltshire (reported 2018-06-10)","date":"2018-06-10","datePrecision":"d","country":"United Kingdom","region":"Wiltshire","coordSource":"sp","source":"ccc"}},{"type":"Feature","geometry":{"type":"Point","coordinates":[-1.86188,51.18007]},"properties":{"id":"480436d87cdf","title":"Winterbourne Stoke Down, Stonehenge, Wiltshire (reported 2018-06-17)","date":"2018-06-17","datePrecision":"d","country":"United Kingdom","region":"Wiltshire","coordSource":"sp","source":"ccc"}},{"type":"Feature","geometry":{"type":"Point","coordinates":[-1.77668,51.42323]},"properties":{"id":"4ca579ce8caa","title":"Devil's Den, Nr Clatford, Wiltshire (reported 2018-06-20)","date":"2018-06-20","datePrecision":"d","country":"United Kingdom","region":"Wiltshire","coordSource":"sp","source":"ccc"}},{"type":"Feature","geometry":{"type":"Point","coordinates":[-1.81274,51.47186]},"properties":{"id":"26451169a7c1","title":"Hackpen Hill (2). Nr Broad Hinton, Wiltshire (reported 2018-06-23)","date":"2018-06-23","datePrecision":"d","country":"United Kingdom","region":"Wiltshire","coordSource":"sp","source":"ccc"}},{"type":"Feature","geometry":{"type":"Point","coordinates":[-1.94419,51.15931]},"properties":{"id":"9f019cba7d0b","title":"Yarnbury Castle, Nr Steeple Langford, Wiltshire (reported 2018-06-24)","date":"2018-06-24","datePrecision":"d","country":"United Kingdom","region":"Wiltshire","coordSource":"sp","source":"ccc"}},{"type":"Feature","geometry":{"type":"Point","coordinates":[0.72402,51.56848]},"properties":{"id":"ee4a66957618","title":"Sutton Hall, Nr Rochford, Essex (reported 2018-06-30)","date":"2018-06-30","datePrecision":"d","country":"United Kingdom","region":"Essex","coordSource":"sp","source":"ccc"}},{"type":"Feature","geometry":{"type":"Point","coordinates":[-0.99163,51.16386]},"properties":{"id":"abcb35fa8921","title":"Pancake Plantation, Nr Alton, Hampshire (reported 2018-07-01)","date":"2018-07-01","datePrecision":"d","country":"United Kingdom","region":"Hampshire","coordSource":"sp","source":"ccc"}},{"type":"Feature","geometry":{"type":"Point","coordinates":[-1.85272,51.423]},"properties":{"id":"39d9dc8ba307","title":"Waden Hill, Nr Avebury, Wiltshire (reported 2018-07-02)","date":"2018-07-02","datePrecision":"d","country":"United Kingdom","region":"Wiltshire","coordSource":"sp","source":"ccc"}},{"type":"Feature","geometry":{"type":"Point","coordinates":[-1.73615,51.37652]},"properties":{"id":"5d4c3fdc0159","title":"Martinsell Hill, Nr Wooton Rivers, Wiltshire (reported 2018-07-07)","date":"2018-07-07","datePrecision":"d","country":"United Kingdom","region":"Wiltshire","coordSource":"sp","source":"ccc"}},{"type":"Feature","geometry":{"type":"Point","coordinates":[-1.8098,51.17426]},"properties":{"id":"f4191cf207ae","title":"Coneybury Hill, Nr Stonehenge, Wiltshire (reported 2018-07-08)","date":"2018-07-08","datePrecision":"d","country":"United Kingdom","region":"Wiltshire","coordSource":"sp","source":"ccc"}},{"type":"Feature","geometry":{"type":"Point","coordinates":[-1.22912,51.03985]},"properties":{"id":"4296d0522b81","title":"Longwood Warren, Nr Winchester, Hampshire (reported 2018-07-10)","date":"2018-07-10","datePrecision":"d","country":"United Kingdom","region":"Hampshire","coordSource":"sp","source":"ccc"}},{"type":"Feature","geometry":{"type":"Point","coordinates":[-1.8517,51.47777]},"properties":{"id":"ce21272ffc4b","title":"Winterbourne Bassett, Nr Avebury, Wiltshire (reported 2018-07-14)","date":"2018-07-14","datePrecision":"d","country":"United Kingdom","region":"Wiltshire","coordSource":"sp","source":"ccc"}},{"type":"Feature","geometry":{"type":"Point","coordinates":[-2.69297,51.07473]},"properties":{"id":"3b5ad731e35e","title":"Muncombe Hill, Nr Kingweston, Somerset (reported 2018-07-14)","date":"2018-07-14","datePrecision":"d","country":"United Kingdom","region":"Somerset","coordSource":"sp","source":"ccc"}},{"type":"Feature","geometry":{"type":"Point","coordinates":[-1.89443,51.36972]},"properties":{"id":"26d2f5a840c3","title":"Clifford's Hill, Nr Allington, Wiltshire (reported 2018-07-21)","date":"2018-07-21","datePrecision":"d","country":"United Kingdom","region":"Wiltshire","coordSource":"sp","source":"ccc"}},{"type":"Feature","geometry":{"type":"Point","coordinates":[0.72501,51.571]},"properties":{"id":"e433a0678ecc","title":"Sutton Hall, Nr Rochford, Essex (reported 2018-07-22)","date":"2018-07-22","datePrecision":"d","country":"United Kingdom","region":"Essex","coordSource":"sp","source":"ccc"}},{"type":"Feature","geometry":{"type":"Point","coordinates":[-1.98031,51.04364]},"properties":{"id":"c68a4f5f5008","title":"Gurston Ashes, Nr Fovant, Wiltshire (reported 2018-07-23)","date":"2018-07-23","datePrecision":"d","country":"United Kingdom","region":"Wiltshire","coordSource":"og","source":"ccc"}},{"type":"Feature","geometry":{"type":"Point","coordinates":[-1.49151,52.2321]},"properties":{"id":"ec3c70a5bd0c","title":"Chesterton Windmill, Nr Harbury, Warwickshire (reported 2018-07-26)","date":"2018-07-26","datePrecision":"d","country":"United Kingdom","region":"Warwickshire","coordSource":"sp","source":"ccc"}},{"type":"Feature","geometry":{"type":"Point","coordinates":[-0.92448,51.14317]},"properties":{"id":"cbac348bfc86","title":"Wyke Lane, Nr East Worldham, Hampshire (reported 2018-07-27)","date":"2018-07-27","datePrecision":"d","country":"United Kingdom","region":"Hampshire","coordSource":"og","source":"ccc"}},{"type":"Feature","geometry":{"type":"Point","coordinates":[-1.81405,51.47158]},"properties":{"id":"6e4c11a365f9","title":"Hackpen Hill (3). Nr Broad Hinton, Wiltshire (reported 2018-07-30)","date":"2018-07-30","datePrecision":"d","country":"United Kingdom","region":"Wiltshire","coordSource":"sp","source":"ccc"}},{"type":"Feature","geometry":{"type":"Point","coordinates":[-1.94181,51.34317]},"properties":{"id":"d54b5096acfe","title":"Mixon, Nr Etchilhampton, Wiltshire (reported 2018-08-10)","date":"2018-08-10","datePrecision":"d","country":"United Kingdom","region":"Wiltshire","coordSource":"sp","source":"ccc"}},{"type":"Feature","geometry":{"type":"Point","coordinates":[-2.06841,51.11309]},"properties":{"id":"62d3ce50f23e","title":"Monarch's Way, Nr Fonthill Bishop, Wiltshire (reported 2018-08-13)","date":"2018-08-13","datePrecision":"d","country":"United Kingdom","region":"Wiltshire","coordSource":"sp","source":"ccc"}},{"type":"Feature","geometry":{"type":"Point","coordinates":[-2.21347,51.20795]},"properties":{"id":"e01af88d4362","title":"Norridge Wood, Nr Warminster, Wiltshire (reported 2018-08-14)","date":"2018-08-14","datePrecision":"d","country":"United Kingdom","region":"Wiltshire","coordSource":"og","source":"ccc"}},{"type":"Feature","geometry":{"type":"Point","coordinates":[-0.99163,51.16386]},"properties":{"id":"178a5d1c0fc7","title":"Pancake Plantation (2), Nr Alton, Hampshire (reported 2018-08-19)","date":"2018-08-19","datePrecision":"d","country":"United Kingdom","region":"Hampshire","coordSource":"sp","source":"ccc"}},{"type":"Feature","geometry":{"type":"Point","coordinates":[-1.36325,51.09653]},"properties":{"id":"1e1c5c3538db","title":"Long Wood, Nr Littleton, Hampshire. Reported 3rd June 2019","date":"2019","datePrecision":"y","country":"United Kingdom","coordSource":"sp","source":"ccc"}},{"type":"Feature","geometry":{"type":"Point","coordinates":[-1.58241,51.56848]},"properties":{"id":"83eb89c0e41a","title":"Crop Circle at Uffington Castle, Nr Ashbury, Oxfordshire. Discovered 18th August 2019","date":"2019","datePrecision":"y","country":"United Kingdom","coordSource":"og","source":"ccc"}},{"type":"Feature","geometry":{"type":"Point","coordinates":[-2.21347,51.20795]},"properties":{"id":"690ea5506734","title":"Norridge Wood, Nr Warminster, Wiltshire (reported 2019-05-22)","date":"2019-05-22","datePrecision":"d","country":"United Kingdom","region":"Wiltshire","coordSource":"og","source":"ccc"}},{"type":"Feature","geometry":{"type":"Point","coordinates":[-1.98516,51.69926]},"properties":{"id":"26d16635fc63","title":"Chesterton Farm, nr Cirencester, Gloucestershire (reported 2019-05-25)","date":"2019-05-25","datePrecision":"d","country":"United Kingdom","region":"Gloucestershire","coordSource":"og","source":"ccc"}},{"type":"Feature","geometry":{"type":"Point","coordinates":[-1.15635,51.15152]},"properties":{"id":"27a9d23076fd","title":"Spiers Lane, nr Chilton Candover, Hampshire (reported 2019-05-26)","date":"2019-05-26","datePrecision":"d","country":"United Kingdom","region":"Hampshire","coordSource":"og","source":"ccc"}},{"type":"Feature","geometry":{"type":"Point","coordinates":[-1.25271,51.01393]},"properties":{"id":"8ed87b6358de","title":"Belmore Lane, Nr Owslebury, Hampshire (reported 2019-06-11)","date":"2019-06-11","datePrecision":"d","country":"United Kingdom","region":"Hampshire","coordSource":"og","source":"ccc"}},{"type":"Feature","geometry":{"type":"Point","coordinates":[-0.14984,51.28274]},"properties":{"id":"758cb4745650","title":"Sparticles Wood, nr Netherme-on-the-Hill, Surrey (reported 2019-06-21)","date":"2019-06-21","datePrecision":"d","country":"United Kingdom","region":"Surrey","coordSource":"sp","source":"ccc"}},{"type":"Feature","geometry":{"type":"Point","coordinates":[-1.13899,51.07876]},"properties":{"id":"6634abede875","title":"Scrubbs Lane, Nr Bishops Sutton, Hampshire (reported 2019-06-29)","date":"2019-06-29","datePrecision":"d","country":"United Kingdom","region":"Hampshire","coordSource":"og","source":"ccc"}},{"type":"Feature","geometry":{"type":"Point","coordinates":[-1.53066,51.13961]},"properties":{"id":"3c82fcf66975","title":"Danebury Iron Age Hillfort, Nr Stockbridge, Hampshire (reported 2019-07-01)","date":"2019-07-01","datePrecision":"d","country":"United Kingdom","region":"Hampshire","coordSource":"og","source":"ccc"}},{"type":"Feature","geometry":{"type":"Point","coordinates":[-1.95022,51.15847]},"properties":{"id":"acbafcece8ff","title":"Yarnbury Castle, Nr Steeple Langford, Wiltshire (reported 2019-07-03)","date":"2019-07-03","datePrecision":"d","country":"United Kingdom","region":"Wiltshire","coordSource":"sp","source":"ccc"}},{"type":"Feature","geometry":{"type":"Point","coordinates":[-1.42488,51.05835]},"properties":{"id":"c240b5ba50c9","title":"Farley Mount, Nr Winchester, Hampshire (reported 2019-07-08)","date":"2019-07-08","datePrecision":"d","country":"United Kingdom","region":"Hampshire","coordSource":"sp","source":"ccc"}},{"type":"Feature","geometry":{"type":"Point","coordinates":[-1.20476,51.06883]},"properties":{"id":"a3b15e03a4ae","title":"Rodfield Lane, Nr Tichborne, Hampshire (reported 2019-07-16)","date":"2019-07-16","datePrecision":"d","country":"United Kingdom","region":"Hampshire","coordSource":"og","source":"ccc"}},{"type":"Feature","geometry":{"type":"Point","coordinates":[-2.14039,51.26864]},"properties":{"id":"f385aa311d31","title":"Westbury White Horse, Nr Bratton, Wiltshire (reported 2019-07-20)","date":"2019-07-20","datePrecision":"d","country":"United Kingdom","region":"Wiltshire","coordSource":"sp","source":"ccc"}},{"type":"Feature","geometry":{"type":"Point","coordinates":[-1.70913,51.03017]},"properties":{"id":"b7926db66e13","title":"Pepperbox Hill, Windwhistle Lane, nr West Grimstead, Wiltshire (reported 2019-07-23)","date":"2019-07-23","datePrecision":"d","country":"United Kingdom","region":"Wiltshire","coordSource":"sp","source":"ccc"}},{"type":"Feature","geometry":{"type":"Point","coordinates":[-1.37543,51.15838]},"properties":{"id":"e88d602fc9b0","title":"Cocum Farm, Nr Barton Stacy, Hampshire (reported 2019-07-28)","date":"2019-07-28","datePrecision":"d","country":"United Kingdom","region":"Hampshire","coordSource":"og","source":"ccc"}},{"type":"Feature","geometry":{"type":"Point","coordinates":[-2.22543,51.22664]},"properties":{"id":"a75660e73314","title":"Clear Wood, Cley Hill, Nr Warminster, Wiltshire (reported 2019-07-28)","date":"2019-07-28","datePrecision":"d","country":"United Kingdom","region":"Wiltshire","coordSource":"og","source":"ccc"}},{"type":"Feature","geometry":{"type":"Point","coordinates":[-1.34636,51.21293]},"properties":{"id":"d00fe55ec753","title":"Nun's Walk, Nr Tufton, Hampshire (reported 2019-08-04)","date":"2019-08-04","datePrecision":"d","country":"United Kingdom","region":"Hampshire","coordSource":"og","source":"ccc"}},{"type":"Feature","geometry":{"type":"Point","coordinates":[-1.14365,51.16059]},"properties":{"id":"07e5f11b6649","title":"Preston Candover, Nr Basingstoke, Hampshire (reported 2019-08-11)","date":"2019-08-11","datePrecision":"d","country":"United Kingdom","region":"Hampshire","coordSource":"og","source":"ccc"}},{"type":"Feature","geometry":{"type":"Point","coordinates":[-1.96042,51.34361]},"properties":{"id":"235544ee59b4","title":"Etchilhampton Hill, Nr Devizes, Wiltshire (reported 2019-08-20)","date":"2019-08-20","datePrecision":"d","country":"United Kingdom","region":"Wiltshire","coordSource":"sp","source":"ccc"}},{"type":"Feature","geometry":{"type":"Point","coordinates":[-1.86517,51.36558]},"properties":{"id":"f8b267e8cee4","title":"Stanton St Bernard, Nr Devizes, Wiltshire (reported 2019-08-24)","date":"2019-08-24","datePrecision":"d","country":"United Kingdom","region":"Wiltshire","coordSource":"sp","source":"ccc"}},{"type":"Feature","geometry":{"type":"Point","coordinates":[-1.94975,51.15858]},"properties":{"id":"11fa956c76ba","title":"Yarnbury Castle, Nr Winterbourne Stoke, Wiltshire. Reported 26th July 2020","date":"2020","datePrecision":"y","country":"United Kingdom","coordSource":"sp","source":"ccc"}},{"type":"Feature","geometry":{"type":"Point","coordinates":[-2.69744,51.03694]},"properties":{"id":"330d3c421249","title":"Rocky Hill, Nr Kingdon, Somerset (reported 2020-05-26)","date":"2020-05-26","datePrecision":"d","country":"United Kingdom","region":"Somerset","coordSource":"sp","source":"ccc"}},{"type":"Feature","geometry":{"type":"Point","coordinates":[-1.99792,51.33106]},"properties":{"id":"9186096c229a","title":"Potterne Field, nr. Devizes, Wiltshire (reported 2020-05-28)","date":"2020-05-28","datePrecision":"d","country":"United Kingdom","region":"Wiltshire","coordSource":"sp","source":"ccc"}},{"type":"Feature","geometry":{"type":"Point","coordinates":[-2.21924,51.20119]},"properties":{"id":"266415abc4c7","title":"Mid Wilts Way, Warminster, Wiltshire (reported 2020-05-30)","date":"2020-05-30","datePrecision":"d","country":"United Kingdom","region":"Wiltshire","coordSource":"og","source":"ccc"}},{"type":"Feature","geometry":{"type":"Point","coordinates":[-1.99689,50.94792]},"properties":{"id":"3995db85528a","title":"Handley Hill, Nr Sixpenny Handley, Dorset (reported 2020-05-31)","date":"2020-05-31","datePrecision":"d","country":"United Kingdom","region":"Dorset","coordSource":"sp","source":"ccc"}},{"type":"Feature","geometry":{"type":"Point","coordinates":[-1.27976,53.66533]},"properties":{"id":"3eb43ffa5ebd","title":"Fletcher's Spring Covert, Darrington, Nr Pontefract, West Yorkshire (reported 2020-06)","date":"2020-06","datePrecision":"m","country":"United Kingdom","region":"West Yorkshire","coordSource":"og","source":"ccc"}},{"type":"Feature","geometry":{"type":"Point","coordinates":[-2.25137,51.24646]},"properties":{"id":"35be0c823c02","title":"iHooper's Wood, Dilton Marsh, Wiltshire (reported 2020-06-11)","date":"2020-06-11","datePrecision":"d","country":"United Kingdom","region":"Wiltshire","coordSource":"sp","source":"ccc"}},{"type":"Feature","geometry":{"type":"Point","coordinates":[-1.7689,51.48984]},"properties":{"id":"8ef155e2cfa6","title":"Wiltshire at Barbury Castle, Wroughton, Wiltshire (reported 2020-06-14)","date":"2020-06-14","datePrecision":"d","country":"United Kingdom","region":"Wiltshire","coordSource":"sp","source":"ccc"}},{"type":"Feature","geometry":{"type":"Point","coordinates":[-1.88192,51.06727]},"properties":{"id":"4d81e0d22be8","title":"Hunt's Down, Nr Wilton, Wiltshire (reported 2020-06-17)","date":"2020-06-17","datePrecision":"d","country":"United Kingdom","region":"Wiltshire","coordSource":"og","source":"ccc"}},{"type":"Feature","geometry":{"type":"Point","coordinates":[-1.98355,50.94632]},"properties":{"id":"04f39126461d","title":"Ackling Dyke, Nr Sixpenny Handley, Dorset (reported 2020-06-21)","date":"2020-06-21","datePrecision":"d","country":"United Kingdom","region":"Dorset","coordSource":"sp","source":"ccc"}},{"type":"Feature","geometry":{"type":"Point","coordinates":[-1.84303,51.45669]},"properties":{"id":"99889afc5a96","title":"Berwick Bassett Clump, Nr Winterbourne Monkton, Wiltshire (reported 2020-06-21)","date":"2020-06-21","datePrecision":"d","country":"United Kingdom","region":"Wiltshire","coordSource":"sp","source":"ccc"}},{"type":"Feature","geometry":{"type":"Point","coordinates":[-1.75047,51.47203]},"properties":{"id":"f5484196c4ec","title":"Smeathe's Plantation, Nr Ogbourne St George, Wiltshire (reported 2020-06-25)","date":"2020-06-25","datePrecision":"d","country":"United Kingdom","region":"Wiltshire","coordSource":"sp","source":"ccc"}},{"type":"Feature","geometry":{"type":"Point","coordinates":[-1.24828,51.04106]},"properties":{"id":"66476976d655","title":"Allan King Way, Nr Cheesefoot Head, Hampshire (reported 2020-06-29)","date":"2020-06-29","datePrecision":"d","country":"United Kingdom","region":"Hampshire","coordSource":"sp","source":"ccc"}},{"type":"Feature","geometry":{"type":"Point","coordinates":[-1.8599,51.36699]},"properties":{"id":"1a7f109f4799","title":"Stanton St Bernard, Nr Alton Barnes. Wiltshire (reported 2020-07-07)","date":"2020-07-07","datePrecision":"d","country":"United Kingdom","region":"Nr Alton Barnes. Wiltshire","coordSource":"sp","source":"ccc"}},{"type":"Feature","geometry":{"type":"Point","coordinates":[-1.70441,51.33664]},"properties":{"id":"6246ea324bf7","title":"Easton Clump, Nr Easton Royal, Wiltshire (reported 2020-07-10)","date":"2020-07-10","datePrecision":"d","country":"United Kingdom","region":"Wiltshire","coordSource":"sp","source":"ccc"}},{"type":"Feature","geometry":{"type":"Point","coordinates":[-2.22992,51.20446]},"properties":{"id":"9001f8048646","title":"Cley Hill, Nr Warminster, Wiltshire (reported 2020-07-11)","date":"2020-07-11","datePrecision":"d","country":"United Kingdom","region":"Wiltshire","coordSource":"og","source":"ccc"}},{"type":"Feature","geometry":{"type":"Point","coordinates":[-2.33908,51.24103]},"properties":{"id":"d6300919cc76","title":"Valiis House, Nr Frome, Somerset (reported 2020-07-12)","date":"2020-07-12","datePrecision":"d","country":"United Kingdom","region":"Somerset","coordSource":"sp","source":"ccc"}},{"type":"Feature","geometry":{"type":"Point","coordinates":[-1.81978,51.17206]},"properties":{"id":"d5ed81a0ae3a","title":"Luxenborough, Nr Stonehenge, Wiltshire (reported 2020-07-16)","date":"2020-07-16","datePrecision":"d","country":"United Kingdom","region":"Wiltshire","coordSource":"sp","source":"ccc"}},{"type":"Feature","geometry":{"type":"Point","coordinates":[-1.94553,51.34219]},"properties":{"id":"694ad4c7dc92","title":"Etchilhampton, Nr Devizes, Wiltshire (reported 2020-07-17)","date":"2020-07-17","datePrecision":"d","country":"United Kingdom","region":"Wiltshire","coordSource":"sp","source":"ccc"}},{"type":"Feature","geometry":{"type":"Point","coordinates":[-1.13826,51.07816]},"properties":{"id":"bdbc02924a28","title":"Scrubbs Lane, Nr Bishops Sutton, Hampshire (reported 2020-07-22)","date":"2020-07-22","datePrecision":"d","country":"United Kingdom","region":"Hampshire","coordSource":"og","source":"ccc"}},{"type":"Feature","geometry":{"type":"Point","coordinates":[-1.81261,51.47558]},"properties":{"id":"5efe2bc8298d","title":"atThe Ridgeway, Nr The White Horse Hackpen Hill, Wiltshire (reported 2020-07-23)","date":"2020-07-23","datePrecision":"d","country":"United Kingdom","region":"Wiltshire","coordSource":"sp","source":"ccc"}},{"type":"Feature","geometry":{"type":"Point","coordinates":[-1.94431,51.34428]},"properties":{"id":"c3cfec2ff966","title":"Etchilhampton Hill, Nr Mixon, Wiltshire (reported 2020-07-26)","date":"2020-07-26","datePrecision":"d","country":"United Kingdom","region":"Wiltshire","coordSource":"sp","source":"ccc"}},{"type":"Feature","geometry":{"type":"Point","coordinates":[-1.47331,53.31758]},"properties":{"id":"b3eff7f229b7","title":"Batemoor, Nr Dronfield, Derbyshire (reported 2020-07-29)","date":"2020-07-29","datePrecision":"d","country":"United Kingdom","region":"Derbyshire","coordSource":"og","source":"ccc"}},{"type":"Feature","geometry":{"type":"Point","coordinates":[-0.57015,50.89657]},"properties":{"id":"4915635818e8","title":"South Downs Way, Nr Houghton, West Sussex (reported 2020-07-29)","date":"2020-07-29","datePrecision":"d","country":"United Kingdom","region":"West Sussex","coordSource":"sp","source":"ccc"}},{"type":"Feature","geometry":{"type":"Point","coordinates":[-1.99353,51.32967]},"properties":{"id":"dc87c3256612","title":"Potterne Field, Nr Devizes, Wiltshire (reported 2020-08-04)","date":"2020-08-04","datePrecision":"d","country":"United Kingdom","region":"Wiltshire","coordSource":"sp","source":"ccc"}},{"type":"Feature","geometry":{"type":"Point","coordinates":[-2.127,51.19181]},"properties":{"id":"9c06d67a76a8","title":"Norton Plantation, Nr Heytesbury, Wiltshire (reported 2020-08-07)","date":"2020-08-07","datePrecision":"d","country":"United Kingdom","region":"Wiltshire","coordSource":"sp","source":"ccc"}},{"type":"Feature","geometry":{"type":"Point","coordinates":[-1.89519,51.33292]},"properties":{"id":"f7b735c03baf","title":"Patney Bridge, Nr Beechingstoke, Wiltshire (reported 2020-08-08)","date":"2020-08-08","datePrecision":"d","country":"United Kingdom","region":"Wiltshire","coordSource":"sp","source":"ccc"}},{"type":"Feature","geometry":{"type":"Point","coordinates":[-1.57561,51.58342]},"properties":{"id":"b681968a1d9e","title":"Woolstone Wells, Nr Uffington Castle, Oxfordshire (reported 2020-08-09)","date":"2020-08-09","datePrecision":"d","country":"United Kingdom","region":"Oxfordshire","coordSource":"sp","source":"ccc"}},{"type":"Feature","geometry":{"type":"Point","coordinates":[-1.89267,51.30133]},"properties":{"id":"6b068626dfe1","title":"Chirton Bottom, Nr Urchfont, Wiltshire (reported 2020-09-05)","date":"2020-09-05","datePrecision":"d","country":"United Kingdom","region":"Wiltshire","coordSource":"sp","source":"ccc"}},{"type":"Feature","geometry":{"type":"Point","coordinates":[-1.9825,51.36328]},"properties":{"id":"17bc4cb760f8","title":"Roundway, Nr Devizes, Wiltshire (reported 2020-09-13)","date":"2020-09-13","datePrecision":"d","country":"United Kingdom","region":"Wiltshire","coordSource":"og","source":"ccc"}},{"type":"Feature","geometry":{"type":"Point","coordinates":[-1.87186,51.36611]},"properties":{"id":"2275a39491c9","title":"Stanton St Bernard, Nr Alton Barnes, Wiltshire (reported 2021-05-10)","date":"2021-05-10","datePrecision":"d","country":"United Kingdom","region":"Wiltshire","coordSource":"sp","source":"ccc"}},{"type":"Feature","geometry":{"type":"Point","coordinates":[-1.37012,51.13111]},"properties":{"id":"d22bd39fe439","title":"Barton Stacey Belt, Nr South Wonston, Hampshire (reported 2021-06-08)","date":"2021-06-08","datePrecision":"d","country":"United Kingdom","region":"Hampshire","coordSource":"sp","source":"ccc"}},{"type":"Feature","geometry":{"type":"Point","coordinates":[-1.699,51.37626]},"properties":{"id":"abaa9b890666","title":"Mud Lane, Nr Wooton Rivers, Wiltshire (reported 2021-06-09)","date":"2021-06-09","datePrecision":"d","country":"United Kingdom","region":"Wiltshire","coordSource":"og","source":"ccc"}},{"type":"Feature","geometry":{"type":"Point","coordinates":[-1.6423,51.26589]},"properties":{"id":"0e8d1068fb64","title":"Shaw Hill, Nr Ludgershall, Wiltshire (reported 2021-06-14)","date":"2021-06-14","datePrecision":"d","country":"United Kingdom","region":"Wiltshire","coordSource":"og","source":"ccc"}},{"type":"Feature","geometry":{"type":"Point","coordinates":[-1.20506,51.06722]},"properties":{"id":"ea8f868ccc1f","title":"Rodfield Lane, Nr Tichborne, Hampshire (reported 2021-06-21)","date":"2021-06-21","datePrecision":"d","country":"United Kingdom","region":"Hampshire","coordSource":"sp","source":"ccc"}},{"type":"Feature","geometry":{"type":"Point","coordinates":[-1.58431,51.31597]},"properties":{"id":"299cb004b04f","title":"Tidcombe Down, Nr Oxenwood, Wiltshire (reported 2021-06-28)","date":"2021-06-28","datePrecision":"d","country":"United Kingdom","region":"Wiltshire","coordSource":"sp","source":"ccc"}},{"type":"Feature","geometry":{"type":"Point","coordinates":[-1.33579,53.40004]},"properties":{"id":"5d807932a01e","title":"Whiston, Nr Rotherham, South Yorkshire (reported 2021-06-29)","date":"2021-06-29","datePrecision":"d","country":"United Kingdom","region":"South Yorkshire","coordSource":"sp","source":"ccc"}},{"type":"Feature","geometry":{"type":"Point","coordinates":[-1.8501,51.43063]},"properties":{"id":"e0b7dc5a9cdc","title":"Herepath, Nr Avebury Stone circle, Wiltshire (reported 2021-07-02)","date":"2021-07-02","datePrecision":"d","country":"United Kingdom","region":"Wiltshire","coordSource":"sp","source":"ccc"}},{"type":"Feature","geometry":{"type":"Point","coordinates":[-1.22872,51.04069]},"properties":{"id":"fa0e50690fdd","title":"Longwood Warren, Nr Winchester, Hampshire (reported 2021-07-04)","date":"2021-07-04","datePrecision":"d","country":"United Kingdom","region":"Hampshire","coordSource":"sp","source":"ccc"}},{"type":"Feature","geometry":{"type":"Point","coordinates":[-1.81147,51.47758]},"properties":{"id":"85343639e942","title":"Ridge Way, Nr Hackpen Hill, Wiltshire (reported 2021-07-05)","date":"2021-07-05","datePrecision":"d","country":"United Kingdom","region":"Wiltshire","coordSource":"sp","source":"ccc"}},{"type":"Feature","geometry":{"type":"Point","coordinates":[-1.22776,50.98741]},"properties":{"id":"f76d08cfd385","title":"Woodcote Lane, Nr Upham, Hampshire (reported 2021-07-18)","date":"2021-07-18","datePrecision":"d","country":"United Kingdom","region":"Hampshire","coordSource":"sp","source":"ccc"}},{"type":"Feature","geometry":{"type":"Point","coordinates":[-1.43549,53.27353]},"properties":{"id":"d42c2e92e919","title":"The Brushes, Nr Old Whittington, Derbyshire (reported 2021-07-18)","date":"2021-07-18","datePrecision":"d","country":"United Kingdom","region":"Derbyshire","coordSource":"og","source":"ccc"}},{"type":"Feature","geometry":{"type":"Point","coordinates":[-1.35233,51.21531]},"properties":{"id":"a40dd9773a2f","title":"Nun's Walk, Nr Tufton, Hampshire (reported 2021-07-20)","date":"2021-07-20","datePrecision":"d","country":"United Kingdom","region":"Hampshire","coordSource":"sp","source":"ccc"}},{"type":"Feature","geometry":{"type":"Point","coordinates":[-1.33886,53.53047]},"properties":{"id":"b3fcc958ca8f","title":"Rose Valley, Nr Billingley, South Yorkshire (reported 2021-07-31)","date":"2021-07-31","datePrecision":"d","country":"United Kingdom","region":"South Yorkshire","coordSource":"og","source":"ccc"}},{"type":"Feature","geometry":{"type":"Point","coordinates":[-1.15383,51.13052]},"properties":{"id":"8cc838a4d32a","title":"Spiers Lane, Nr Swarraton, Hampshire (reported 2021-08-01)","date":"2021-08-01","datePrecision":"d","country":"United Kingdom","region":"Hampshire","coordSource":"sp","source":"ccc"}},{"type":"Feature","geometry":{"type":"Point","coordinates":[-1.09023,51.03511]},"properties":{"id":"63ee000e8f6a","title":"Kitt's Lane, Nr West Meon, Hampshire (reported 2021-08-08)","date":"2021-08-08","datePrecision":"d","country":"United Kingdom","region":"Hampshire","coordSource":"sp","source":"ccc"}},{"type":"Feature","geometry":{"type":"Point","coordinates":[-1.58897,51.33349]},"properties":{"id":"1f4179532e53","title":"the Roman Road, Nr Marten, Wiltshire (reported 2021-08-08)","date":"2021-08-08","datePrecision":"d","country":"United Kingdom","region":"Wiltshire","coordSource":"og","source":"ccc"}},{"type":"Feature","geometry":{"type":"Point","coordinates":[-1.29778,51.30507]},"properties":{"id":"981bad13fde8","title":"Watership Down, Nr Sydmonton, Hampshire (reported 2021-08-11)","date":"2021-08-11","datePrecision":"d","country":"United Kingdom","region":"Hampshire","coordSource":"sp","source":"ccc"}},{"type":"Feature","geometry":{"type":"Point","coordinates":[-1.98616,51.38095]},"properties":{"id":"dc1329517788","title":"on Roundway Hill, Nr Devizes, Wiltshire (reported 2021-08-15)","date":"2021-08-15","datePrecision":"d","country":"United Kingdom","region":"Wiltshire","coordSource":"sp","source":"ccc"}},{"type":"Feature","geometry":{"type":"Point","coordinates":[-1.49559,53.65722]},"properties":{"id":"1c422c040b6e","title":"Sandal Castle, Nr Sandal Magna,West Yorkshire (reported 2021-08-16)","date":"2021-08-16","datePrecision":"d","country":"United Kingdom","region":"West Yorkshire","coordSource":"sp","source":"ccc"}},{"type":"Feature","geometry":{"type":"Point","coordinates":[-2.17945,50.8741]},"properties":{"id":"2b919c8b9309","title":"Little Nutford, Nr Blandford Forum, Dorset (reported 2021-08-23)","date":"2021-08-23","datePrecision":"d","country":"United Kingdom","region":"Dorset","coordSource":"og","source":"ccc"}},{"type":"Feature","geometry":{"type":"Point","coordinates":[-1.26278,53.36136]},"properties":{"id":"e18d61594128","title":"Gospel Hill, Nr Todwick, South Yorkshire (reported 2021-08-30)","date":"2021-08-30","datePrecision":"d","country":"United Kingdom","region":"South Yorkshire","coordSource":"sp","source":"ccc"}},{"type":"Feature","geometry":{"type":"Point","coordinates":[-1.38067,51.05237]},"properties":{"id":"5e864b22705f","title":"Enmill Barn, Nr Crab Wood, Winchester, Hampshire (reported 2022-04-24)","date":"2022-04-24","datePrecision":"d","country":"United Kingdom","region":"Hampshire","coordSource":"sp","source":"ccc"}},{"type":"Feature","geometry":{"type":"Point","coordinates":[-1.55878,51.29661]},"properties":{"id":"c738725f3d25","title":"Little Down, Nr Hippenscombe, Wiltshire (reported 2022-05-22)","date":"2022-05-22","datePrecision":"d","country":"United Kingdom","region":"Wiltshire","coordSource":"sp","source":"ccc"}},{"type":"Feature","geometry":{"type":"Point","coordinates":[-1.82617,51.47367]},"properties":{"id":"8d18cf164300","title":"Owl House, Nr White Horse Hackpen Hill, Wiltshire (reported 2022-06-04)","date":"2022-06-04","datePrecision":"d","country":"United Kingdom","region":"Wiltshire","coordSource":"sp","source":"ccc"}},{"type":"Feature","geometry":{"type":"Point","coordinates":[-1.81417,51.46883]},"properties":{"id":"743b999377e7","title":"Hackpen Hill White Horse, Nr Winterbourne Bassett, Wiltshire (reported 2022-06-19)","date":"2022-06-19","datePrecision":"d","country":"United Kingdom","region":"Wiltshire","coordSource":"sp","source":"ccc"}},{"type":"Feature","geometry":{"type":"Point","coordinates":[-1.28124,51.18455]},"properties":{"id":"1940b4fe640a","title":"Kiteland Cottages, Nr Micheldever Station, Hampshire (reported 2022-07-03)","date":"2022-07-03","datePrecision":"d","country":"United Kingdom","region":"Hampshire","coordSource":"sp","source":"ccc"}},{"type":"Feature","geometry":{"type":"Point","coordinates":[-1.57712,51.41873]},"properties":{"id":"61592c566541","title":"Cake Wood, Nr Froxfield, Wiltshire (reported 2022-07-09)","date":"2022-07-09","datePrecision":"d","country":"United Kingdom","region":"Wiltshire","coordSource":"sp","source":"ccc"}},{"type":"Feature","geometry":{"type":"Point","coordinates":[-1.29114,51.04273]},"properties":{"id":"f8bfd828f759","title":"Pilgrim's Trail, Nr Winchester, Hampshire (reported 2022-07-12)","date":"2022-07-12","datePrecision":"d","country":"United Kingdom","region":"Hampshire","coordSource":"sp","source":"ccc"}},{"type":"Feature","geometry":{"type":"Point","coordinates":[-1.95601,51.36477]},"properties":{"id":"74283d8f12db","title":"Lay Wood, Nr Devizes, Wiltshire (reported 2022-07-14)","date":"2022-07-14","datePrecision":"d","country":"United Kingdom","region":"Wiltshire","coordSource":"sp","source":"ccc"}},{"type":"Feature","geometry":{"type":"Point","coordinates":[-1.76843,51.48952]},"properties":{"id":"1d154f938131","title":"Barbury Castle, Nr Wroughton, Wiltshire (reported 2022-07-17)","date":"2022-07-17","datePrecision":"d","country":"United Kingdom","region":"Wiltshire","coordSource":"sp","source":"ccc"}},{"type":"Feature","geometry":{"type":"Point","coordinates":[-1.96136,51.34128]},"properties":{"id":"89d0d4589e26","title":"Etchilhampton Hill, Nr Devizes, Wiltshire (reported 2022-07-24)","date":"2022-07-24","datePrecision":"d","country":"United Kingdom","region":"Wiltshire","coordSource":"sp","source":"ccc"}},{"type":"Feature","geometry":{"type":"Point","coordinates":[-1.82355,51.35805]},"properties":{"id":"d23376256d3c","title":"Tawsmead Copse, nr West Stowell, Wiltshire (reported 2022-07-28)","date":"2022-07-28","datePrecision":"d","country":"United Kingdom","region":"Wiltshire","coordSource":"og","source":"ccc"}},{"type":"Feature","geometry":{"type":"Point","coordinates":[-1.95,51.32]},"properties":{"id":"173b27afdc57","title":"Woodborough Hill, Nr Alton Priors, Wiltshire (reported 2022-08-03)","date":"2022-08-03","datePrecision":"d","country":"United Kingdom","region":"Wiltshire","coordSource":"rc","source":"ccc"}},{"type":"Feature","geometry":{"type":"Point","coordinates":[-1.94811,51.34226]},"properties":{"id":"1914aa24ab85","title":"Etchilhampton Hill (2), Nr Devizes, Wiltshire (reported 2022-08-08)","date":"2022-08-08","datePrecision":"d","country":"United Kingdom","region":"Wiltshire","coordSource":"og","source":"ccc"}},{"type":"Feature","geometry":{"type":"Point","coordinates":[-1.85328,51.48314]},"properties":{"id":"873dfb4c5c1b","title":"Broad Hinton, nr Winterbourne Bassett. Wiltshire (reported 2023-05-28)","date":"2023-05-28","datePrecision":"d","country":"United Kingdom","region":"nr Winterbourne Bassett. Wiltshire","coordSource":"sp","source":"ccc"}},{"type":"Feature","geometry":{"type":"Point","coordinates":[-1.84108,51.47003]},"properties":{"id":"7a4522cee4a1","title":"Field Barn, Nr Winterbourne Bassett, Wiltshire (reported 2023-06-04)","date":"2023-06-04","datePrecision":"d","country":"United Kingdom","region":"Wiltshire","coordSource":"sp","source":"ccc"}},{"type":"Feature","geometry":{"type":"Point","coordinates":[-1.99811,51.33089]},"properties":{"id":"c1adb0f5cd9f","title":"Potterne Hill, Nr Devizes, Wiltshire (reported 2023-06-07)","date":"2023-06-07","datePrecision":"d","country":"United Kingdom","region":"Wiltshire","coordSource":"sp","source":"ccc"}},{"type":"Feature","geometry":{"type":"Point","coordinates":[-1.97242,51.39056]},"properties":{"id":"e02747383da3","title":"Roundway Down, Nr Devizes, Wiltshire (reported 2023-06-11)","date":"2023-06-11","datePrecision":"d","country":"United Kingdom","region":"Wiltshire","coordSource":"sp","source":"ccc"}},{"type":"Feature","geometry":{"type":"Point","coordinates":[-2.15164,51.18864]},"properties":{"id":"040c24f0c6d1","title":"Eastleigh Court, Nr Bishopstrow, Wiltshire (reported 2023-06-18)","date":"2023-06-18","datePrecision":"d","country":"United Kingdom","region":"Wiltshire","coordSource":"sp","source":"ccc"}},{"type":"Feature","geometry":{"type":"Point","coordinates":[-2.30042,51.69819]},"properties":{"id":"dbd8adba35a5","title":"Hetty Pegler's Tump Long Barrow, Nr Nympsfield, Gloucestershire (reported 2023-06-24)","date":"2023-06-24","datePrecision":"d","country":"United Kingdom","region":"Gloucestershire","coordSource":"sp","source":"ccc"}},{"type":"Feature","geometry":{"type":"Point","coordinates":[-1.24641,51.01811]},"properties":{"id":"b425e41081fb","title":"Allan King Way, Nr Owslebury, Hampshire (reported 2023-06-26)","date":"2023-06-26","datePrecision":"d","country":"United Kingdom","region":"Hampshire","coordSource":"sp","source":"ccc"}},{"type":"Feature","geometry":{"type":"Point","coordinates":[-1.25653,51.12658]},"properties":{"id":"830be5a33b97","title":"Chillandham Lane (1C), Nr Winchester, Hampshire (reported 2023-07-04)","date":"2023-07-04","datePrecision":"d","country":"United Kingdom","region":"Hampshire","coordSource":"sp","source":"ccc"}},{"type":"Feature","geometry":{"type":"Point","coordinates":[-1.25394,51.12461]},"properties":{"id":"701bbd227140","title":"Chillandham Lane (2S), Nr Winchester, Hampshire (reported 2023-07-04)","date":"2023-07-04","datePrecision":"d","country":"United Kingdom","region":"Hampshire","coordSource":"sp","source":"ccc"}},{"type":"Feature","geometry":{"type":"Point","coordinates":[-2.12481,51.19169]},"properties":{"id":"018ab1e4134c","title":"Norton Plantation, Nr Norton Bavant, Wiltshire (reported 2023-07-07)","date":"2023-07-07","datePrecision":"d","country":"United Kingdom","region":"Wiltshire","coordSource":"sp","source":"ccc"}},{"type":"Feature","geometry":{"type":"Point","coordinates":[-1.21956,51.0322]},"properties":{"id":"3529c3cde12c","title":"Lane End Down, Nr Beauworth, Hampshire (reported 2023-07-09)","date":"2023-07-09","datePrecision":"d","country":"United Kingdom","region":"Hampshire","coordSource":"sp","source":"ccc"}},{"type":"Feature","geometry":{"type":"Point","coordinates":[-1.36825,51.13125]},"properties":{"id":"9bbec5d1b3d4","title":"Barton Stacey Belt, Nr South Wonston, Hampshire (reported 2023-07-09)","date":"2023-07-09","datePrecision":"d","country":"United Kingdom","region":"Hampshire","coordSource":"sp","source":"ccc"}},{"type":"Feature","geometry":{"type":"Point","coordinates":[-2.17706,52.34075]},"properties":{"id":"48995f36fa18","title":"Cakebole Lane, Nr Rushock, Worcestershire (reported 2023-07-16)","date":"2023-07-16","datePrecision":"d","country":"United Kingdom","region":"Worcestershire","coordSource":"sp","source":"ccc"}},{"type":"Feature","geometry":{"type":"Point","coordinates":[-1.50406,51.23622]},"properties":{"id":"3b34a6742ea8","title":"Hatherden Lane, Nr Charlton, Hampshire (reported 2023-07-25)","date":"2023-07-25","datePrecision":"d","country":"United Kingdom","region":"Hampshire","coordSource":"sp","source":"ccc"}},{"type":"Feature","geometry":{"type":"Point","coordinates":[-1.09023,51.03511]},"properties":{"id":"afde21837848","title":"Kitt's Lane, Nr West Meon, Hampshire (reported 2023-07-30)","date":"2023-07-30","datePrecision":"d","country":"United Kingdom","region":"Hampshire","coordSource":"sp","source":"ccc"}},{"type":"Feature","geometry":{"type":"Point","coordinates":[-2.13141,51.26073]},"properties":{"id":"9f954fbfbfef","title":"Combe Hill, Nr Bratton, Wiltshire (reported 2023-07-30)","date":"2023-07-30","datePrecision":"d","country":"United Kingdom","region":"Wiltshire","coordSource":"og","source":"ccc"}},{"type":"Feature","geometry":{"type":"Point","coordinates":[-1.1395,51.16156]},"properties":{"id":"9bea70a9f118","title":"Preston Grange, Preston Candover, Hampshire (reported 2023-08-02)","date":"2023-08-02","datePrecision":"d","country":"United Kingdom","region":"Hampshire","coordSource":"sp","source":"ccc"}},{"type":"Feature","geometry":{"type":"Point","coordinates":[-1.59736,51.56819]},"properties":{"id":"58b6b4e69620","title":"Wayland's Smithy, Nr Ashbury, Oxfordshire (reported 2023-08-04)","date":"2023-08-04","datePrecision":"d","country":"United Kingdom","region":"Oxfordshire","coordSource":"sp","source":"ccc"}},{"type":"Feature","geometry":{"type":"Point","coordinates":[-2.22536,51.20414]},"properties":{"id":"dd4eb5a19f68","title":"Cley Hill, Nr Warminster, Wiltshire (reported 2023-08-10)","date":"2023-08-10","datePrecision":"d","country":"United Kingdom","region":"Wiltshire","coordSource":"sp","source":"ccc"}},{"type":"Feature","geometry":{"type":"Point","coordinates":[-1.98664,51.38311]},"properties":{"id":"85ea5ab11306","title":"Roundway Hill, Nr Devizes, Wiltshire (reported 2023-08-13)","date":"2023-08-13","datePrecision":"d","country":"United Kingdom","region":"Wiltshire","coordSource":"sp","source":"ccc"}},{"type":"Feature","geometry":{"type":"Point","coordinates":[-1.60097,51.35147]},"properties":{"id":"7c430bb602e9","title":"Wilton Windmill, Nr Wilton, Wiltshire (reported 2024-06-12)","date":"2024-06-12","datePrecision":"d","country":"United Kingdom","region":"Wiltshire","coordSource":"sp","source":"ccc"}},{"type":"Feature","geometry":{"type":"Point","coordinates":[-0.51577,52.17066]},"properties":{"id":"03eefe909637","title":"Oakley, Nr Clapham, Bedfordshire (reported 2024-06-30)","date":"2024-06-30","datePrecision":"d","country":"United Kingdom","region":"Bedfordshire","coordSource":"sp","source":"ccc"}},{"type":"Feature","geometry":{"type":"Point","coordinates":[-1.86266,51.18696]},"properties":{"id":"1a4127601c17","title":"Stonehenge Visitors Centre, Nr Stonehenge, Wiltshire (reported 2024-06-30)","date":"2024-06-30","datePrecision":"d","country":"United Kingdom","region":"Wiltshire","coordSource":"og","source":"ccc"}},{"type":"Feature","geometry":{"type":"Point","coordinates":[-1.8398,51.17032]},"properties":{"id":"4987359c8ad9","title":"Normanton Down Barrows, Nr Stonehenge, Wiltshire (reported 2024-07-14)","date":"2024-07-14","datePrecision":"d","country":"United Kingdom","region":"Wiltshire","coordSource":"sp","source":"ccc"}},{"type":"Feature","geometry":{"type":"Point","coordinates":[-1.58744,51.33649]},"properties":{"id":"7c5187f4a525","title":"Roman Road, Nr Marten, Wiltshire (reported 2024-07-23)","date":"2024-07-23","datePrecision":"d","country":"United Kingdom","region":"Wiltshire","coordSource":"sp","source":"ccc"}},{"type":"Feature","geometry":{"type":"Point","coordinates":[-1.30031,51.14401]},"properties":{"id":"f0f980c7c3c9","title":"Stoke Charity, Nr Sutton Scotney, Hampshire (reported 2024-07-28)","date":"2024-07-28","datePrecision":"d","country":"United Kingdom","region":"Hampshire","coordSource":"sp","source":"ccc"}},{"type":"Feature","geometry":{"type":"Point","coordinates":[-1.96237,51.34408]},"properties":{"id":"752147db7624","title":"Lion's Gate, Etchilhampton Hill, Nr Devizes, Wiltshire (reported 2024-08-29)","date":"2024-08-29","datePrecision":"d","country":"United Kingdom","region":"Wiltshire","coordSource":"sp","source":"ccc"}},{"type":"Feature","geometry":{"type":"Point","coordinates":[-2.15336,51.16836]},"properties":{"id":"33edd27653d3","title":"The Gallops, Nr Sutton Veny, Wiltshire (reported 2025-05-15)","date":"2025-05-15","datePrecision":"d","country":"United Kingdom","region":"Wiltshire","coordSource":"sp","source":"ccc"}},{"type":"Feature","geometry":{"type":"Point","coordinates":[-1.83534,51.42405]},"properties":{"id":"06a7b25ecc02","title":"Falkner's Circle, Nr Avebury, Wiltshire (reported 2025-06-08)","date":"2025-06-08","datePrecision":"d","country":"United Kingdom","region":"Wiltshire","coordSource":"sp","source":"ccc"}},{"type":"Feature","geometry":{"type":"Point","coordinates":[-1.82444,51.47306]},"properties":{"id":"3cdfea16ced5","title":"Hackpen Hill White Horse, nr Winterbourne Bassett, Wiltshire (reported 2025-06-22)","date":"2025-06-22","datePrecision":"d","country":"United Kingdom","region":"Wiltshire","coordSource":"sp","source":"ccc"}},{"type":"Feature","geometry":{"type":"Point","coordinates":[-2.95936,50.71878]},"properties":{"id":"aeedc634b5c7","title":"Ware Farm Manor, Nr Lyme Regis, Devon (reported 2025-06-28)","date":"2025-06-28","datePrecision":"d","country":"United Kingdom","region":"Devon","coordSource":"sp","source":"ccc"}},{"type":"Feature","geometry":{"type":"Point","coordinates":[-2.11412,50.98777]},"properties":{"id":"8a592d7fe261","title":"Beech Clump, Nr Ludwell, Wiltshire (reported 2025-07-12)","date":"2025-07-12","datePrecision":"d","country":"United Kingdom","region":"Wiltshire","coordSource":"sp","source":"ccc"}},{"type":"Feature","geometry":{"type":"Point","coordinates":[-1.84992,51.41961]},"properties":{"id":"15f949b0a321","title":"Waden Hill, Nr Avebury, Wiltshire (reported 2026-04-29)","date":"2026-04-29","datePrecision":"d","country":"United Kingdom","region":"Wiltshire","coordSource":"sp","source":"ccc"}},{"type":"Feature","geometry":{"type":"Point","coordinates":[-2.3594,51.1182]},"properties":{"id":"7a772afbca8b","title":"Jack's Castle Plantation, Nr Alfred's Tower,Wiltshire (reported 2026-05-08)","date":"2026-05-08","datePrecision":"d","country":"United Kingdom","region":"Wiltshire","coordSource":"sp","source":"ccc"}},{"type":"Feature","geometry":{"type":"Point","coordinates":[-2.28772,51.11796]},"properties":{"id":"7e946ae91f32","title":"White Sheet Downs, Nr Mere, Wiltshire (reported 2026-05-22)","date":"2026-05-22","datePrecision":"d","country":"United Kingdom","region":"Wiltshire","coordSource":"sp","source":"ccc"}},{"type":"Feature","geometry":{"type":"Point","coordinates":[-1.9215,51.1038]},"properties":{"id":"204dba7f443e","title":"First Broad Drive, Nr Wilton, Wiltshire (reported 2026-06-15)","date":"2026-06-15","datePrecision":"d","country":"United Kingdom","region":"Wiltshire","coordSource":"sp","source":"ccc"}},{"type":"Feature","geometry":{"type":"Point","coordinates":[-1.94798,51.34222]},"properties":{"id":"28e68e3ab6b5","title":"Etchilhampton Hill, Nr Devizes, Wiltshire (reported 2026-06-24)","date":"2026-06-24","datePrecision":"d","country":"United Kingdom","region":"Wiltshire","coordSource":"sp","source":"ccc"}},{"type":"Feature","geometry":{"type":"Point","coordinates":[-1.81549,51.48116]},"properties":{"id":"3f7d73cde8c4","title":"Walker's Plantation, Nr Hackpen Hill. Wiltshire (reported 2026-06-29)","date":"2026-06-29","datePrecision":"d","country":"United Kingdom","region":"Nr Hackpen Hill. Wiltshire","coordSource":"sp","source":"ccc"}},{"type":"Feature","geometry":{"type":"Point","coordinates":[-1.60272,51.53991]},"properties":{"id":"3be0a3fcd97a","title":"Alfred's Castle Settlement, Nr Bishopstone, Oxfordshire (reported 2026-07-03)","date":"2026-07-03","datePrecision":"d","country":"United Kingdom","region":"Oxfordshire","coordSource":"sp","source":"ccc"}},{"type":"Feature","geometry":{"type":"Point","coordinates":[-1.96187,51.34296]},"properties":{"id":"9e14487dded9","title":"Etchilhampton Hill, Nr Devizes, Wiltshire (reported 2026-07-04)","date":"2026-07-04","datePrecision":"d","country":"United Kingdom","region":"Wiltshire","coordSource":"sp","source":"ccc"}},{"type":"Feature","geometry":{"type":"Point","coordinates":[-2.30023,51.09561]},"properties":{"id":"262592da38e1","title":"Zeals Knoll, Nr Mere, Wiltshire (reported 2026-07-05)","date":"2026-07-05","datePrecision":"d","country":"United Kingdom","region":"Wiltshire","coordSource":"sp","source":"ccc"}},{"type":"Feature","geometry":{"type":"Point","coordinates":[-1.58084,51.3131]},"properties":{"id":"f50fc9ff05dd","title":"Maccoombe Down, Tidcombe, Wiltshire (reported 2026-07-07)","date":"2026-07-07","datePrecision":"d","country":"United Kingdom","region":"Wiltshire","coordSource":"sp","source":"ccc"}},{"type":"Feature","geometry":{"type":"Point","coordinates":[-1.98907,51.38133]},"properties":{"id":"51bb40c5a332","title":"Roundway Hill, Nr Devizes, Wiltshire (reported 2026-07-11)","date":"2026-07-11","datePrecision":"d","country":"United Kingdom","region":"Wiltshire","coordSource":"sp","source":"ccc"}},{"type":"Feature","geometry":{"type":"Point","coordinates":[-1.85017,51.37515]},"properties":{"id":"b37e11470ff2","title":"Milk Hill, Nr Alton Barnes, Wiltshire (reported 2026-07-12)","date":"2026-07-12","datePrecision":"d","country":"United Kingdom","region":"Wiltshire","coordSource":"sp","source":"ccc"}},{"type":"Feature","geometry":{"type":"Point","coordinates":[-1.85021,51.43092]},"properties":{"id":"7a26e7fa4e7d","title":"Stone Circle, Nr Avebury, Wiltshire (reported 2026-07-14)","date":"2026-07-14","datePrecision":"d","country":"United Kingdom","region":"Wiltshire","coordSource":"sp","source":"ccc"}},{"type":"Feature","geometry":{"type":"Point","coordinates":[-1.59787,51.56172]},"properties":{"id":"01c989db5edb","title":"Odstone Barn, Nr Wayland Smithy, Oxfordshire (reported 2026-07-16)","date":"2026-07-16","datePrecision":"d","country":"United Kingdom","region":"Oxfordshire","coordSource":"sp","source":"ccc"}},{"type":"Feature","geometry":{"type":"Point","coordinates":[-1.98684,51.38175]},"properties":{"id":"b53f892ce910","title":"Roundway Hill (2), Nr Devizes, Wiltshire (reported 2026-07-18)","date":"2026-07-18","datePrecision":"d","country":"United Kingdom","region":"Wiltshire","coordSource":"sp","source":"ccc"}},{"type":"Feature","geometry":{"type":"Point","coordinates":[-1.67226,51.5257]},"properties":{"id":"8f2c01ca99d5","title":"Wanborough Plain, Nr Liddington, Wiltshire (reported 2026-07-21)","date":"2026-07-21","datePrecision":"d","country":"United Kingdom","region":"Wiltshire","coordSource":"sp","source":"ccc"}},{"type":"Feature","geometry":{"type":"Point","coordinates":[-1.82819,51.35704]},"properties":{"id":"33f2e7f70063","datePrecision":"u","country":"United Kingdom","coordSource":"og","source":"cca"}},{"type":"Feature","geometry":{"type":"Point","coordinates":[-1.85228,51.37002]},"properties":{"id":"e6dbb5e5d9e0","datePrecision":"u","country":"United Kingdom","coordSource":"og","source":"cca"}},{"type":"Feature","geometry":{"type":"Point","coordinates":[-82.79,40.29]},"properties":{"id":"38de185f8f65","title":"Sugar Creek Township, Near Elida, Ohio, USA","datePrecision":"u","country":"United States","region":"Ohio","coordSource":"rc","source":"cca"}},{"type":"Feature","geometry":{"type":"Point","coordinates":[-106,54]},"properties":{"id":"5af1d6f06d51","title":"A Crop Circle at Raymore, Saskatchewan, Canada","datePrecision":"u","country":"Canada","region":"Saskatchewan","coordSource":"rc","source":"cca"}},{"type":"Feature","geometry":{"type":"Point","coordinates":[3.85,51.49]},"properties":{"id":"7549463dcdc5","title":"Nieuwerkerk/Dreischor, on the isle of Schouwen Duiveland, Zeeland, Netherlands","datePrecision":"u","country":"Netherlands","region":"Zeeland","coordSource":"rc","source":"cca"}},{"type":"Feature","geometry":{"type":"Point","coordinates":[-85,50]},"properties":{"id":"d6da71ec4924","title":"Lowville, Ontario, Canada","datePrecision":"u","country":"Canada","region":"Ontario","coordSource":"rc","source":"cca"}},{"type":"Feature","geometry":{"type":"Point","coordinates":[-63.13,46.25]},"properties":{"id":"b9e41208156a","title":"Tryon, Prince Edward Island, Canada","datePrecision":"u","country":"Canada","region":"Prince Edward Island","coordSource":"rc","source":"cca"}},{"type":"Feature","geometry":{"type":"Point","coordinates":[-106,54]},"properties":{"id":"6d3b5f13674a","title":"Midale, Saskatchewan, Canada","datePrecision":"u","country":"Canada","region":"Saskatchewan","coordSource":"rc","source":"cca"}},{"type":"Feature","geometry":{"type":"Point","coordinates":[-125.5,54.5]},"properties":{"id":"100fe6e159c0","title":"Vanderhoof, British Columbia, Canada","datePrecision":"u","country":"Canada","region":"British Columbia","coordSource":"rc","source":"cca"}},{"type":"Feature","geometry":{"type":"Point","coordinates":[-106,54]},"properties":{"id":"d21f94b4a4ee","title":"Esterhazy, Saskatchewan, Canada","datePrecision":"u","country":"Canada","region":"Saskatchewan","coordSource":"rc","source":"cca"}},{"type":"Feature","geometry":{"type":"Point","coordinates":[-106,54]},"properties":{"id":"f9ddc4a63ef8","title":"Conquest, Saskatchewan, Canada","datePrecision":"u","country":"Canada","region":"Saskatchewan","coordSource":"rc","source":"cca"}},{"type":"Feature","geometry":{"type":"Point","coordinates":[-82.79,40.29]},"properties":{"id":"316c1e95beef","title":"Latty Township (near Paulding), Ohio, USA","datePrecision":"u","country":"United States","region":"Ohio","coordSource":"rc","source":"cca"}},{"type":"Feature","geometry":{"type":"Point","coordinates":[-106,54]},"properties":{"id":"dbaf042a1735","title":"Viscount, Saskatchewan, Canada","datePrecision":"u","country":"Canada","region":"Saskatchewan","coordSource":"rc","source":"cca"}},{"type":"Feature","geometry":{"type":"Point","coordinates":[-115,55]},"properties":{"id":"4a0ff7991ad2","title":"Edmonton, Alberta, Canada","datePrecision":"u","country":"Canada","region":"Alberta","coordSource":"rc","source":"cca"}},{"type":"Feature","geometry":{"type":"Point","coordinates":[-106,54]},"properties":{"id":"7c5cf0d9ffde","title":"Midale (5), Saskatchewan, Canada","datePrecision":"u","country":"Canada","region":"Saskatchewan","coordSource":"rc","source":"cca"}},{"type":"Feature","geometry":{"type":"Point","coordinates":[-115,55]},"properties":{"id":"121aaa29f8ac","title":"Edmonton, Alberta, Canada","datePrecision":"u","country":"Canada","region":"Alberta","coordSource":"rc","source":"cca"}},{"type":"Feature","geometry":{"type":"Point","coordinates":[-106,54]},"properties":{"id":"74c43f627a48","title":"Weyburn, Saskatchewan, Canada","datePrecision":"u","country":"Canada","region":"Saskatchewan","coordSource":"rc","source":"cca"}},{"type":"Feature","geometry":{"type":"Point","coordinates":[-106,54]},"properties":{"id":"5c88dcb4ab12","title":"Weyburn, Saskatchewan, Canada","datePrecision":"u","country":"Canada","region":"Saskatchewan","coordSource":"rc","source":"cca"}},{"type":"Feature","geometry":{"type":"Point","coordinates":[-106,54]},"properties":{"id":"505ad59f3dfa","title":"Conquest, Saskatchewan, Canada","datePrecision":"u","country":"Canada","region":"Saskatchewan","coordSource":"rc","source":"cca"}},{"type":"Feature","geometry":{"type":"Point","coordinates":[-63.13,46.25]},"properties":{"id":"5a5a446f81ec","title":"Christopher Cross, near Tignish, Prince Edward Island, Canada","datePrecision":"u","country":"Canada","region":"Prince Edward Island","coordSource":"rc","source":"cca"}},{"type":"Feature","geometry":{"type":"Point","coordinates":[-106,54]},"properties":{"id":"0cd94cb564c2","title":"Neilburg, nr Saskatoon, Saskatchewan, Canada","datePrecision":"u","country":"Canada","region":"Saskatchewan","coordSource":"rc","source":"cca"}},{"type":"Feature","geometry":{"type":"Point","coordinates":[-115,55]},"properties":{"id":"420cbe9b879e","title":"Ardmore, Alberta, Canada","datePrecision":"u","country":"Canada","region":"Alberta","coordSource":"rc","source":"cca"}},{"type":"Feature","geometry":{"type":"Point","coordinates":[-125.5,54.5]},"properties":{"id":"ad8b080b1ae2","title":"Dease Lake, British Columbia, Canada","datePrecision":"u","country":"Canada","region":"British Columbia","coordSource":"rc","source":"cca"}},{"type":"Feature","geometry":{"type":"Point","coordinates":[-106,54]},"properties":{"id":"796bcc02f949","title":"Alameda, Saskatchewan, Canada","datePrecision":"u","country":"Canada","region":"Saskatchewan","coordSource":"rc","source":"cca"}},{"type":"Feature","geometry":{"type":"Point","coordinates":[-70,53]},"properties":{"id":"5660aefc085d","title":"Montebello, Quebec, Canada","datePrecision":"u","country":"Canada","region":"Quebec","coordSource":"rc","source":"cca"}},{"type":"Feature","geometry":{"type":"Point","coordinates":[5.94,52.06]},"properties":{"id":"b686dd13f82d","title":"Zeddamse Weg, nr Kilder, Gelderland, Netherlands","datePrecision":"u","country":"Netherlands","region":"Gelderland","coordSource":"rc","source":"cca"}},{"type":"Feature","geometry":{"type":"Point","coordinates":[-120.45,47.38]},"properties":{"id":"2b8c35f8cd04","title":"Walla Walla, Washington State, USA","datePrecision":"u","country":"United States","region":"Washington State","coordSource":"rc","source":"cca"}},{"type":"Feature","geometry":{"type":"Point","coordinates":[5.94,51.21]},"properties":{"id":"c1abae419f71","title":"Sevenum, Limburg, Holland","datePrecision":"u","country":"Netherlands","region":"Limburg","coordSource":"rc","source":"cca"}}]}